Id_Venta,Nombre,Apellido,Edad,Sexo,Ciudad,Marca,Modelo,Tipo_Moto,Cilindraje_cc,Color,Año_Fabricacion,Kilometraje,Precio_Lista,Descuento_Pct,Precio_Final,Forma_Pago,Sucursal,Vendedor,Uso_Moto,Accesorios,Estado_Venta,Satisfaccion_1_5,Año_Venta,Mes_Venta
1,Juan,Martinez,56.0,Masculino,Puebla,BMW,F750GS,Naked,250,Plateado,2019,794.6,5441.88,0,5441.88,Leasing,Monterrey Norte,Vendedora Silva,Mensajeria,Protecciones,Devuelta,3.0,2025,5
2,Elena,Moreno,56.0,Femenino,Leon,Royal Enfield,Himalayan,Deportiva,125,Negro,2024,3887.0,4810.97,0,4810.97,Credito 36 meses,Monterrey Sur,Vendedora Vargas,Mixto,Kit completo,Vendida,2.0,2024,5
3,Ana,Rodriguez,53.0,Femenino,Puebla,Royal Enfield,Meteor 350,Trail,400,Gris,2023,17614.3,8051.04,0,8051.04,Contado,CDMX Reforma,Vendedora Torres,Trabajo de campo,Kit completo,Vendida,5.0,2022,8
4,Daniela,Jimenez,61.0,Femenino,Puebla,Suzuki,V-Strom 650,Naked,390,Amarillo,2019,4278.5,9226.11,0,9226.11,Credito 36 meses,CDMX Sur,Vendedora Silva,Mensajeria,Kit completo,En garantia,1.0,2025,1
5,Francisco,Morales,29.0,Masculino,Tijuana,Honda,XR150L,Custom,400,Amarillo,2023,,10091.6,0,10091.6,Credito 12 meses,CDMX Sur,Vendedor Mendoza,Deportivo,Protecciones,Vendida,1.0,2022,11
6,Silvia,Rodriguez,59.0,Femenino,Guadalajara,Bajaj,Avenger 220,Naked,390,Blanco,2025,0.0,9329.45,0,9329.45,Credito 36 meses,Cancun,Vendedora Torres,Trabajo de campo,Ninguno,Vendida,5.0,2023,3
7,Claudia,Torres,61.0,Femenino,Tijuana,BMW,C400X,Naked,125,Amarillo,2022,8504.4,4545.96,0,4545.96,Contado,CDMX Sur,Vendedor Mendoza,Coleccion,Casco + Guantes,Vendida,4.0,2022,3
8,Claudia,Hernandez,24.0,Femenino,Leon,Kawasaki,Z400,Trail,390,Gris,2018,12215.1,15049.24,5,14296.78,Credito 12 meses,Monterrey Norte,Vendedora Silva,Coleccion,Casco + Guantes,Vendida,2.0,2025,12
9,Andres,Ruiz,31.0,Masculino,Hermosillo,Yamaha,Fazer 250,Scooter,200,Azul,2020,0.0,4293.31,2,4207.45,Leasing,CDMX Reforma,Vendedor Castillo,Trabajo de campo,Protecciones,Devuelta,4.0,2022,4
10,Andrea,Sanchez,45.0,Femenino,Monterrey,Royal Enfield,Meteor 350,Deportiva,250,Rojo,2018,5752.9,6016.71,0,6016.71,Credito 12 meses,Monterrey Sur,Vendedor Lopez,Mixto,Kit completo,Vendida,2.0,2024,3
11,Diego,Ortiz,31.0,Masculino,Cancun,Kawasaki,Versys 300,Naked,1000,Amarillo,2020,22059.6,31106.19,5,29550.88,Credito 36 meses,CDMX Reforma,Vendedora Torres,Transporte diario,Protecciones,Vendida,3.0,2025,6
12,Daniela,Jimenez,59.0,Femenino,Leon,Bajaj,Avenger 220,Trail,500,Negro,2019,0.0,20661.8,0,20661.8,Credito 12 meses,CDMX Reforma,Vendedora Silva,Coleccion,Ninguno,Vendida,1.0,2025,12
13,Javier,Hernandez,51.0,Masculino,Monterrey,Suzuki,V-Strom 650,Custom,500,Plateado,2025,21399.2,12372.39,0,12372.39,Contado,Monterrey Sur,Vendedora Silva,Deportivo,Ninguno,Vendida,5.0,2024,8
14,Paula,Romero,31.0,Femenino,Cancun,Kawasaki,W175,Touring,125,Naranja,2024,0.0,2805.65,0,2805.65,Leasing,Leon,Vendedor Mendoza,Deportivo,Kit completo,Vendida,1.0,2023,2
15,Carlos,Gonzalez,64.0,Masculino,Monterrey,Honda,Africa Twin,Enduro,390,Negro,2025,21318.0,7621.95,5,7240.85,Credito 12 meses,Monterrey Sur,Vendedora Torres,Mensajeria,Casco + Maletas,Devuelta,4.0,2023,12
16,Ricardo,Reyes,62.0,Masculino,Leon,Yamaha,Fazer 250,Touring,250,Azul,2019,14591.8,8407.7,0,8407.7,Credito 24 meses,CDMX Reforma,Vendedor Castillo,Trabajo de campo,Solo Casco,Vendida,5.0,2022,7
17,Andrea,Perez,26.0,Femenino,Merida,KTM,Duke 200,Touring,125,Blanco,2019,0.0,3796.71,5,3606.88,Credito 24 meses,Monterrey Sur,Vendedora Silva,Turismo,Kit completo,Devuelta,3.0,2022,11
18,Sergio,Mendoza,34.0,Masculino,Ciudad de Mexico,BMW,C400X,Touring,1000,Negro,2022,,32281.4,8,29698.89,Contado,Tijuana,Vendedor Mendoza,Turismo,Kit completo,Vendida,5.0,2024,10
19,Alejandro,Diaz,56.0,Masculino,Queretaro,Kawasaki,Versys 300,Deportiva,650,Rojo,2018,0.0,20273.73,10,18246.36,Credito 24 meses,Guadalajara,Vendedor Castillo,Deportivo,Protecciones,Vendida,5.0,2025,12
20,Monica,Ortiz,51.0,Femenino,Merida,Bajaj,Pulsar NS200,Naked,150,Naranja,2020,20864.9,3004.74,8,2764.36,Credito 12 meses,Monterrey Norte,Vendedor Castillo,Turismo,Casco + Maletas,Vendida,4.0,2024,5
21,Fernando,Silva,52.0,Masculino,Puebla,Kawasaki,Z400,Trail,1000,Blanco,2024,18736.9,20775.43,10,18697.89,Credito 12 meses,Queretaro,Vendedor Lopez,Deportivo,Protecciones,Vendida,3.0,2024,3
22,Fernanda,Sanchez,54.0,Femenino,Puebla,Kawasaki,Versys 300,Trail,200,Amarillo,2024,21464.8,7851.82,0,7851.82,Credito 24 meses,CDMX Sur,Vendedora Silva,Deportivo,Casco + Guantes,Cancelada,,2024,7
23,Ricardo,Alvarez,31.0,Masculino,Merida,KTM,RC 390,Touring,150,Rojo,2023,9992.0,6615.9,0,6615.9,Contado,CDMX Sur,Vendedor Mendoza,Coleccion,Kit completo,Vendida,4.0,2024,10
24,Miguel,Ramirez,30.0,Masculino,Monterrey,Bajaj,Dominar 400,Custom,1250,Naranja,2019,14414.7,49041.95,2,48061.11,Contado,Tijuana,Vendedora Silva,Turismo,Ninguno,Vendida,5.0,2024,4
25,Alejandro,Castillo,47.0,Masculino,Queretaro,KTM,Duke 200,Enduro,1250,Blanco,2022,8154.6,52876.58,5,50232.75,Credito 12 meses,Queretaro,Vendedor Ortiz,Mensajeria,Protecciones,Vendida,4.0,2024,4
26,Eduardo,Romero,30.0,Masculino,Hermosillo,BMW,R1250GS,Enduro,650,Verde,2022,0.0,26331.88,0,26331.88,Credito 36 meses,Leon,Vendedora Reyes,Mensajeria,Solo Casco,Vendida,3.0,2023,2
27,Patricia,Moreno,59.0,Femenino,Puebla,Yamaha,R3,Custom,650,Gris,2023,0.0,23350.63,5,22183.1,Credito 12 meses,CDMX Reforma,Vendedor Mendoza,Transporte diario,Casco + Guantes,Devuelta,4.0,2025,12
28,Andres,Gomez,61.0,Masculino,Puebla,Yamaha,NMAX 155,Naked,400,Rojo,2021,9599.5,16770.28,5,15931.76,Contado,Queretaro,Vendedora Silva,Deportivo,Casco + Maletas,Vendida,5.0,2024,10
29,Ana,Chavez,45.0,Femenino,Merida,Kawasaki,Ninja 300,Scooter,500,Plateado,2023,22285.6,10800.08,2,10584.08,Credito 36 meses,Guadalajara,Vendedora Reyes,Trabajo de campo,Kit completo,Vendida,5.0,2023,11
30,Manuel,Flores,30.0,Masculino,Leon,Royal Enfield,Classic 350,Enduro,300,Negro,2022,0.0,8962.97,8,8245.93,Credito 12 meses,Guadalajara,Vendedora Silva,Trabajo de campo,Protecciones,En garantia,1.0,2024,9
31,Antonio,Alvarez,54.0,Masculino,Tijuana,Yamaha,NMAX 155,Scooter,400,Rojo,2024,0.0,10773.52,2,10558.05,Leasing,Queretaro,Vendedora Reyes,Transporte diario,Kit completo,Vendida,3.0,2023,11
32,Camila,Flores,49.0,Femenino,Tijuana,Bajaj,Pulsar RS200,Custom,500,Blanco,2025,0.0,11962.19,2,11722.95,Credito 36 meses,Guadalajara,Vendedor Lopez,Trabajo de campo,Maletas,Vendida,5.0,2023,1
33,Luis,Flores,29.0,Masculino,Tijuana,Bajaj,Pulsar RS200,Touring,500,Naranja,2024,11367.5,11453.34,0,11453.34,Credito 24 meses,Monterrey Sur,Vendedora Reyes,Transporte diario,Protecciones,Vendida,4.0,2023,1
34,Fernando,Garcia,,Masculino,Hermosillo,Kawasaki,Ninja 300,Naked,1000,Azul,2021,0.0,19086.97,0,19086.97,Credito 12 meses,Leon,Vendedora Torres,Coleccion,Solo Casco,Vendida,5.0,2024,7
35,Sofia,Torres,54.0,Femenino,Guadalajara,KTM,Duke 390,Enduro,750,Rojo,2019,4094.1,25796.76,8,23733.02,Credito 24 meses,Cancun,Vendedor Ortiz,Trabajo de campo,Protecciones,Vendida,4.0,2024,5
36,Luis,Rodriguez,,Masculino,Leon,Kawasaki,Ninja 300,Enduro,1250,Naranja,2019,14148.3,48571.23,10,43714.11,Credito 24 meses,Monterrey Sur,Vendedora Vargas,Transporte diario,Casco + Maletas,Vendida,4.0,2024,7
37,Paula,Jimenez,28.0,Femenino,Merida,Yamaha,NMAX 155,Custom,390,Gris,2025,10887.2,13712.71,10,12341.44,Leasing,Tijuana,Vendedora Reyes,Trabajo de campo,Ninguno,Vendida,3.0,2025,5
38,Gabriela,Flores,51.0,Femenino,Monterrey,Kawasaki,Ninja 300,Scooter,300,Verde,2025,16704.7,12541.21,0,12541.21,Credito 12 meses,Leon,Vendedora Silva,Turismo,Casco + Maletas,Vendida,4.0,2022,1
39,Gabriela,Sanchez,26.0,Femenino,Tijuana,BMW,C400X,Scooter,1250,Plateado,2018,4776.4,52203.62,5,49593.44,Credito 12 meses,Leon,Vendedora Reyes,Trabajo de campo,Casco + Maletas,Vendida,3.0,2022,4
40,Luis,Diaz,53.0,Masculino,Merida,BMW,F750GS,Touring,400,Verde,2023,,14671.3,0,14671.3,Credito 36 meses,CDMX Sur,Vendedor Castillo,Turismo,Solo Casco,Vendida,4.0,2023,7
41,Antonio,Jimenez,58.0,Masculino,Cancun,KTM,Duke 200,Touring,1250,Plateado,2020,0.0,40585.41,10,36526.87,Leasing,CDMX Sur,Vendedora Torres,Mixto,Solo Casco,Vendida,4.0,2025,1
42,Elena,Rodriguez,28.0,Femenino,Merida,KTM,Duke 390,Touring,300,Blanco,2020,0.0,5514.6,5,5238.87,Credito 36 meses,Monterrey Sur,Vendedor Lopez,Coleccion,Kit completo,Vendida,2.0,2025,10
43,Paula,Martinez,52.0,Femenino,Tijuana,Royal Enfield,Himalayan,Scooter,200,Negro,2025,0.0,8813.69,0,8813.69,Leasing,Monterrey Norte,Vendedor Mendoza,Deportivo,Casco + Maletas,Vendida,3.0,2025,4
44,Laura,Silva,19.0,Femenino,Cancun,Kawasaki,Ninja 300,Touring,650,Naranja,2021,9509.5,25115.98,5,23860.18,Credito 24 meses,Cancun,Vendedor Lopez,Coleccion,Protecciones,Cancelada,5.0,2024,11
45,Antonio,Diaz,26.0,Masculino,Cancun,Kawasaki,Versys 300,Custom,1000,Amarillo,2020,3913.3,20192.06,0,20192.06,Credito 24 meses,Monterrey Norte,Vendedora Silva,Turismo,Protecciones,Vendida,5.0,2025,4
46,Andrea,Ramos,41.0,Femenino,Ciudad de Mexico,Yamaha,XTZ 250,Touring,250,Blanco,2021,13614.1,10736.4,10,9662.76,Contado,Monterrey Norte,Vendedor Mendoza,Mixto,Kit completo,Vendida,5.0,2025,1
47,Andrea,Martinez,25.0,Femenino,Hermosillo,Yamaha,NMAX 155,Deportiva,1250,Naranja,2022,12344.9,32763.08,2,32107.82,Credito 24 meses,Cancun,Vendedor Castillo,Transporte diario,Casco + Guantes,Devuelta,5.0,2024,9
48,Alberto,Silva,52.0,Masculino,Queretaro,Honda,Africa Twin,Naked,300,Naranja,2020,16287.7,10067.6,10,9060.84,Credito 36 meses,Monterrey Sur,Vendedora Reyes,Turismo,Ninguno,Cancelada,3.0,2023,2
49,Gabriela,Moreno,52.0,Femenino,Merida,Yamaha,MT-03,Deportiva,390,Amarillo,2022,10011.3,11354.62,2,11127.53,Contado,Puebla,Vendedor Castillo,Turismo,Casco + Guantes,Vendida,3.0,2024,1
50,Claudia,Morales,31.0,Femenino,Cancun,Honda,Africa Twin,Trail,650,Rojo,2021,15565.8,19807.68,0,19807.68,Credito 12 meses,CDMX Sur,Vendedor Mendoza,Turismo,Ninguno,Vendida,5.0,2024,7
51,Carmen,Diaz,20.0,Femenino,Guadalajara,Honda,Africa Twin,Naked,750,Negro,2020,341.9,29686.1,8,27311.21,Credito 36 meses,Monterrey Sur,Vendedor Mendoza,Trabajo de campo,Protecciones,Vendida,4.0,2022,3
52,Claudia,Silva,39.0,Femenino,Hermosillo,BMW,R1250GS,Enduro,500,Blanco,2025,9589.7,22233.3,0,22233.3,Contado,CDMX Sur,Vendedor Ortiz,Turismo,Casco + Maletas,Vendida,3.0,2025,3
53,Maria,Morales,25.0,Femenino,Leon,BMW,S1000R,Touring,750,Plateado,2025,11163.7,25243.45,8,23223.97,Leasing,Queretaro,Vendedora Reyes,Turismo,Casco + Maletas,Vendida,5.0,2024,12
54,Francisco,Gomez,64.0,Masculino,Ciudad de Mexico,Bajaj,Pulsar RS200,Scooter,400,Rojo,2025,20285.2,7671.39,8,7057.68,Credito 12 meses,Tijuana,Vendedora Vargas,Mixto,Casco + Guantes,Vendida,3.0,2024,3
55,Carmen,Romero,21.0,Femenino,Queretaro,Royal Enfield,Meteor 350,Touring,1250,Naranja,2020,0.0,27365.25,10,24628.72,Contado,Puebla,Vendedor Ortiz,Turismo,Protecciones,Vendida,4.0,2023,12
56,Monica,Diaz,47.0,Femenino,Guadalajara,Honda,CB500F,Trail,150,Negro,2022,18669.2,3650.82,8,3358.75,Credito 36 meses,Guadalajara,Vendedor Castillo,Transporte diario,Casco + Guantes,Cancelada,5.0,2023,9
57,Ana,Gonzalez,54.0,Femenino,Ciudad de Mexico,BMW,S1000R,Deportiva,390,Naranja,2024,19813.0,11555.13,0,11555.13,Leasing,CDMX Reforma,Vendedora Reyes,Coleccion,Solo Casco,En garantia,4.0,2025,3
58,Sergio,Gonzalez,50.0,Masculino,Guadalajara,BMW,R1250GS,Scooter,300,Verde,2025,16940.3,10801.41,10,9721.27,Leasing,CDMX Sur,Vendedor Ortiz,Mensajeria,Kit completo,Vendida,4.0,2023,1
59,Valentina,Torres,20.0,Femenino,Monterrey,Kawasaki,W175,Trail,500,Naranja,2023,24817.3,10439.82,2,10231.02,Credito 24 meses,Monterrey Norte,Vendedor Lopez,Coleccion,Protecciones,Vendida,4.0,2025,10
60,Valentina,Vargas,20.0,Femenino,Ciudad de Mexico,Kawasaki,KLX150,Custom,390,Negro,2022,18023.2,9326.12,0,9326.12,Contado,CDMX Sur,Vendedora Reyes,Transporte diario,Maletas,Vendida,2.0,2024,6
61,Isabel,Gutierrez,40.0,Femenino,Leon,Yamaha,R3,Enduro,390,Plateado,2021,0.0,14890.97,0,14890.97,Credito 24 meses,Guadalajara,Vendedor Castillo,Mixto,Ninguno,Vendida,4.0,2025,1
62,Gabriela,Rivera,57.0,Femenino,Guadalajara,Yamaha,NMAX 155,Trail,150,Naranja,2024,20114.7,3270.07,0,3270.07,Contado,CDMX Sur,Vendedora Torres,Trabajo de campo,Kit completo,Vendida,5.0,2023,10
63,Silvia,Flores,43.0,Femenino,Hermosillo,Bajaj,Dominar 400,Naked,150,Negro,2018,23579.2,5433.09,2,5324.43,Credito 36 meses,CDMX Sur,Vendedor Ortiz,Transporte diario,Solo Casco,Devuelta,5.0,2025,10
64,Carlos,Jimenez,24.0,Masculino,Merida,BMW,R1250GS,Scooter,150,Blanco,2020,9275.3,3093.63,5,2938.95,Credito 36 meses,Monterrey Sur,Vendedora Reyes,Coleccion,Ninguno,Vendida,5.0,2024,12
65,Ana,Vargas,40.0,Femenino,Leon,KTM,Duke 390,Enduro,500,Verde,2023,0.0,15003.39,0,15003.39,Contado,Queretaro,Vendedor Castillo,Deportivo,Casco + Guantes,Vendida,4.0,2024,6
66,Laura,Perez,42.0,Femenino,Guadalajara,Kawasaki,KLX150,Trail,125,Plateado,2021,19674.5,2420.7,0,2420.7,Credito 12 meses,Cancun,Vendedora Silva,Mixto,Casco + Maletas,Vendida,5.0,2025,10
67,Alejandro,Hernandez,39.0,Masculino,Monterrey,Suzuki,GN125,Naked,125,Rojo,2020,19962.8,3185.8,0,3185.8,Credito 24 meses,CDMX Reforma,Vendedora Vargas,Transporte diario,Solo Casco,Vendida,1.0,2023,11
68,Ana,Ortiz,54.0,Femenino,Guadalajara,Suzuki,Intruder 150,Scooter,650,Plateado,2025,9051.0,13694.55,0,13694.55,Credito 12 meses,Cancun,Vendedor Lopez,Mensajeria,Casco + Maletas,Vendida,5.0,2023,5
69,Andrea,Martinez,56.0,Femenino,Guadalajara,Honda,CB190R,Touring,500,Blanco,2019,22742.5,20438.53,2,20029.76,Contado,Guadalajara,Vendedor Castillo,Coleccion,Protecciones,Vendida,2.0,2024,3
70,Camila,Moreno,57.0,Femenino,Merida,BMW,R1250GS,Custom,650,Azul,2019,16272.9,22325.24,0,22325.24,Credito 36 meses,Leon,Vendedora Silva,Trabajo de campo,Kit completo,Vendida,5.0,2024,3
71,Camila,Silva,34.0,Femenino,Cancun,Bajaj,Pulsar NS200,Deportiva,390,Negro,2022,3816.0,11513.82,8,10592.72,Contado,Monterrey Sur,Vendedor Ortiz,Transporte diario,Protecciones,Vendida,4.0,2024,10
72,Isabel,Moreno,54.0,Femenino,Tijuana,Honda,CB500F,Trail,650,Rojo,2019,21840.2,21557.54,8,19832.94,Credito 24 meses,Cancun,Vendedor Castillo,Turismo,Casco + Guantes,Vendida,2.0,2024,12
73,Jose,Ramirez,18.0,Masculino,Hermosillo,Royal Enfield,Classic 350,Naked,150,Naranja,2023,0.0,4117.96,5,3912.06,Leasing,Cancun,Vendedor Lopez,Coleccion,Protecciones,Vendida,3.0,2023,6
74,Maria,Ruiz,42.0,Femenino,Ciudad de Mexico,Suzuki,V-Strom 650,Enduro,1250,Naranja,2023,0.0,48231.32,0,48231.32,Contado,Guadalajara,Vendedor Lopez,Transporte diario,Protecciones,Vendida,3.0,2025,7
75,Ricardo,Martinez,22.0,Masculino,Monterrey,Bajaj,Avenger 220,Naked,390,Blanco,2023,,8677.52,0,8677.52,Leasing,Monterrey Norte,Vendedora Torres,Turismo,Ninguno,Vendida,4.0,2023,3
76,Paula,Vargas,54.0,Femenino,Hermosillo,Royal Enfield,Thunderbird 350,Scooter,300,Plateado,2019,2772.2,7146.11,5,6788.8,Credito 24 meses,Monterrey Norte,Vendedora Silva,Trabajo de campo,Maletas,Vendida,4.0,2022,1
77,Juan,Hernandez,47.0,Masculino,Monterrey,Kawasaki,Versys 300,Scooter,250,Naranja,2022,0.0,9679.61,10,8711.65,Credito 12 meses,Guadalajara,Vendedor Ortiz,Coleccion,Protecciones,En garantia,5.0,2024,10
78,Diego,Silva,43.0,Masculino,Guadalajara,KTM,Duke 200,Trail,400,Verde,2024,0.0,16507.06,0,16507.06,Leasing,Queretaro,Vendedor Ortiz,Mensajeria,Protecciones,Vendida,4.0,2023,5
79,Valentina,Martinez,40.0,Femenino,Tijuana,Yamaha,NMAX 155,Trail,125,Negro,2025,22994.2,5510.92,0,5510.92,Credito 12 meses,Queretaro,Vendedor Ortiz,Coleccion,Casco + Guantes,Vendida,5.0,2025,4
80,Valentina,Moreno,48.0,Femenino,Leon,KTM,Duke 390,Touring,390,Blanco,2019,4847.6,15224.11,0,15224.11,Credito 12 meses,Monterrey Sur,Vendedor Mendoza,Turismo,Solo Casco,Vendida,5.0,2024,8
81,Eduardo,Ortiz,22.0,Masculino,Cancun,Suzuki,Gixxer 250,Custom,200,Verde,2025,14093.4,8736.98,8,8038.02,Credito 24 meses,Guadalajara,Vendedora Reyes,Transporte diario,Ninguno,Vendida,4.0,2025,2
82,Valentina,Rivera,45.0,Femenino,Queretaro,BMW,C400X,Deportiva,125,Negro,2022,940.2,3437.81,0,3437.81,Leasing,Cancun,Vendedor Ortiz,Trabajo de campo,Maletas,Vendida,5.0,2024,2
83,Sergio,Alvarez,52.0,Masculino,Leon,Kawasaki,Versys 300,Custom,750,Negro,2018,20274.2,23131.49,0,23131.49,Leasing,Guadalajara,Vendedor Lopez,Deportivo,Protecciones,Vendida,4.0,2024,5
84,Andrea,Rodriguez,29.0,Femenino,Leon,Suzuki,V-Strom 650,Deportiva,390,Verde,2024,16972.4,16685.87,2,16352.16,Contado,Tijuana,Vendedor Ortiz,Turismo,Kit completo,Vendida,5.0,2025,12
85,Alejandro,Gomez,46.0,Masculino,Ciudad de Mexico,Yamaha,Fazer 250,Enduro,1000,Negro,2022,17462.0,21818.57,0,21818.57,Credito 24 meses,Tijuana,Vendedor Ortiz,Mensajeria,Casco + Maletas,Vendida,2.0,2022,3
86,Isabel,Perez,52.0,Femenino,Leon,Yamaha,XTZ 250,Trail,1000,Amarillo,2018,4506.6,29431.97,0,29431.97,Credito 12 meses,CDMX Reforma,Vendedor Mendoza,Deportivo,Casco + Guantes,Vendida,5.0,2023,10
87,Carmen,Gonzalez,43.0,Femenino,Hermosillo,Honda,Africa Twin,Trail,390,Blanco,2020,3856.3,16248.42,5,15436.0,Credito 36 meses,Monterrey Norte,Vendedor Ortiz,Turismo,Protecciones,Vendida,3.0,2024,10
88,Sergio,Vargas,62.0,Masculino,Hermosillo,BMW,R1250GS,Scooter,250,Amarillo,2025,4850.4,8104.58,0,8104.58,Credito 24 meses,Queretaro,Vendedor Ortiz,Deportivo,Casco + Maletas,En garantia,1.0,2024,9
89,Eduardo,Ruiz,53.0,Masculino,Merida,Suzuki,V-Strom 650,Trail,125,Negro,2023,2564.7,4413.98,10,3972.58,Credito 24 meses,Monterrey Sur,Vendedor Mendoza,Turismo,Ninguno,Vendida,5.0,2025,1
90,Javier,Reyes,52.0,Masculino,Leon,Yamaha,MT-03,Naked,500,Naranja,2024,0.0,20942.5,0,20942.5,Contado,Puebla,Vendedora Silva,Transporte diario,Kit completo,Vendida,4.0,2025,8
91,Alejandro,Castillo,40.0,Masculino,Cancun,Suzuki,GSX-R150,Scooter,125,Rojo,2025,3469.8,3218.22,10,2896.4,Contado,Monterrey Norte,Vendedor Castillo,Deportivo,Casco + Maletas,En garantia,5.0,2024,7
92,Rafael,Ramos,42.0,Masculino,Hermosillo,Bajaj,Pulsar NS200,Scooter,300,Negro,2018,0.0,7324.89,0,7324.89,Contado,Leon,Vendedor Lopez,Mensajeria,Maletas,Vendida,4.0,2024,4
93,Jose,Vargas,42.0,Masculino,Guadalajara,BMW,R1250GS,Enduro,125,Verde,2024,0.0,4324.98,0,4324.98,Contado,Tijuana,Vendedor Lopez,Trabajo de campo,Casco + Maletas,Vendida,5.0,2023,12
94,Ana,Ramos,58.0,Femenino,Guadalajara,Bajaj,Dominar 400,Trail,300,Verde,2019,18323.5,11453.26,0,11453.26,Credito 12 meses,Monterrey Norte,Vendedora Vargas,Coleccion,Kit completo,En garantia,4.0,2025,4
95,Sergio,Perez,36.0,Masculino,Monterrey,Royal Enfield,Classic 350,Trail,200,Azul,2025,0.0,3940.74,10,3546.67,Contado,Puebla,Vendedor Castillo,Coleccion,Ninguno,Vendida,2.0,2022,12
96,Sofia,Hernandez,42.0,Femenino,Leon,Honda,Africa Twin,Scooter,250,Naranja,2018,8298.1,6431.25,10,5788.12,Credito 36 meses,Queretaro,Vendedora Vargas,Deportivo,Ninguno,Vendida,3.0,2025,9
97,Daniela,Martinez,56.0,Femenino,Leon,BMW,G310R,Custom,1250,Gris,2020,8030.3,36826.86,2,36090.33,Credito 24 meses,Leon,Vendedor Ortiz,Deportivo,Protecciones,Vendida,4.0,2022,10
98,Daniela,Romero,22.0,Femenino,Monterrey,Royal Enfield,Meteor 350,Deportiva,1250,Naranja,2024,0.0,51863.75,0,51863.75,Credito 24 meses,Tijuana,Vendedor Mendoza,Transporte diario,Solo Casco,Vendida,,2024,12
99,Ana,Chavez,26.0,Femenino,Ciudad de Mexico,Suzuki,Gixxer 250,Custom,250,Amarillo,2023,14181.1,9754.98,0,9754.98,Credito 24 meses,Puebla,Vendedora Reyes,Mixto,Casco + Guantes,Devuelta,4.0,2022,7
100,Diego,Gonzalez,63.0,Masculino,Cancun,KTM,Adventure 390,Enduro,390,Naranja,2019,0.0,13859.87,0,13859.87,Leasing,Monterrey Sur,Vendedor Castillo,Mixto,Kit completo,Vendida,2.0,2025,10
101,Lucia,Cruz,19.0,Femenino,Guadalajara,BMW,R1250GS,Trail,250,Verde,2019,22467.0,5327.8,10,4795.02,Credito 24 meses,Monterrey Sur,Vendedor Castillo,Turismo,Casco + Maletas,Vendida,2.0,2025,1
102,Pedro,Morales,39.0,Masculino,Monterrey,KTM,690 Duke,Touring,250,Plateado,2020,0.0,5319.2,0,5319.2,Leasing,Puebla,Vendedora Reyes,Mixto,Maletas,Devuelta,5.0,2025,4
103,Eduardo,Alvarez,53.0,Masculino,Hermosillo,Yamaha,FZ25,Deportiva,300,Blanco,2025,19229.1,8625.1,8,7935.09,Credito 24 meses,Monterrey Sur,Vendedora Reyes,Trabajo de campo,Protecciones,Vendida,2.0,2025,6
104,Isabel,Torres,56.0,Femenino,Ciudad de Mexico,Suzuki,GSX-R150,Naked,400,Verde,2018,12952.6,12630.93,10,11367.84,Credito 12 meses,Puebla,Vendedor Castillo,Mixto,Casco + Guantes,Vendida,5.0,2022,3
105,Lucia,Ortiz,62.0,Femenino,Ciudad de Mexico,BMW,F750GS,Naked,1000,Verde,2019,4215.9,26176.26,5,24867.45,Leasing,Monterrey Norte,Vendedor Lopez,Transporte diario,Casco + Guantes,Vendida,4.0,2022,12
106,Lucia,Sanchez,25.0,Femenino,Tijuana,Bajaj,Pulsar NS200,Touring,500,Amarillo,2022,7552.4,21001.46,5,19951.39,Contado,Monterrey Norte,Vendedor Mendoza,Trabajo de campo,Ninguno,Vendida,4.0,2024,12
107,Andrea,Gomez,42.0,Femenino,Ciudad de Mexico,Kawasaki,Versys 300,Trail,750,Verde,2023,21519.4,16409.29,10,14768.36,Leasing,Tijuana,Vendedora Torres,Turismo,Solo Casco,En garantia,3.0,2025,12
108,Carmen,Diaz,62.0,Femenino,Puebla,BMW,R1250GS,Trail,250,Blanco,2022,21604.1,5450.92,0,5450.92,Credito 24 meses,Cancun,Vendedora Vargas,Deportivo,Casco + Maletas,Cancelada,1.0,2025,6
109,Andres,Perez,38.0,Masculino,Hermosillo,Royal Enfield,Thunderbird 350,Touring,300,Rojo,2024,24167.2,9428.7,0,9428.7,Contado,CDMX Sur,Vendedora Reyes,Coleccion,Casco + Maletas,Cancelada,2.0,2024,4
110,Valentina,Gomez,35.0,Femenino,Monterrey,Honda,CB190R,Enduro,400,Plateado,2023,9148.4,8646.5,0,8646.5,Credito 12 meses,Puebla,Vendedor Castillo,Transporte diario,Ninguno,Vendida,3.0,2023,1
111,Monica,Flores,20.0,Femenino,Merida,BMW,C400X,Touring,1000,Blanco,2019,19872.4,34498.16,0,34498.16,Credito 12 meses,Cancun,Vendedor Ortiz,Coleccion,Casco + Guantes,En garantia,1.0,2023,8
112,Carlos,Gonzalez,55.0,Masculino,Tijuana,Suzuki,V-Strom 650,Enduro,500,Gris,2020,15326.7,16010.99,0,16010.99,Leasing,Puebla,Vendedora Reyes,Mensajeria,Maletas,Vendida,4.0,2023,12
113,Paula,Castillo,53.0,Femenino,Monterrey,Honda,XR150L,Enduro,390,Amarillo,2022,18133.1,14115.18,2,13832.88,Credito 24 meses,Cancun,Vendedora Silva,Mensajeria,Casco + Guantes,Vendida,4.0,2024,12
114,Patricia,Cruz,54.0,Femenino,Leon,Bajaj,Pulsar RS200,Scooter,1000,Blanco,2019,0.0,24539.31,5,23312.34,Credito 36 meses,CDMX Reforma,Vendedor Ortiz,Coleccion,Casco + Maletas,Cancelada,5.0,2024,1
115,Ana,Gonzalez,26.0,Femenino,Cancun,Suzuki,GN125,Enduro,250,Verde,2025,7843.8,8285.99,8,7623.11,Leasing,Puebla,Vendedor Castillo,Coleccion,Ninguno,Vendida,5.0,2024,3
116,Francisco,Morales,23.0,Masculino,Leon,BMW,C400X,Scooter,300,Verde,2022,17256.0,7221.42,0,7221.42,Leasing,CDMX Sur,Vendedor Castillo,Transporte diario,Maletas,En garantia,5.0,2024,2
117,Camila,Ramirez,27.0,Femenino,Cancun,KTM,Duke 390,Naked,300,Azul,2019,11059.4,5740.74,8,5281.48,Leasing,CDMX Sur,Vendedor Castillo,Deportivo,Casco + Guantes,En garantia,5.0,2022,7
118,Francisco,Flores,50.0,Masculino,Cancun,Honda,Africa Twin,Deportiva,650,Blanco,2018,0.0,15660.54,0,15660.54,Contado,Tijuana,Vendedor Mendoza,Trabajo de campo,Protecciones,Devuelta,4.0,2025,11
119,Paula,Jimenez,38.0,Femenino,Monterrey,Kawasaki,Versys 300,Naked,390,Naranja,2019,5805.5,10025.42,0,10025.42,Credito 12 meses,Monterrey Norte,Vendedor Ortiz,Mixto,Ninguno,Vendida,4.0,2025,1
120,Roberto,Ramos,30.0,Masculino,Merida,Honda,CB190R,Enduro,300,Amarillo,2023,0.0,10000.49,0,10000.49,Credito 12 meses,Tijuana,Vendedora Reyes,Turismo,Solo Casco,Vendida,1.0,2022,5
121,Alejandro,Ortiz,23.0,Masculino,Puebla,Suzuki,Intruder 150,Naked,1000,Naranja,2018,19769.2,24946.15,0,24946.15,Credito 36 meses,Tijuana,Vendedora Vargas,Transporte diario,Ninguno,Vendida,4.0,2024,3
122,Pedro,Ramirez,40.0,Masculino,Leon,Suzuki,Intruder 150,Touring,390,Rojo,2022,11168.4,16874.24,0,16874.24,Credito 24 meses,Puebla,Vendedora Silva,Transporte diario,Protecciones,Devuelta,5.0,2025,1
123,Sergio,Torres,38.0,Masculino,Leon,BMW,F750GS,Enduro,400,Azul,2022,15967.8,14609.6,8,13440.83,Credito 12 meses,Guadalajara,Vendedora Reyes,Deportivo,Ninguno,Vendida,2.0,2025,4
124,Fernanda,Rivera,18.0,Femenino,Guadalajara,Royal Enfield,Classic 350,Enduro,250,Negro,2019,13204.3,9092.31,5,8637.69,Contado,Tijuana,Vendedora Silva,Coleccion,Maletas,Vendida,4.0,2023,8
125,Pedro,Reyes,56.0,Masculino,Cancun,KTM,690 Duke,Trail,500,Rojo,2025,0.0,10569.24,0,10569.24,Credito 36 meses,Guadalajara,Vendedor Ortiz,Trabajo de campo,Maletas,Vendida,4.0,2025,11
126,Rafael,Rodriguez,29.0,Masculino,Tijuana,Royal Enfield,Himalayan,Touring,1250,Negro,2018,14457.8,23234.75,0,23234.75,Leasing,Monterrey Norte,Vendedora Torres,Trabajo de campo,Casco + Guantes,Devuelta,5.0,2022,11
127,Fernanda,Cruz,34.0,Femenino,Tijuana,Suzuki,GSX-R150,Scooter,1000,Negro,2024,22283.3,44415.0,8,40861.8,Leasing,Guadalajara,Vendedora Vargas,Transporte diario,Solo Casco,Vendida,1.0,2025,5
128,Claudia,Gutierrez,31.0,Femenino,Tijuana,Suzuki,GSX-R150,Trail,125,Azul,2025,13611.1,4802.11,0,4802.11,Credito 12 meses,Leon,Vendedora Vargas,Deportivo,Kit completo,Vendida,3.0,2022,12
129,Miguel,Hernandez,51.0,Masculino,Hermosillo,Honda,Africa Twin,Deportiva,400,Amarillo,2021,0.0,13841.17,0,13841.17,Leasing,Monterrey Norte,Vendedora Silva,Mensajeria,Casco + Guantes,Vendida,4.0,2023,11
130,Andrea,Torres,51.0,Femenino,Puebla,Kawasaki,KLX150,Trail,250,Verde,2018,0.0,9592.1,10,8632.89,Leasing,Cancun,Vendedora Vargas,Deportivo,Kit completo,Vendida,4.0,2025,12
131,Diego,Morales,47.0,Masculino,Monterrey,Kawasaki,W175,Touring,300,Naranja,2020,10680.0,7628.75,5,7247.31,Leasing,Puebla,Vendedor Ortiz,Trabajo de campo,Solo Casco,Vendida,5.0,2025,4
132,Camila,Cruz,27.0,Femenino,Monterrey,Suzuki,GN125,Enduro,500,Naranja,2022,3608.8,12253.07,0,12253.07,Credito 36 meses,Tijuana,Vendedor Mendoza,Trabajo de campo,Solo Casco,En garantia,4.0,2023,8
133,Lucia,Gomez,22.0,Femenino,Hermosillo,KTM,Duke 200,Enduro,500,Rojo,2021,0.0,20436.3,0,20436.3,Contado,CDMX Reforma,Vendedora Silva,Trabajo de campo,Solo Casco,Cancelada,4.0,2023,11
134,Valentina,Castillo,60.0,Femenino,Puebla,Honda,CBR300R,Scooter,250,Azul,2025,17390.7,10994.02,0,10994.02,Leasing,Puebla,Vendedor Castillo,Trabajo de campo,Ninguno,Vendida,2.0,2022,7
135,Valentina,Moreno,33.0,Femenino,Leon,BMW,S1000R,Naked,650,Verde,2019,18060.3,27193.35,2,26649.48,Credito 24 meses,Queretaro,Vendedor Lopez,Coleccion,Casco + Maletas,Vendida,3.0,2024,8
136,Jose,Perez,21.0,Masculino,Leon,Honda,XR150L,Naked,650,Naranja,2024,,28105.01,5,26699.76,Leasing,CDMX Reforma,Vendedora Reyes,Coleccion,Protecciones,Vendida,5.0,2024,2
137,Sofia,Jimenez,36.0,Femenino,Merida,Royal Enfield,Thunderbird 350,Scooter,500,Blanco,2023,0.0,11271.15,10,10144.04,Leasing,Monterrey Norte,Vendedor Lopez,Mixto,Casco + Maletas,Devuelta,4.0,2023,6
138,Carlos,Reyes,38.0,Masculino,Cancun,Honda,PCX150,Touring,200,Rojo,2019,228.5,8149.74,0,8149.74,Leasing,Cancun,Vendedora Reyes,Mensajeria,Ninguno,Vendida,4.0,2023,2
139,Juan,Alvarez,31.0,Masculino,Tijuana,Bajaj,Pulsar NS200,Trail,125,Blanco,2022,0.0,4036.78,0,4036.78,Contado,Monterrey Sur,Vendedor Mendoza,Deportivo,Solo Casco,Vendida,4.0,2022,9
140,Daniela,Sanchez,39.0,Femenino,Queretaro,BMW,R1250GS,Custom,150,Negro,2025,24755.8,4210.86,2,4126.64,Contado,Monterrey Sur,Vendedor Ortiz,Trabajo de campo,Ninguno,Vendida,5.0,2025,1
141,Ana,Ruiz,43.0,Femenino,Guadalajara,Honda,Africa Twin,Enduro,200,Rojo,2024,8281.8,4046.51,10,3641.85,Credito 12 meses,CDMX Reforma,Vendedora Reyes,Turismo,Casco + Guantes,En garantia,2.0,2024,4
142,Manuel,Gomez,32.0,Masculino,Guadalajara,Honda,CBR300R,Touring,390,Blanco,2020,17817.8,7184.88,0,7184.88,Leasing,CDMX Reforma,Vendedor Ortiz,Mensajeria,Maletas,Vendida,5.0,2023,12
143,Camila,Sanchez,40.0,Femenino,Guadalajara,Suzuki,Gixxer 250,Touring,650,Naranja,2018,0.0,24782.76,0,24782.76,Credito 24 meses,Monterrey Norte,Vendedor Castillo,Mixto,Ninguno,Vendida,5.0,2022,11
144,Elena,Chavez,24.0,Femenino,Queretaro,KTM,690 Duke,Trail,400,Azul,2024,0.0,11863.96,8,10914.84,Contado,Monterrey Sur,Vendedor Castillo,Deportivo,Ninguno,Vendida,5.0,2024,12
145,Ricardo,Lopez,62.0,Masculino,Guadalajara,KTM,RC 390,Naked,150,Naranja,2025,6744.2,3070.66,0,3070.66,Credito 36 meses,Tijuana,Vendedor Ortiz,Transporte diario,Casco + Guantes,En garantia,4.0,2023,9
146,Fernando,Diaz,54.0,Masculino,Tijuana,Yamaha,Fazer 250,Trail,750,Negro,2024,0.0,29384.88,10,26446.4,Leasing,CDMX Reforma,Vendedor Mendoza,Mensajeria,Ninguno,Vendida,4.0,2025,6
147,Jose,Morales,43.0,Masculino,Guadalajara,BMW,S1000R,Touring,300,Gris,2020,10527.6,9394.3,0,9394.3,Credito 12 meses,Leon,Vendedora Silva,Trabajo de campo,Casco + Guantes,Vendida,3.0,2023,9
148,Roberto,Alvarez,21.0,Masculino,Hermosillo,Honda,PCX150,Naked,390,Gris,2023,10765.4,15882.19,2,15564.55,Credito 24 meses,Cancun,Vendedora Silva,Trabajo de campo,Kit completo,Vendida,4.0,2024,4
149,Ricardo,Romero,64.0,Masculino,Tijuana,KTM,RC 390,Touring,1250,Negro,2021,7007.5,45954.82,2,45035.73,Leasing,CDMX Reforma,Vendedor Mendoza,Mensajeria,Casco + Maletas,Vendida,4.0,2024,12
150,Sergio,Torres,36.0,Masculino,Puebla,Kawasaki,W175,Touring,300,Blanco,2024,3479.5,12133.38,0,12133.38,Credito 36 meses,Queretaro,Vendedora Torres,Trabajo de campo,Maletas,Vendida,4.0,2025,2
151,Silvia,Sanchez,62.0,Femenino,Leon,Bajaj,Avenger 220,Naked,650,Rojo,2019,0.0,12345.23,0,12345.23,Leasing,Queretaro,Vendedora Vargas,Mixto,Ninguno,Vendida,5.0,2022,5
152,Juan,Moreno,23.0,Masculino,Hermosillo,Yamaha,R3,Custom,250,Plateado,2021,9778.4,7947.06,5,7549.71,Credito 12 meses,Puebla,Vendedor Lopez,Trabajo de campo,Casco + Guantes,Vendida,4.0,2025,8
153,Fernanda,Morales,26.0,Femenino,Leon,Yamaha,FZ25,Scooter,1250,Negro,2023,5171.7,27281.54,0,27281.54,Credito 36 meses,Leon,Vendedora Vargas,Transporte diario,Kit completo,Vendida,,2024,4
154,Miguel,Reyes,41.0,Masculino,Ciudad de Mexico,Honda,XR150L,Enduro,1000,Blanco,2020,18512.2,20952.79,10,18857.51,Credito 24 meses,Tijuana,Vendedor Ortiz,Trabajo de campo,Solo Casco,Vendida,4.0,2025,4
155,Patricia,Garcia,32.0,Femenino,Puebla,Suzuki,Intruder 150,Naked,400,Gris,2021,10738.8,7515.28,5,7139.51,Contado,Cancun,Vendedora Torres,Mixto,Casco + Maletas,Devuelta,3.0,2023,3
156,Fernando,Chavez,19.0,Masculino,Tijuana,KTM,Duke 390,Enduro,500,Naranja,2025,15977.7,10538.39,8,9695.32,Leasing,Monterrey Sur,Vendedora Vargas,Turismo,Casco + Maletas,Vendida,4.0,2023,12
157,Rosa,Hernandez,22.0,Femenino,Ciudad de Mexico,Suzuki,V-Strom 650,Touring,750,Blanco,2020,5964.3,25450.91,8,23414.84,Leasing,Queretaro,Vendedor Ortiz,Coleccion,Solo Casco,Vendida,4.0,2024,1
158,Fernanda,Lopez,37.0,Femenino,Ciudad de Mexico,Suzuki,Intruder 150,Touring,1000,Amarillo,2020,12241.1,32509.24,8,29908.5,Leasing,Monterrey Norte,Vendedora Vargas,Transporte diario,Ninguno,Vendida,2.0,2024,6
159,Antonio,Garcia,54.0,Masculino,Puebla,Bajaj,Avenger 220,Touring,400,Rojo,2025,2066.8,14594.72,2,14302.83,Credito 24 meses,CDMX Reforma,Vendedor Castillo,Deportivo,Casco + Maletas,Vendida,5.0,2023,3
160,Silvia,Moreno,50.0,Femenino,Cancun,Royal Enfield,Meteor 350,Enduro,750,Azul,2023,18919.7,15812.68,10,14231.42,Credito 36 meses,Monterrey Sur,Vendedora Silva,Turismo,Casco + Maletas,Vendida,4.0,2024,10
161,Sergio,Jimenez,61.0,Masculino,Hermosillo,BMW,S1000R,Custom,150,Verde,2021,0.0,4478.23,0,4478.23,Leasing,Queretaro,Vendedor Mendoza,Coleccion,Solo Casco,Vendida,5.0,2022,5
162,Antonio,Torres,26.0,Masculino,Hermosillo,Honda,CB500F,Touring,390,Plateado,2020,17601.3,12624.92,5,11993.67,Contado,Guadalajara,Vendedor Ortiz,Transporte diario,Kit completo,Devuelta,4.0,2024,7
163,Jose,Ramirez,52.0,Masculino,Tijuana,Kawasaki,Z400,Scooter,1250,Amarillo,2024,14435.6,33370.76,0,33370.76,Contado,Monterrey Sur,Vendedor Ortiz,Coleccion,Protecciones,Vendida,5.0,2025,12
164,Daniela,Vargas,31.0,Femenino,Leon,Royal Enfield,Thunderbird 350,Trail,390,Negro,2019,11461.2,13147.99,10,11833.19,Leasing,Queretaro,Vendedora Silva,Trabajo de campo,Casco + Maletas,En garantia,5.0,2023,3
165,Andres,Flores,52.0,Masculino,Monterrey,BMW,S1000R,Deportiva,300,Negro,2020,12133.4,8135.82,5,7729.03,Credito 36 meses,Monterrey Norte,Vendedora Torres,Mixto,Solo Casco,En garantia,5.0,2022,8
166,Andrea,Silva,28.0,Femenino,Queretaro,Honda,PCX150,Deportiva,250,Verde,2022,0.0,11220.93,0,11220.93,Credito 24 meses,Monterrey Sur,Vendedora Vargas,Mensajeria,Protecciones,Devuelta,3.0,2023,5
167,Carlos,Garcia,54.0,Masculino,Puebla,Bajaj,Dominar 400,Scooter,1250,Negro,2024,17592.5,46106.15,0,46106.15,Credito 12 meses,Cancun,Vendedora Silva,Coleccion,Protecciones,Devuelta,5.0,2024,4
168,Maria,Sanchez,42.0,Femenino,Tijuana,Honda,Africa Twin,Deportiva,390,Negro,2024,11942.5,15624.16,10,14061.74,Contado,Puebla,Vendedora Vargas,Turismo,Solo Casco,En garantia,4.0,2025,7
169,Isabel,Ramos,57.0,Femenino,Ciudad de Mexico,Suzuki,Gixxer 250,Scooter,650,Amarillo,2020,18060.8,21585.76,5,20506.47,Credito 12 meses,Monterrey Sur,Vendedora Torres,Deportivo,Casco + Maletas,Vendida,4.0,2023,7
170,Alberto,Martinez,32.0,Masculino,Puebla,Bajaj,Dominar 400,Enduro,400,Gris,2021,0.0,10596.64,0,10596.64,Contado,CDMX Sur,Vendedora Silva,Coleccion,Maletas,Vendida,4.0,2023,2
171,Ricardo,Reyes,31.0,Masculino,Monterrey,BMW,G310R,Touring,250,Verde,2021,14848.2,7840.49,0,7840.49,Credito 12 meses,Queretaro,Vendedor Ortiz,Turismo,Maletas,Vendida,3.0,2024,6
172,Andres,Rodriguez,23.0,Masculino,Tijuana,Yamaha,FZ25,Enduro,750,Gris,2021,0.0,14867.53,0,14867.53,Leasing,Queretaro,Vendedor Ortiz,Mensajeria,Ninguno,Vendida,5.0,2024,4
173,Rafael,Flores,32.0,Masculino,Tijuana,Suzuki,V-Strom 650,Enduro,150,Negro,2021,3884.4,3955.12,5,3757.37,Credito 24 meses,Queretaro,Vendedora Silva,Transporte diario,Solo Casco,En garantia,4.0,2024,11
174,Javier,Castillo,53.0,Masculino,Ciudad de Mexico,Yamaha,NMAX 155,Custom,750,Rojo,2020,0.0,25828.86,0,25828.86,Credito 12 meses,Leon,Vendedora Vargas,Coleccion,Maletas,Cancelada,5.0,2024,11
175,Patricia,Romero,50.0,Femenino,Tijuana,KTM,Duke 390,Touring,1250,Plateado,2019,733.9,48862.93,0,48862.93,Contado,CDMX Sur,Vendedora Torres,Trabajo de campo,Ninguno,Vendida,4.0,2025,11
176,Ana,Hernandez,27.0,Femenino,Puebla,Royal Enfield,Classic 350,Custom,390,Plateado,2019,16853.0,8676.47,10,7808.83,Contado,Monterrey Norte,Vendedor Lopez,Deportivo,Casco + Guantes,Vendida,5.0,2022,4
177,Daniela,Jimenez,62.0,Femenino,Tijuana,Bajaj,Pulsar RS200,Naked,200,Verde,2018,22848.7,8628.26,10,7765.44,Credito 12 meses,Queretaro,Vendedora Vargas,Turismo,Casco + Maletas,Vendida,4.0,2025,5
178,Alberto,Reyes,46.0,Masculino,Monterrey,KTM,Duke 200,Scooter,650,Negro,2020,0.0,23516.87,0,23516.87,Credito 36 meses,CDMX Sur,Vendedor Castillo,Turismo,Casco + Guantes,Vendida,5.0,2024,3
179,Maria,Morales,53.0,Femenino,Puebla,KTM,Duke 390,Custom,300,Plateado,2021,14792.3,9966.83,0,9966.83,Credito 12 meses,Guadalajara,Vendedor Lopez,Trabajo de campo,Casco + Guantes,Vendida,3.0,2023,11
180,Rafael,Hernandez,27.0,Masculino,Puebla,KTM,Duke 200,Enduro,390,Azul,2024,18180.4,7035.4,8,6472.56,Credito 36 meses,Leon,Vendedor Lopez,Deportivo,Protecciones,Vendida,3.0,2024,10
181,Laura,Hernandez,63.0,Femenino,Merida,Honda,CBR300R,Naked,650,Naranja,2025,2122.6,18949.15,0,18949.15,Contado,Cancun,Vendedor Lopez,Trabajo de campo,Protecciones,Vendida,5.0,2022,2
182,Francisco,Martinez,,Masculino,Puebla,BMW,S1000R,Naked,390,Negro,2023,6798.9,16771.22,2,16435.8,Credito 12 meses,Monterrey Sur,Vendedor Mendoza,Trabajo de campo,Ninguno,Vendida,5.0,2024,12
183,Fernanda,Hernandez,53.0,Femenino,Guadalajara,Yamaha,Fazer 250,Naked,390,Gris,2025,6625.2,17177.6,0,17177.6,Leasing,Monterrey Norte,Vendedora Silva,Mixto,Casco + Maletas,En garantia,5.0,2022,10
184,Isabel,Gonzalez,45.0,Femenino,Monterrey,Yamaha,XTZ 250,Scooter,250,Amarillo,2018,6504.2,11036.7,2,10815.97,Leasing,Tijuana,Vendedora Silva,Transporte diario,Ninguno,Vendida,2.0,2022,8
185,Jose,Gomez,58.0,Masculino,Leon,Yamaha,FZ25,Custom,125,Negro,2020,0.0,5052.51,0,5052.51,Leasing,Cancun,Vendedor Castillo,Mixto,Casco + Guantes,En garantia,4.0,2022,5
186,Luis,Cruz,43.0,Masculino,Monterrey,Kawasaki,W175,Naked,200,Naranja,2023,0.0,4096.68,10,3687.02,Credito 36 meses,Leon,Vendedor Lopez,Trabajo de campo,Protecciones,En garantia,2.0,2025,6
187,Patricia,Chavez,57.0,Femenino,Hermosillo,KTM,Duke 390,Naked,200,Gris,2020,0.0,5084.9,2,4983.2,Credito 36 meses,Queretaro,Vendedora Reyes,Transporte diario,Casco + Guantes,Vendida,4.0,2024,10
188,Camila,Romero,43.0,Femenino,Monterrey,Suzuki,Intruder 150,Scooter,250,Verde,2021,20054.2,8837.9,10,7954.11,Credito 36 meses,Tijuana,Vendedora Reyes,Turismo,Maletas,Vendida,4.0,2024,11
189,Camila,Rodriguez,55.0,Femenino,Cancun,BMW,F750GS,Enduro,125,Verde,2018,19463.5,3326.21,0,3326.21,Leasing,CDMX Reforma,Vendedor Mendoza,Transporte diario,Solo Casco,Vendida,4.0,2024,1
190,Manuel,Ruiz,60.0,Masculino,Ciudad de Mexico,Honda,CBR300R,Naked,750,Azul,2024,20980.6,30641.73,10,27577.56,Leasing,Puebla,Vendedora Vargas,Coleccion,Casco + Guantes,Vendida,5.0,2023,9
191,Silvia,Rodriguez,24.0,Femenino,Guadalajara,Suzuki,GN125,Deportiva,250,Azul,2025,4388.9,10147.7,10,9132.93,Leasing,CDMX Reforma,Vendedor Lopez,Coleccion,Ninguno,Vendida,1.0,2023,11
192,Alejandro,Lopez,39.0,Masculino,Hermosillo,Kawasaki,Z400,Custom,390,Blanco,2023,0.0,14569.35,10,13112.42,Contado,Tijuana,Vendedora Vargas,Transporte diario,Kit completo,Vendida,3.0,2024,1
193,Silvia,Ramos,37.0,Femenino,Leon,Yamaha,R3,Naked,300,Plateado,2024,24016.6,8013.09,0,8013.09,Leasing,Puebla,Vendedora Silva,Mensajeria,Maletas,Vendida,4.0,2025,8
194,Ricardo,Ortiz,24.0,Masculino,Monterrey,BMW,S1000R,Naked,200,Verde,2024,19270.8,4559.62,0,4559.62,Leasing,CDMX Reforma,Vendedora Torres,Trabajo de campo,Solo Casco,Vendida,2.0,2024,11
195,Laura,Sanchez,36.0,Femenino,Guadalajara,Kawasaki,Versys 300,Touring,390,Gris,2023,6630.3,8787.85,0,8787.85,Contado,Monterrey Norte,Vendedor Lopez,Trabajo de campo,Ninguno,Vendida,4.0,2024,8
196,Patricia,Ortiz,36.0,Femenino,Puebla,Bajaj,Avenger 220,Naked,400,Amarillo,2019,19718.2,10993.3,2,10773.43,Contado,Monterrey Norte,Vendedor Castillo,Transporte diario,Kit completo,Vendida,5.0,2024,2
197,Carmen,Martinez,45.0,Femenino,Leon,Yamaha,R3,Enduro,200,Amarillo,2019,22453.1,8394.83,0,8394.83,Contado,Queretaro,Vendedor Mendoza,Coleccion,Ninguno,Vendida,4.0,2025,4
198,Carlos,Hernandez,18.0,Masculino,Monterrey,Yamaha,R3,Scooter,250,Plateado,2022,7435.0,11077.19,2,10855.65,Credito 36 meses,Guadalajara,Vendedor Lopez,Turismo,Casco + Guantes,Vendida,2.0,2025,10
199,Laura,Torres,27.0,Femenino,Guadalajara,BMW,C400X,Scooter,500,Negro,2021,0.0,11695.61,0,11695.61,Credito 24 meses,Queretaro,Vendedora Reyes,Trabajo de campo,Protecciones,En garantia,4.0,2025,7
200,Laura,Cruz,45.0,Femenino,Queretaro,Bajaj,Pulsar RS200,Naked,390,Gris,2020,,16344.24,0,16344.24,Leasing,Monterrey Norte,Vendedor Mendoza,Mixto,Protecciones,En garantia,5.0,2024,9
201,Luis,Alvarez,20.0,Masculino,Merida,KTM,690 Duke,Scooter,400,Plateado,2021,21019.9,17683.62,5,16799.44,Credito 36 meses,Cancun,Vendedora Silva,Trabajo de campo,Kit completo,Vendida,5.0,2022,6
202,Ricardo,Moreno,64.0,Masculino,Cancun,Honda,CB500F,Naked,750,Blanco,2020,0.0,31734.21,10,28560.79,Credito 12 meses,CDMX Reforma,Vendedor Mendoza,Transporte diario,Ninguno,Vendida,5.0,2024,8
203,Javier,Gutierrez,51.0,Masculino,Tijuana,Kawasaki,Z400,Enduro,750,Verde,2019,0.0,18722.2,8,17224.42,Credito 24 meses,Tijuana,Vendedora Reyes,Mixto,Casco + Guantes,Devuelta,5.0,2024,11
204,Carmen,Hernandez,33.0,Femenino,Queretaro,Bajaj,Pulsar RS200,Trail,200,Plateado,2019,14067.1,6659.61,5,6326.63,Credito 24 meses,Queretaro,Vendedor Castillo,Trabajo de campo,Protecciones,Vendida,5.0,2023,7
205,Silvia,Mendoza,35.0,Femenino,Leon,Royal Enfield,Meteor 350,Custom,200,Azul,2024,0.0,5087.24,0,5087.24,Contado,Leon,Vendedor Castillo,Turismo,Casco + Guantes,Vendida,2.0,2023,3
206,Valentina,Torres,36.0,Femenino,Cancun,BMW,S1000R,Trail,500,Verde,2019,5698.9,20586.17,8,18939.28,Credito 24 meses,Queretaro,Vendedora Torres,Deportivo,Ninguno,Vendida,4.0,2025,5
207,Javier,Lopez,37.0,Masculino,Merida,Royal Enfield,Himalayan,Enduro,125,Rojo,2019,12669.9,3989.04,0,3989.04,Credito 12 meses,CDMX Reforma,Vendedora Silva,Mixto,Casco + Guantes,Vendida,5.0,2023,7
208,Carlos,Ramos,29.0,Masculino,Guadalajara,Royal Enfield,Meteor 350,Custom,390,Rojo,2023,12628.2,14439.8,0,14439.8,Credito 12 meses,Puebla,Vendedora Reyes,Coleccion,Ninguno,En garantia,4.0,2025,9
209,Andres,Gomez,51.0,Masculino,Monterrey,KTM,RC 390,Naked,200,Azul,2019,0.0,8123.33,0,8123.33,Credito 12 meses,CDMX Reforma,Vendedora Silva,Turismo,Protecciones,En garantia,3.0,2025,12
210,Claudia,Ramirez,41.0,Femenino,Hermosillo,Honda,Africa Twin,Trail,125,Gris,2020,211.6,3850.08,0,3850.08,Credito 24 meses,Queretaro,Vendedor Ortiz,Mixto,Kit completo,Vendida,4.0,2025,7
211,Sofia,Vargas,49.0,Femenino,Leon,Kawasaki,W175,Enduro,300,Gris,2024,183.7,10885.29,10,9796.76,Credito 24 meses,Monterrey Sur,Vendedora Reyes,Transporte diario,Kit completo,Vendida,1.0,2023,8
212,Gabriela,Reyes,19.0,Femenino,Puebla,BMW,S1000R,Deportiva,1000,Naranja,2022,,37199.53,8,34223.57,Credito 24 meses,Guadalajara,Vendedor Lopez,Mensajeria,Ninguno,Vendida,3.0,2022,11
213,Sofia,Vargas,63.0,Femenino,Merida,Bajaj,Avenger 220,Custom,400,Amarillo,2021,17834.2,15156.71,5,14398.87,Credito 24 meses,Tijuana,Vendedor Castillo,Mixto,Solo Casco,Cancelada,4.0,2023,7
214,Roberto,Ramos,54.0,Masculino,Guadalajara,Yamaha,NMAX 155,Naked,200,Verde,2020,22489.8,7600.96,8,6992.89,Credito 12 meses,CDMX Sur,Vendedor Ortiz,Mixto,Kit completo,Vendida,5.0,2022,4
215,Sofia,Hernandez,58.0,Femenino,Tijuana,BMW,R1250GS,Enduro,150,Gris,2019,4863.6,4605.67,10,4145.11,Credito 36 meses,Monterrey Norte,Vendedor Mendoza,Deportivo,Solo Casco,Vendida,4.0,2024,10
216,Fernanda,Gonzalez,29.0,Femenino,Leon,Royal Enfield,Classic 350,Custom,390,Rojo,2019,15775.8,16101.01,0,16101.01,Contado,Leon,Vendedor Castillo,Deportivo,Casco + Maletas,Vendida,1.0,2022,9
217,Alberto,Gomez,48.0,Masculino,Monterrey,Suzuki,Intruder 150,Deportiva,150,Plateado,2024,24133.2,3224.09,2,3159.61,Credito 12 meses,Puebla,Vendedor Lopez,Turismo,Casco + Maletas,En garantia,4.0,2024,9
218,Juan,Reyes,24.0,Masculino,Hermosillo,Honda,Africa Twin,Touring,1250,Blanco,2023,2567.7,30897.78,8,28425.96,Contado,Monterrey Norte,Vendedor Castillo,Turismo,Ninguno,Vendida,5.0,2024,10
219,Fernanda,Gomez,63.0,Femenino,Monterrey,Suzuki,V-Strom 650,Naked,500,Azul,2020,22955.1,13849.89,0,13849.89,Credito 12 meses,CDMX Reforma,Vendedor Lopez,Coleccion,Maletas,Vendida,3.0,2024,3
220,Miguel,Hernandez,,Masculino,Monterrey,KTM,Duke 200,Deportiva,400,Negro,2018,1199.0,16666.68,0,16666.68,Credito 36 meses,Leon,Vendedor Ortiz,Transporte diario,Maletas,Devuelta,2.0,2025,11
221,Paula,Reyes,53.0,Femenino,Queretaro,Suzuki,GSX-R150,Enduro,1250,Blanco,2022,2524.5,45643.73,0,45643.73,Credito 36 meses,Monterrey Sur,Vendedora Torres,Turismo,Casco + Guantes,Vendida,3.0,2024,2
222,Andres,Gonzalez,64.0,Masculino,Monterrey,Kawasaki,KLX150,Enduro,250,Amarillo,2021,10243.9,9751.22,10,8776.1,Credito 12 meses,Leon,Vendedora Vargas,Deportivo,Casco + Guantes,Cancelada,3.0,2024,10
223,Luis,Ramirez,53.0,Masculino,Puebla,Yamaha,Fazer 250,Scooter,1000,Gris,2019,2532.3,31340.81,0,31340.81,Credito 24 meses,Leon,Vendedor Lopez,Transporte diario,Casco + Maletas,Vendida,3.0,2025,1
224,Carlos,Moreno,62.0,Masculino,Monterrey,BMW,S1000R,Deportiva,1000,Blanco,2019,0.0,26443.09,8,24327.64,Credito 12 meses,Puebla,Vendedora Vargas,Trabajo de campo,Maletas,Vendida,4.0,2024,9
225,Laura,Gomez,26.0,Femenino,Cancun,KTM,RC 390,Trail,200,Naranja,2025,0.0,4214.69,2,4130.4,Credito 12 meses,Monterrey Sur,Vendedor Mendoza,Mensajeria,Protecciones,Vendida,4.0,2024,8
226,Pedro,Gomez,59.0,Masculino,Leon,Yamaha,NMAX 155,Enduro,750,Rojo,2025,0.0,23274.17,5,22110.46,Credito 12 meses,Leon,Vendedora Reyes,Transporte diario,Ninguno,Vendida,2.0,2022,12
227,Ana,Flores,61.0,Femenino,Merida,Yamaha,R3,Enduro,1000,Negro,2021,16746.1,26484.42,8,24365.67,Credito 36 meses,CDMX Reforma,Vendedora Reyes,Turismo,Protecciones,Cancelada,1.0,2022,5
228,Isabel,Martinez,61.0,Femenino,Cancun,Honda,CB190R,Touring,1000,Azul,2025,21735.4,43228.03,5,41066.63,Credito 24 meses,CDMX Sur,Vendedor Lopez,Coleccion,Solo Casco,Devuelta,5.0,2025,9
229,Camila,Morales,64.0,Femenino,Cancun,Kawasaki,Ninja 300,Touring,500,Negro,2025,0.0,14996.55,5,14246.72,Credito 36 meses,Monterrey Norte,Vendedora Torres,Trabajo de campo,Ninguno,Vendida,5.0,2025,5
230,Rafael,Ramos,34.0,Masculino,Cancun,Honda,CB190R,Touring,750,Verde,2022,14058.3,33004.22,8,30363.88,Contado,CDMX Reforma,Vendedora Reyes,Turismo,Maletas,Vendida,5.0,2025,9
231,Daniela,Romero,35.0,Femenino,Queretaro,Royal Enfield,Meteor 350,Enduro,150,Plateado,2018,20747.1,5775.25,0,5775.25,Credito 24 meses,Monterrey Sur,Vendedor Lopez,Deportivo,Ninguno,Vendida,3.0,2025,10
232,Javier,Alvarez,64.0,Masculino,Puebla,Yamaha,R3,Custom,750,Verde,2024,0.0,17467.41,0,17467.41,Contado,Queretaro,Vendedor Lopez,Mensajeria,Casco + Maletas,Vendida,4.0,2025,10
233,Sergio,Ortiz,38.0,Masculino,Cancun,Royal Enfield,Classic 350,Enduro,500,Blanco,2018,10820.3,9058.56,8,8333.87,Leasing,Guadalajara,Vendedor Mendoza,Transporte diario,Ninguno,Vendida,4.0,2022,7
234,Claudia,Flores,26.0,Femenino,Queretaro,Bajaj,Avenger 220,Scooter,750,Blanco,2021,0.0,32047.18,10,28842.46,Credito 12 meses,Queretaro,Vendedor Castillo,Mixto,Protecciones,Vendida,2.0,2024,2
235,Monica,Castillo,48.0,Femenino,Ciudad de Mexico,Kawasaki,Z400,Enduro,250,Plateado,2023,3316.8,8713.13,0,8713.13,Credito 24 meses,Monterrey Sur,Vendedora Vargas,Coleccion,Ninguno,En garantia,5.0,2023,10
236,Monica,Vargas,56.0,Femenino,Monterrey,BMW,R1250GS,Naked,125,Gris,2024,0.0,4014.21,0,4014.21,Credito 12 meses,CDMX Sur,Vendedor Castillo,Deportivo,Casco + Maletas,Vendida,4.0,2023,12
237,Roberto,Gutierrez,62.0,Masculino,Puebla,Kawasaki,KLX150,Custom,125,Plateado,2019,16888.2,3460.55,2,0.0,Credito 36 meses,CDMX Reforma,Vendedor Castillo,Mensajeria,Protecciones,Vendida,5.0,2023,7
238,Ricardo,Ramirez,40.0,Masculino,Puebla,Bajaj,Avenger 220,Enduro,1000,Amarillo,2018,0.0,26441.66,5,25119.57,Credito 12 meses,Puebla,Vendedora Silva,Mixto,Protecciones,Vendida,4.0,2024,6
239,Roberto,Gutierrez,42.0,Masculino,Queretaro,Royal Enfield,Classic 350,Naked,1000,Blanco,2019,10712.7,20010.66,0,20010.66,Leasing,CDMX Sur,Vendedor Lopez,Turismo,Ninguno,Vendida,4.0,2024,12
240,Carlos,Rivera,19.0,Masculino,Guadalajara,Suzuki,V-Strom 650,Trail,750,Verde,2022,14316.9,14529.82,8,13367.44,Leasing,CDMX Reforma,Vendedor Mendoza,Coleccion,Casco + Guantes,Vendida,5.0,2022,7
241,Javier,Moreno,30.0,Masculino,Hermosillo,Bajaj,Pulsar NS200,Enduro,390,Amarillo,2023,7339.4,9349.22,0,9349.22,Leasing,Monterrey Norte,Vendedora Torres,Mensajeria,Kit completo,Vendida,5.0,2025,7
242,Elena,Torres,63.0,Femenino,Monterrey,Kawasaki,Ninja 300,Enduro,1000,Verde,2019,13505.9,41912.82,2,41074.57,Leasing,Tijuana,Vendedora Reyes,Trabajo de campo,Casco + Guantes,Vendida,5.0,2024,5
243,Lucia,Ramos,61.0,Femenino,Puebla,KTM,690 Duke,Trail,150,Naranja,2018,5269.5,6540.26,0,6540.26,Contado,CDMX Reforma,Vendedor Ortiz,Mensajeria,Casco + Maletas,Vendida,5.0,2025,10
244,Jose,Romero,47.0,Masculino,Queretaro,Honda,PCX150,Enduro,1250,Negro,2019,0.0,33695.39,0,33695.39,Leasing,CDMX Reforma,Vendedor Castillo,Trabajo de campo,Ninguno,Vendida,4.0,2024,1
245,Camila,Moreno,20.0,Femenino,Hermosillo,Bajaj,Dominar 400,Deportiva,125,Negro,2018,15458.7,3564.57,0,3564.57,Credito 24 meses,Tijuana,Vendedora Torres,Turismo,Casco + Maletas,Vendida,3.0,2025,2
246,Rosa,Lopez,54.0,Femenino,Tijuana,Yamaha,R3,Trail,500,Plateado,2018,13336.7,14149.08,10,12734.17,Credito 24 meses,Guadalajara,Vendedor Castillo,Mensajeria,Casco + Maletas,Vendida,1.0,2025,9
247,Maria,Torres,32.0,Femenino,Puebla,Suzuki,Gixxer 250,Custom,125,Verde,2024,23674.5,2266.98,5,2153.63,Credito 12 meses,Queretaro,Vendedor Mendoza,Deportivo,Solo Casco,Vendida,5.0,2023,10
248,Eduardo,Gutierrez,54.0,Masculino,Cancun,BMW,F750GS,Custom,150,Plateado,2018,23309.2,3434.5,10,3091.05,Contado,CDMX Sur,Vendedora Torres,Turismo,Casco + Guantes,Devuelta,,2024,8
249,Alberto,Chavez,63.0,Masculino,Guadalajara,Royal Enfield,Himalayan,Naked,390,Verde,2021,0.0,8370.11,8,7700.5,Credito 36 meses,Leon,Vendedora Vargas,Coleccion,Protecciones,Vendida,5.0,2025,7
250,Silvia,Flores,21.0,Femenino,Puebla,Suzuki,GN125,Trail,750,Azul,2024,0.0,20880.99,0,20880.99,Credito 36 meses,CDMX Sur,Vendedora Vargas,Deportivo,Protecciones,Vendida,,2024,5
251,Paula,Chavez,62.0,Femenino,Guadalajara,Royal Enfield,Thunderbird 350,Trail,390,Gris,2019,,15178.3,2,14874.73,Credito 12 meses,Tijuana,Vendedora Silva,Turismo,Protecciones,Vendida,1.0,2023,9
252,Luis,Rodriguez,20.0,Masculino,Merida,Honda,CB500F,Touring,1000,Plateado,2024,5319.0,18842.24,5,17900.13,Leasing,Leon,Vendedor Mendoza,Turismo,Ninguno,Devuelta,5.0,2024,7
253,Alberto,Sanchez,26.0,Masculino,Hermosillo,BMW,F750GS,Custom,500,Blanco,2024,264.8,15765.16,0,15765.16,Leasing,Guadalajara,Vendedora Reyes,Deportivo,Solo Casco,En garantia,5.0,2023,10
254,Andres,Sanchez,52.0,Masculino,Monterrey,KTM,Duke 200,Custom,250,Azul,2019,0.0,9639.94,0,9639.94,Leasing,Puebla,Vendedor Ortiz,Trabajo de campo,Ninguno,Devuelta,5.0,2023,3
255,Carlos,Gutierrez,55.0,Masculino,Hermosillo,KTM,Duke 200,Naked,1250,Naranja,2022,6582.9,55184.9,8,50770.11,Credito 36 meses,Puebla,Vendedora Torres,Coleccion,Kit completo,Vendida,5.0,2022,4
256,Elena,Gonzalez,31.0,Femenino,Puebla,Bajaj,Dominar 400,Deportiva,390,Plateado,2018,,12146.65,2,11903.72,Credito 24 meses,CDMX Reforma,Vendedor Mendoza,Deportivo,Solo Casco,En garantia,4.0,2023,11
257,Rosa,Perez,45.0,Femenino,Hermosillo,Yamaha,XTZ 250,Naked,250,Naranja,2019,11970.4,7298.64,0,7298.64,Contado,CDMX Reforma,Vendedor Lopez,Deportivo,Maletas,Vendida,1.0,2025,10
258,Jose,Ortiz,26.0,Masculino,Monterrey,Honda,CB500F,Custom,200,Gris,2020,10136.4,3901.92,0,3901.92,Contado,CDMX Reforma,Vendedora Reyes,Coleccion,Ninguno,Vendida,5.0,2024,2
259,Patricia,Gonzalez,41.0,Femenino,Leon,Kawasaki,W175,Scooter,750,Negro,2020,12770.1,16389.92,5,15570.42,Credito 12 meses,Queretaro,Vendedor Ortiz,Deportivo,Casco + Guantes,Vendida,1.0,2024,10
260,Antonio,Moreno,35.0,Masculino,Guadalajara,Bajaj,Pulsar RS200,Deportiva,750,Amarillo,2018,13285.7,15450.05,2,15141.05,Credito 12 meses,Cancun,Vendedor Lopez,Mixto,Protecciones,Vendida,3.0,2024,5
261,Claudia,Moreno,30.0,Femenino,Tijuana,Bajaj,Dominar 400,Touring,125,Negro,2021,12053.1,4604.54,2,4512.45,Credito 36 meses,Guadalajara,Vendedor Castillo,Trabajo de campo,Casco + Maletas,En garantia,4.0,2024,3
262,Luis,Ortiz,,Masculino,Merida,BMW,C400X,Deportiva,650,Plateado,2018,19735.6,18871.75,0,18871.75,Contado,Queretaro,Vendedora Silva,Mensajeria,Casco + Maletas,Vendida,5.0,2024,1
263,Fernanda,Gutierrez,23.0,Femenino,Tijuana,KTM,Duke 200,Enduro,200,Verde,2022,0.0,5900.79,5,5605.75,Leasing,CDMX Sur,Vendedor Ortiz,Mixto,Solo Casco,Vendida,5.0,2023,11
264,Monica,Moreno,58.0,Femenino,Tijuana,Royal Enfield,Classic 350,Custom,390,Blanco,2022,14441.3,12907.26,2,12649.11,Contado,CDMX Reforma,Vendedora Reyes,Mixto,Protecciones,Vendida,3.0,2025,4
265,Miguel,Ramos,44.0,Masculino,Monterrey,Kawasaki,KLX150,Trail,400,Negro,2018,0.0,15689.68,10,14120.71,Credito 12 meses,Leon,Vendedor Ortiz,Transporte diario,Casco + Guantes,Devuelta,3.0,2025,10
266,Elena,Castillo,48.0,Femenino,Hermosillo,KTM,Duke 200,Deportiva,750,Blanco,2024,13025.1,14264.55,2,13979.25,Credito 36 meses,Leon,Vendedor Lopez,Deportivo,Casco + Maletas,Devuelta,2.0,2023,7
267,Lucia,Ramos,48.0,Femenino,Monterrey,Honda,CB500F,Naked,650,Negro,2020,8993.5,20752.53,0,20752.53,Credito 24 meses,Queretaro,Vendedora Vargas,Mensajeria,Ninguno,Vendida,4.0,2025,12
268,Silvia,Gutierrez,56.0,Femenino,Hermosillo,Kawasaki,KLX150,Touring,125,Verde,2019,18153.5,4737.12,0,4737.12,Credito 24 meses,CDMX Reforma,Vendedora Silva,Trabajo de campo,Ninguno,Vendida,2.0,2023,9
269,Manuel,Reyes,34.0,Masculino,Queretaro,Suzuki,Intruder 150,Enduro,650,Gris,2022,2925.2,13568.46,0,13568.46,Credito 36 meses,Queretaro,Vendedora Reyes,Mixto,Solo Casco,Vendida,4.0,2022,3
270,Andrea,Vargas,23.0,Femenino,Puebla,Royal Enfield,Meteor 350,Trail,500,Verde,2024,24855.0,10569.62,0,10569.62,Credito 36 meses,Puebla,Vendedor Lopez,Mensajeria,Casco + Maletas,Vendida,1.0,2024,2
271,Elena,Silva,45.0,Femenino,Ciudad de Mexico,BMW,G310R,Scooter,400,Verde,2023,0.0,14475.94,10,13028.34,Credito 24 meses,CDMX Reforma,Vendedor Castillo,Deportivo,Protecciones,Vendida,5.0,2022,4
272,Andres,Alvarez,37.0,Masculino,Puebla,Kawasaki,Z400,Trail,1250,Verde,2021,0.0,30669.41,0,30669.41,Credito 12 meses,Monterrey Sur,Vendedora Torres,Transporte diario,Protecciones,Vendida,2.0,2023,1
273,Rosa,Mendoza,29.0,Femenino,Hermosillo,Honda,CB500F,Trail,125,Gris,2023,24634.0,5112.04,0,5112.04,Credito 36 meses,Guadalajara,Vendedor Castillo,Trabajo de campo,Solo Casco,Vendida,4.0,2023,10
274,Carlos,Cruz,35.0,Masculino,Guadalajara,Bajaj,Avenger 220,Custom,650,Plateado,2024,19397.6,12271.47,0,12271.47,Credito 36 meses,Puebla,Vendedor Lopez,Transporte diario,Protecciones,En garantia,5.0,2025,4
275,Ricardo,Morales,52.0,Masculino,Hermosillo,Yamaha,R3,Touring,390,Verde,2020,5928.5,13472.55,0,13472.55,Credito 12 meses,Leon,Vendedor Ortiz,Deportivo,Ninguno,Vendida,4.0,2022,1
276,Daniela,Romero,23.0,Femenino,Puebla,Bajaj,Dominar 400,Enduro,500,Naranja,2021,18020.4,11428.5,0,11428.5,Credito 36 meses,CDMX Reforma,Vendedor Mendoza,Mixto,Protecciones,Vendida,5.0,2023,7
277,Andres,Gutierrez,43.0,Masculino,Hermosillo,Honda,CBR300R,Deportiva,400,Naranja,2023,7500.9,12595.66,10,11336.09,Contado,Guadalajara,Vendedor Lopez,Deportivo,Casco + Maletas,Vendida,4.0,2025,3
278,Paula,Ramirez,30.0,Femenino,Leon,Yamaha,NMAX 155,Deportiva,1250,Naranja,2023,23296.1,33794.66,0,33794.66,Contado,Puebla,Vendedora Silva,Coleccion,Maletas,En garantia,4.0,2025,11
279,Roberto,Torres,49.0,Masculino,Cancun,KTM,RC 390,Custom,1000,Blanco,2025,9526.8,31782.0,10,28603.8,Credito 12 meses,Puebla,Vendedor Ortiz,Mensajeria,Maletas,Vendida,5.0,2024,11
280,Laura,Gomez,20.0,Femenino,Queretaro,Yamaha,MT-03,Scooter,390,Verde,2022,15134.6,9423.13,0,9423.13,Leasing,Tijuana,Vendedora Reyes,Trabajo de campo,Solo Casco,Cancelada,3.0,2024,5
281,Juan,Gomez,64.0,Masculino,Guadalajara,Suzuki,GSX-R150,Deportiva,1000,Negro,2019,0.0,24794.47,8,22810.91,Credito 36 meses,Tijuana,Vendedor Lopez,Transporte diario,Casco + Maletas,Vendida,4.0,2023,9
282,Claudia,Torres,22.0,Femenino,Cancun,Yamaha,FZ25,Custom,300,Blanco,2024,6184.9,10406.63,0,10406.63,Credito 12 meses,Tijuana,Vendedor Mendoza,Transporte diario,Casco + Guantes,Cancelada,4.0,2025,2
283,Gabriela,Castillo,52.0,Femenino,Merida,Royal Enfield,Thunderbird 350,Naked,650,Amarillo,2025,0.0,28106.75,5,26701.41,Leasing,Queretaro,Vendedor Castillo,Turismo,Ninguno,Vendida,5.0,2023,12
284,Luis,Reyes,33.0,Masculino,Ciudad de Mexico,Royal Enfield,Himalayan,Touring,390,Gris,2022,,11360.51,0,11360.51,Credito 36 meses,Tijuana,Vendedor Lopez,Mensajeria,Ninguno,Vendida,3.0,2023,5
285,Valentina,Mendoza,25.0,Femenino,Merida,Honda,PCX150,Scooter,300,Naranja,2018,4714.3,10235.73,10,9212.16,Credito 12 meses,Guadalajara,Vendedor Ortiz,Mixto,Ninguno,Devuelta,,2025,3
286,Manuel,Jimenez,46.0,Masculino,Merida,Yamaha,NMAX 155,Trail,1000,Gris,2022,0.0,24468.17,10,22021.35,Credito 36 meses,CDMX Reforma,Vendedora Torres,Deportivo,Solo Casco,Vendida,,2025,3
287,Carmen,Gutierrez,37.0,Femenino,Monterrey,Royal Enfield,Thunderbird 350,Naked,300,Negro,2021,3803.7,11073.83,2,10852.35,Credito 24 meses,CDMX Sur,Vendedor Mendoza,Mensajeria,Ninguno,Devuelta,4.0,2022,1
288,Francisco,Rivera,61.0,Masculino,Cancun,Yamaha,MT-03,Custom,125,Rojo,2024,19986.6,3915.83,0,3915.83,Credito 24 meses,Monterrey Sur,Vendedor Mendoza,Transporte diario,Kit completo,Vendida,4.0,2023,12
289,Laura,Moreno,39.0,Femenino,Puebla,Royal Enfield,Classic 350,Scooter,250,Amarillo,2024,3049.0,10545.97,0,10545.97,Credito 12 meses,Monterrey Norte,Vendedora Silva,Trabajo de campo,Protecciones,Vendida,3.0,2025,11
290,Diego,Jimenez,30.0,Masculino,Monterrey,Kawasaki,W175,Custom,400,Plateado,2023,0.0,14559.58,0,14559.58,Leasing,Monterrey Sur,Vendedor Castillo,Trabajo de campo,Protecciones,Vendida,4.0,2024,2
291,Lucia,Gonzalez,63.0,Femenino,Queretaro,KTM,Duke 200,Enduro,1000,Negro,2021,8112.8,23880.28,0,23880.28,Credito 36 meses,CDMX Reforma,Vendedor Lopez,Transporte diario,Maletas,Cancelada,5.0,2024,9
292,Rosa,Moreno,50.0,Femenino,Monterrey,Suzuki,V-Strom 650,Deportiva,150,Verde,2019,8460.6,3707.33,2,3633.18,Credito 12 meses,Tijuana,Vendedora Torres,Deportivo,Ninguno,Cancelada,5.0,2024,3
293,Alejandro,Mendoza,41.0,Masculino,Monterrey,KTM,Adventure 390,Scooter,1250,Amarillo,2024,3368.3,29012.58,8,26691.57,Leasing,CDMX Sur,Vendedora Reyes,Deportivo,Maletas,Vendida,2.0,2024,6
294,Rafael,Lopez,39.0,Masculino,Cancun,KTM,RC 390,Touring,1250,Gris,2020,0.0,38308.32,10,34477.49,Leasing,Puebla,Vendedora Reyes,Transporte diario,Casco + Maletas,Vendida,4.0,2025,2
295,Patricia,Gutierrez,50.0,Femenino,Tijuana,Honda,CB500F,Naked,390,Plateado,2023,16457.2,15191.45,0,15191.45,Credito 36 meses,Tijuana,Vendedor Mendoza,Coleccion,Kit completo,Vendida,2.0,2023,1
296,Fernanda,Ruiz,30.0,Femenino,Monterrey,KTM,Duke 200,Naked,150,Negro,2018,3244.4,4818.96,0,4818.96,Credito 36 meses,CDMX Reforma,Vendedora Torres,Transporte diario,Maletas,Vendida,4.0,2022,7
297,Paula,Silva,43.0,Femenino,Puebla,BMW,G310R,Custom,390,Amarillo,2019,0.0,9344.21,8,8596.67,Contado,Leon,Vendedor Lopez,Turismo,Maletas,Vendida,5.0,2023,7
298,Daniela,Perez,61.0,Femenino,Merida,Honda,CB500F,Deportiva,300,Negro,2019,1948.4,9685.07,8,8910.26,Credito 12 meses,Tijuana,Vendedor Ortiz,Deportivo,Solo Casco,Vendida,4.0,2024,6
299,Alberto,Vargas,26.0,Masculino,Cancun,Suzuki,GN125,Custom,1250,Naranja,2019,14414.1,41337.28,8,38030.3,Contado,Guadalajara,Vendedor Mendoza,Coleccion,Ninguno,En garantia,2.0,2024,2
300,Patricia,Alvarez,29.0,Femenino,Leon,Royal Enfield,Himalayan,Enduro,390,Azul,2023,15831.0,12812.36,0,12812.36,Leasing,Tijuana,Vendedora Silva,Trabajo de campo,Casco + Maletas,En garantia,5.0,2025,11
301,Daniela,Mendoza,24.0,Femenino,Queretaro,Royal Enfield,Thunderbird 350,Deportiva,400,Gris,2022,12940.2,7202.11,0,7202.11,Credito 12 meses,CDMX Reforma,Vendedora Vargas,Transporte diario,Casco + Maletas,Vendida,,2024,6
302,Monica,Mendoza,43.0,Femenino,Hermosillo,Suzuki,Gixxer 250,Naked,125,Azul,2020,0.0,3803.75,0,3803.75,Credito 24 meses,CDMX Sur,Vendedora Torres,Coleccion,Ninguno,Vendida,1.0,2023,11
303,Luis,Jimenez,35.0,Masculino,Hermosillo,KTM,Adventure 390,Scooter,200,Negro,2019,7509.8,6236.69,8,5737.76,Contado,Puebla,Vendedora Vargas,Mixto,Ninguno,Vendida,3.0,2023,3
304,Carmen,Reyes,36.0,Femenino,Monterrey,Kawasaki,KLX150,Touring,125,Plateado,2024,0.0,4389.37,8,4038.22,Leasing,Guadalajara,Vendedora Vargas,Coleccion,Protecciones,Cancelada,4.0,2023,7
305,Jose,Torres,49.0,Masculino,Tijuana,Honda,Africa Twin,Naked,1250,Blanco,2019,0.0,56161.15,2,55037.92,Credito 24 meses,Monterrey Sur,Vendedora Reyes,Coleccion,Protecciones,Vendida,4.0,2024,6
306,Rafael,Perez,54.0,Masculino,Cancun,Bajaj,Dominar 400,Scooter,150,Azul,2020,12023.1,4314.03,2,4227.75,Leasing,Cancun,Vendedora Silva,Deportivo,Casco + Guantes,Cancelada,5.0,2024,10
307,Fernanda,Rivera,52.0,Femenino,Hermosillo,KTM,690 Duke,Custom,150,Rojo,2024,4762.2,3155.75,2,3092.63,Credito 24 meses,Guadalajara,Vendedora Vargas,Coleccion,Casco + Maletas,Vendida,4.0,2023,7
308,Rosa,Jimenez,29.0,Femenino,Guadalajara,Suzuki,Intruder 150,Deportiva,125,Rojo,2021,3899.8,5369.22,0,5369.22,Credito 12 meses,Cancun,Vendedor Mendoza,Mixto,Casco + Maletas,Vendida,5.0,2024,8
309,Maria,Gutierrez,37.0,Femenino,Puebla,KTM,Duke 200,Naked,300,Plateado,2023,0.0,9045.5,0,9045.5,Leasing,CDMX Sur,Vendedora Reyes,Coleccion,Protecciones,Vendida,5.0,2025,12
310,Juan,Rodriguez,41.0,Masculino,Cancun,Bajaj,Pulsar NS200,Custom,300,Rojo,2021,15449.1,6779.59,0,6779.59,Contado,Queretaro,Vendedor Castillo,Mensajeria,Casco + Maletas,Vendida,4.0,2024,10
311,Carmen,Chavez,51.0,Femenino,Merida,Honda,XR150L,Deportiva,1000,Blanco,2019,12116.6,28436.13,2,27867.4,Credito 12 meses,Tijuana,Vendedora Reyes,Coleccion,Protecciones,Vendida,5.0,2025,6
312,Carlos,Vargas,56.0,Masculino,Leon,Kawasaki,KLX150,Touring,300,Gris,2020,,8101.91,2,7939.88,Credito 12 meses,Tijuana,Vendedor Castillo,Mixto,Casco + Guantes,Vendida,4.0,2025,12
313,Camila,Gomez,20.0,Femenino,Merida,Honda,CB500F,Custom,300,Azul,2024,2194.9,7227.22,0,7227.22,Credito 36 meses,CDMX Reforma,Vendedor Mendoza,Trabajo de campo,Kit completo,Vendida,4.0,2024,3
314,Andrea,Castillo,43.0,Femenino,Merida,Suzuki,GSX-R150,Naked,1000,Naranja,2021,7725.0,21741.57,5,20654.49,Credito 12 meses,Cancun,Vendedor Mendoza,Turismo,Casco + Guantes,Vendida,5.0,2023,12
315,Pedro,Jimenez,31.0,Masculino,Queretaro,KTM,Duke 390,Naked,1250,Azul,2024,7583.7,23495.06,0,23495.06,Contado,Guadalajara,Vendedor Mendoza,Transporte diario,Casco + Maletas,Cancelada,3.0,2025,9
316,Rosa,Moreno,64.0,Femenino,Cancun,Kawasaki,KLX150,Naked,250,Plateado,2023,0.0,6058.66,0,6058.66,Leasing,Leon,Vendedora Vargas,Deportivo,Casco + Maletas,Vendida,4.0,2024,7
317,Paula,Ramirez,200.0,Femenino,Tijuana,Royal Enfield,Classic 350,Naked,200,Azul,2024,375.4,4643.6,0,4643.6,Credito 12 meses,Monterrey Sur,Vendedor Mendoza,Trabajo de campo,Casco + Maletas,Vendida,4.0,2023,3
318,Gabriela,Jimenez,54.0,Femenino,Hermosillo,Royal Enfield,Classic 350,Enduro,400,Plateado,2024,,11572.56,0,11572.56,Leasing,Monterrey Norte,Vendedora Torres,Trabajo de campo,Ninguno,Vendida,4.0,2024,4
319,Francisco,Cruz,62.0,Masculino,Tijuana,Bajaj,Pulsar NS200,Touring,650,Gris,2018,0.0,18498.83,10,16648.95,Credito 36 meses,Guadalajara,Vendedor Ortiz,Turismo,Maletas,Vendida,3.0,2025,6
320,Diego,Ortiz,31.0,Masculino,Merida,Suzuki,Intruder 150,Naked,1000,Naranja,2019,0.0,30195.85,8,27780.18,Credito 36 meses,Puebla,Vendedora Reyes,Transporte diario,Solo Casco,Vendida,4.0,2024,9
321,Silvia,Hernandez,18.0,Femenino,Cancun,Kawasaki,W175,Custom,150,Verde,2020,3088.6,3712.83,8,3415.81,Contado,Tijuana,Vendedor Ortiz,Mensajeria,Casco + Maletas,Vendida,4.0,2025,9
322,Ricardo,Lopez,37.0,Masculino,Ciudad de Mexico,Bajaj,Pulsar NS200,Trail,200,Rojo,2020,0.0,8526.17,5,8099.86,Credito 36 meses,CDMX Sur,Vendedor Castillo,Mensajeria,Casco + Maletas,Vendida,4.0,2023,12
323,Valentina,Morales,54.0,Femenino,Cancun,Suzuki,Gixxer 250,Enduro,200,Rojo,2022,0.0,8786.34,0,8786.34,Leasing,Leon,Vendedora Silva,Deportivo,Maletas,Devuelta,5.0,2024,6
324,Andrea,Ramos,61.0,Femenino,Merida,Bajaj,Avenger 220,Trail,150,Azul,2021,6952.8,5134.93,0,5134.93,Contado,Guadalajara,Vendedor Mendoza,Transporte diario,Protecciones,Vendida,1.0,2025,9
325,Ana,Hernandez,54.0,Femenino,Tijuana,Suzuki,Gixxer 250,Naked,1000,Blanco,2022,2192.6,33608.5,5,31928.08,Credito 24 meses,Cancun,Vendedor Mendoza,Trabajo de campo,Protecciones,En garantia,1.0,2022,6
326,Ana,Martinez,54.0,Femenino,Queretaro,Yamaha,R3,Scooter,390,Blanco,2019,21082.7,10901.04,2,10683.02,Contado,CDMX Sur,Vendedora Vargas,Coleccion,Ninguno,En garantia,4.0,2024,12
327,Antonio,Silva,59.0,Masculino,Queretaro,Honda,CB190R,Scooter,750,Verde,2019,17216.4,28277.0,8,26014.84,Credito 24 meses,Tijuana,Vendedora Vargas,Deportivo,Maletas,Vendida,4.0,2024,2
328,Claudia,Garcia,42.0,Femenino,Cancun,Royal Enfield,Thunderbird 350,Custom,200,Negro,2022,39.5,8371.78,0,8371.78,Credito 12 meses,Cancun,Vendedor Ortiz,Trabajo de campo,Casco + Guantes,Vendida,5.0,2024,11
329,Daniela,Reyes,40.0,Femenino,Merida,Kawasaki,Ninja 300,Touring,1000,Rojo,2022,7694.3,23432.05,0,23432.05,Contado,Puebla,Vendedora Vargas,Trabajo de campo,Protecciones,Vendida,3.0,2022,4
330,Pedro,Morales,33.0,Masculino,Ciudad de Mexico,Kawasaki,Versys 300,Custom,390,Amarillo,2025,16141.3,16731.61,2,16396.97,Leasing,Puebla,Vendedora Reyes,Mixto,Casco + Maletas,En garantia,5.0,2023,5
331,Ana,Vargas,18.0,Femenino,Leon,BMW,C400X,Trail,1250,Verde,2018,0.0,45389.17,5,43119.71,Contado,Guadalajara,Vendedor Castillo,Mixto,Casco + Guantes,Vendida,3.0,2023,6
332,Camila,Castillo,64.0,Femenino,Leon,Suzuki,GN125,Custom,750,Rojo,2019,18788.5,21388.72,5,20319.28,Credito 24 meses,Queretaro,Vendedora Torres,Trabajo de campo,Solo Casco,Vendida,5.0,2025,10
333,Andrea,Silva,47.0,Femenino,Guadalajara,BMW,F750GS,Scooter,650,Plateado,2023,19444.8,17005.69,0,17005.69,Contado,Leon,Vendedor Mendoza,Deportivo,Kit completo,Vendida,4.0,2025,8
334,Claudia,Rodriguez,29.0,Femenino,Cancun,BMW,S1000R,Scooter,200,Plateado,2020,0.0,7755.2,0,7755.2,Contado,Monterrey Norte,Vendedor Castillo,Transporte diario,Protecciones,Vendida,5.0,2025,1
335,Alejandro,Moreno,36.0,Masculino,Queretaro,Royal Enfield,Meteor 350,Custom,150,Azul,2022,0.0,4808.34,8,4423.67,Credito 24 meses,CDMX Reforma,Vendedora Silva,Turismo,Kit completo,En garantia,5.0,2024,9
336,Andrea,Hernandez,43.0,Femenino,Puebla,Yamaha,R3,Enduro,200,Verde,2018,13990.6,4450.48,0,4450.48,Leasing,Puebla,Vendedor Castillo,Deportivo,Protecciones,Vendida,3.0,2024,9
337,Silvia,Garcia,50.0,Femenino,Cancun,Kawasaki,Z400,Custom,150,Rojo,2025,0.0,3961.08,0,3961.08,Contado,Queretaro,Vendedor Lopez,Transporte diario,Ninguno,Vendida,5.0,2025,9
338,Patricia,Cruz,28.0,Femenino,Hermosillo,Royal Enfield,Himalayan,Naked,300,Negro,2019,18893.6,8091.89,0,8091.89,Credito 36 meses,Monterrey Sur,Vendedora Reyes,Turismo,Protecciones,En garantia,4.0,2023,6
339,Paula,Castillo,36.0,Femenino,Leon,Kawasaki,Z400,Trail,200,Verde,2022,9801.9,8249.92,5,7837.42,Credito 36 meses,Leon,Vendedor Lopez,Transporte diario,Ninguno,Devuelta,5.0,2025,3
340,Fernando,Castillo,62.0,Masculino,Guadalajara,Royal Enfield,Thunderbird 350,Touring,200,Plateado,2020,10142.1,5124.19,0,5124.19,Contado,CDMX Sur,Vendedora Reyes,Trabajo de campo,Maletas,Devuelta,2.0,2024,9
341,Elena,Ortiz,38.0,Femenino,Tijuana,Kawasaki,KLX150,Trail,200,Naranja,2019,20347.9,8859.02,2,8681.84,Leasing,Puebla,Vendedora Silva,Deportivo,Protecciones,Vendida,4.0,2023,5
342,Alberto,Gomez,36.0,Masculino,Guadalajara,Royal Enfield,Meteor 350,Enduro,750,Negro,2019,4404.4,25570.53,0,25570.53,Leasing,Queretaro,Vendedora Vargas,Trabajo de campo,Protecciones,Vendida,4.0,2023,1
343,Luis,Cruz,52.0,Masculino,Merida,Kawasaki,Z400,Touring,750,Naranja,2018,16522.0,31790.93,8,29247.66,Leasing,Cancun,Vendedora Reyes,Deportivo,Solo Casco,Vendida,2.0,2024,10
344,Valentina,Reyes,19.0,Femenino,Tijuana,BMW,R1250GS,Trail,1250,Blanco,2019,15287.3,55662.09,0,55662.09,Credito 24 meses,Monterrey Norte,Vendedora Vargas,Coleccion,Casco + Guantes,Vendida,,2025,2
345,Rafael,Flores,23.0,Masculino,Tijuana,KTM,Duke 200,Scooter,300,Naranja,2024,9856.7,12412.01,0,12412.01,Credito 36 meses,Tijuana,Vendedora Silva,Mensajeria,Solo Casco,En garantia,5.0,2022,5
346,Isabel,Ruiz,51.0,Femenino,Ciudad de Mexico,Kawasaki,KLX150,Naked,400,Rojo,2024,0.0,16307.94,0,16307.94,Contado,Monterrey Norte,Vendedor Mendoza,Mensajeria,Ninguno,Vendida,3.0,2024,11
347,Isabel,Silva,40.0,Femenino,Tijuana,Yamaha,MT-03,Enduro,1000,Blanco,2025,17384.8,39760.42,10,35784.38,Credito 36 meses,Tijuana,Vendedor Ortiz,Coleccion,Casco + Maletas,Devuelta,5.0,2025,5
348,Camila,Reyes,,Femenino,Queretaro,KTM,Duke 390,Scooter,200,Plateado,2025,5918.7,5893.77,0,5893.77,Leasing,Puebla,Vendedor Lopez,Transporte diario,Maletas,Vendida,5.0,2022,9
349,Daniela,Ruiz,53.0,Femenino,Queretaro,Yamaha,Fazer 250,Scooter,500,Plateado,2020,13160.2,21983.46,0,21983.46,Contado,Tijuana,Vendedora Torres,Deportivo,Ninguno,En garantia,2.0,2025,6
350,Rafael,Morales,36.0,Masculino,Hermosillo,BMW,C400X,Custom,125,Verde,2018,12816.6,5299.6,5,5034.62,Credito 36 meses,Puebla,Vendedor Castillo,Turismo,Solo Casco,Vendida,4.0,2023,4
351,Eduardo,Torres,63.0,Masculino,Hermosillo,BMW,C400X,Deportiva,300,Gris,2020,16408.0,5897.48,2,5779.53,Credito 36 meses,Monterrey Sur,Vendedor Mendoza,Coleccion,Casco + Guantes,Vendida,5.0,2024,10
352,Sofia,Silva,53.0,Femenino,Hermosillo,Suzuki,GN125,Custom,300,Blanco,2018,15095.5,7629.26,0,7629.26,Credito 36 meses,Puebla,Vendedor Mendoza,Turismo,Casco + Maletas,Vendida,4.0,2025,10
353,Andres,Alvarez,42.0,Masculino,Cancun,Suzuki,GN125,Trail,125,Naranja,2020,20543.1,3407.11,0,3407.11,Credito 36 meses,CDMX Reforma,Vendedora Reyes,Mensajeria,Protecciones,Vendida,2.0,2025,7
354,Antonio,Cruz,30.0,Masculino,Tijuana,KTM,Duke 200,Scooter,1000,Gris,2019,0.0,25138.68,10,22624.81,Credito 36 meses,Tijuana,Vendedora Silva,Trabajo de campo,Protecciones,Vendida,3.0,2025,10
355,Paula,Vargas,53.0,Femenino,Leon,BMW,F750GS,Enduro,650,Rojo,2022,11220.5,26973.37,0,26973.37,Contado,Tijuana,Vendedora Vargas,Mixto,Ninguno,Vendida,2.0,2025,12
356,Gabriela,Sanchez,62.0,Femenino,Hermosillo,BMW,S1000R,Trail,150,Azul,2024,16882.3,3734.14,5,3547.44,Leasing,Puebla,Vendedor Mendoza,Turismo,Maletas,Vendida,5.0,2024,6
357,Juan,Ramirez,38.0,Masculino,Puebla,Yamaha,FZ25,Deportiva,400,Rojo,2025,18131.3,8255.15,0,8255.15,Leasing,Monterrey Sur,Vendedor Lopez,Coleccion,Protecciones,En garantia,3.0,2023,10
358,Eduardo,Ramos,41.0,Masculino,Hermosillo,Yamaha,XTZ 250,Trail,150,Blanco,2020,19096.4,3049.86,5,2897.37,Contado,Guadalajara,Vendedor Castillo,Turismo,Ninguno,Vendida,5.0,2025,1
359,Sergio,Moreno,43.0,Masculino,Guadalajara,BMW,R1250GS,Touring,1250,Rojo,2023,0.0,52989.46,10,47690.52,Credito 36 meses,Queretaro,Vendedora Vargas,Transporte diario,Kit completo,Vendida,4.0,2024,4
360,Patricia,Morales,56.0,Femenino,Guadalajara,Royal Enfield,Meteor 350,Naked,500,Plateado,2024,0.0,22222.2,0,22222.2,Credito 36 meses,CDMX Reforma,Vendedora Torres,Trabajo de campo,Protecciones,Vendida,2.0,2024,1
361,Carmen,Morales,22.0,Femenino,Ciudad de Mexico,Honda,CB190R,Custom,150,Rojo,2025,0.0,5013.95,0,5013.95,Contado,Queretaro,Vendedor Castillo,Deportivo,Protecciones,Vendida,5.0,2025,7
362,Camila,Moreno,38.0,Femenino,Guadalajara,Honda,CB500F,Enduro,1250,Azul,2025,21101.2,54222.0,2,53137.56,Contado,Queretaro,Vendedora Reyes,Transporte diario,Maletas,Vendida,1.0,2024,12
363,Gabriela,Flores,24.0,Femenino,Guadalajara,BMW,R1250GS,Trail,125,Amarillo,2019,21333.6,4383.92,8,4033.21,Credito 24 meses,CDMX Reforma,Vendedor Mendoza,Coleccion,Casco + Guantes,Vendida,3.0,2023,9
364,Lucia,Ramos,42.0,Femenino,Cancun,BMW,R1250GS,Custom,150,Azul,2025,0.0,5254.0,0,5254.0,Credito 12 meses,Monterrey Norte,Vendedora Silva,Transporte diario,Protecciones,Cancelada,3.0,2024,3
365,Andres,Flores,59.0,Masculino,Monterrey,Bajaj,Pulsar NS200,Touring,650,Rojo,2025,410.5,22991.8,2,22531.97,Credito 36 meses,Monterrey Sur,Vendedora Silva,Mixto,Protecciones,Vendida,5.0,2024,7
366,Monica,Silva,41.0,Femenino,Hermosillo,Suzuki,GN125,Deportiva,250,Azul,2020,476.6,10742.51,0,10742.51,Credito 12 meses,Monterrey Norte,Vendedor Mendoza,Mensajeria,Casco + Guantes,Vendida,2.0,2024,10
367,Carmen,Chavez,49.0,Femenino,Hermosillo,Royal Enfield,Classic 350,Naked,750,Negro,2019,0.0,14795.14,10,13315.63,Credito 12 meses,Queretaro,Vendedora Vargas,Mixto,Casco + Maletas,Vendida,2.0,2022,1
368,Gabriela,Flores,53.0,Femenino,Guadalajara,Yamaha,XTZ 250,Deportiva,750,Gris,2021,14827.1,24554.17,0,24554.17,Credito 12 meses,Queretaro,Vendedor Mendoza,Mensajeria,Kit completo,Vendida,4.0,2023,9
369,Sergio,Morales,56.0,Masculino,Guadalajara,Kawasaki,KLX150,Deportiva,125,Rojo,2024,390.8,2700.13,10,2430.11,Credito 12 meses,Monterrey Sur,Vendedor Castillo,Trabajo de campo,Protecciones,Vendida,4.0,2022,5
370,Isabel,Gonzalez,61.0,Femenino,Hermosillo,Kawasaki,Z400,Custom,1000,Rojo,2024,0.0,25315.64,2,24809.33,Leasing,Guadalajara,Vendedora Reyes,Coleccion,Casco + Guantes,Vendida,4.0,2025,2
371,Daniela,Gutierrez,20.0,Femenino,Merida,Bajaj,Pulsar NS200,Naked,650,Amarillo,2019,21568.3,15835.46,0,15835.46,Credito 12 meses,CDMX Sur,Vendedor Lopez,Deportivo,Casco + Guantes,Vendida,4.0,2023,6
372,Andres,Diaz,19.0,Masculino,Queretaro,Royal Enfield,Classic 350,Touring,200,Amarillo,2018,7126.6,7218.77,0,7218.77,Contado,Monterrey Sur,Vendedor Lopez,Coleccion,Solo Casco,Cancelada,5.0,2024,2
373,Juan,Perez,40.0,Masculino,Leon,Royal Enfield,Meteor 350,Naked,150,Negro,2025,8149.3,6325.07,8,5819.07,Credito 24 meses,CDMX Reforma,Vendedora Torres,Deportivo,Protecciones,Vendida,2.0,2024,4
374,Lucia,Silva,22.0,Femenino,Hermosillo,Bajaj,Pulsar RS200,Scooter,150,Blanco,2018,3623.5,4607.51,2,4515.36,Credito 36 meses,Puebla,Vendedor Mendoza,Trabajo de campo,Protecciones,Vendida,5.0,2023,10
375,Fernando,Hernandez,47.0,Masculino,Cancun,BMW,F750GS,Scooter,390,Naranja,2018,0.0,8359.54,8,7690.78,Credito 12 meses,Puebla,Vendedora Silva,Turismo,Maletas,Vendida,5.0,2023,12
376,Eduardo,Perez,25.0,Masculino,Hermosillo,Suzuki,GN125,Scooter,650,Amarillo,2024,12230.3,26705.32,0,26705.32,Credito 24 meses,Monterrey Norte,Vendedor Ortiz,Mensajeria,Casco + Maletas,Devuelta,5.0,2023,12
377,Francisco,Diaz,57.0,Masculino,Monterrey,KTM,Adventure 390,Deportiva,750,Amarillo,2020,22456.3,18003.73,5,17103.55,Leasing,Monterrey Norte,Vendedor Ortiz,Coleccion,Ninguno,Vendida,5.0,2025,1
378,Carmen,Perez,47.0,Femenino,Ciudad de Mexico,Royal Enfield,Thunderbird 350,Touring,250,Gris,2018,10165.5,5060.87,10,4554.78,Credito 12 meses,Monterrey Sur,Vendedor Lopez,Trabajo de campo,Protecciones,Vendida,4.0,2022,7
379,Patricia,Ruiz,49.0,Femenino,Leon,Royal Enfield,Meteor 350,Custom,500,Amarillo,2024,0.0,15260.77,0,15260.77,Contado,Monterrey Sur,Vendedor Ortiz,Mensajeria,Kit completo,Vendida,5.0,2025,2
380,Roberto,Mendoza,31.0,Masculino,Leon,Bajaj,Dominar 400,Custom,1250,Rojo,2021,2024.0,54430.72,5,51709.19,Leasing,Puebla,Vendedor Lopez,Transporte diario,Ninguno,Vendida,3.0,2023,9
381,Andrea,Lopez,38.0,Femenino,Leon,Honda,XR150L,Naked,390,Plateado,2019,19339.4,8865.57,5,8422.29,Contado,Leon,Vendedora Silva,Mixto,Protecciones,Vendida,3.0,2024,3
382,Alejandro,Rivera,40.0,Masculino,Cancun,KTM,RC 390,Scooter,650,Plateado,2018,0.0,23637.98,0,23637.98,Leasing,Monterrey Sur,Vendedora Reyes,Mensajeria,Maletas,En garantia,5.0,2023,6
383,Andrea,Mendoza,60.0,Femenino,Ciudad de Mexico,KTM,Duke 200,Touring,250,Negro,2019,0.0,10520.35,2,10309.94,Contado,Guadalajara,Vendedor Castillo,Transporte diario,Protecciones,Vendida,4.0,2023,12
384,Andres,Silva,64.0,Masculino,Ciudad de Mexico,Suzuki,GSX-R150,Scooter,650,Verde,2022,17060.1,28409.44,0,28409.44,Credito 36 meses,Leon,Vendedor Lopez,Turismo,Solo Casco,Vendida,4.0,2024,8
385,Juan,Morales,59.0,Masculino,Hermosillo,Kawasaki,KLX150,Custom,1000,Plateado,2023,19670.6,27068.69,5,25715.25,Leasing,Leon,Vendedora Reyes,Turismo,Maletas,En garantia,5.0,2025,4
386,Roberto,Torres,31.0,Masculino,Cancun,Suzuki,V-Strom 650,Naked,250,Blanco,2018,0.0,7768.64,0,7768.64,Leasing,CDMX Sur,Vendedor Mendoza,Deportivo,Casco + Maletas,Vendida,4.0,2023,2
387,Pedro,Perez,52.0,Masculino,Merida,Kawasaki,Ninja 300,Custom,125,Rojo,2020,9241.8,5603.98,5,5323.78,Credito 24 meses,Puebla,Vendedor Mendoza,Turismo,Ninguno,Vendida,5.0,2024,9
388,Rafael,Lopez,19.0,Masculino,Monterrey,BMW,G310R,Custom,125,Plateado,2020,23195.3,3615.4,2,3543.09,Leasing,Puebla,Vendedor Castillo,Trabajo de campo,Kit completo,Vendida,5.0,2025,1
389,Alberto,Gutierrez,63.0,Masculino,Guadalajara,Royal Enfield,Himalayan,Touring,1250,Rojo,2018,0.0,26290.65,2,25764.84,Credito 36 meses,Cancun,Vendedora Silva,Trabajo de campo,Kit completo,En garantia,5.0,2023,3
390,Alejandro,Perez,58.0,Masculino,Monterrey,Honda,CB500F,Deportiva,1000,Plateado,2021,19177.4,23269.04,5,22105.59,Credito 36 meses,Monterrey Sur,Vendedor Ortiz,Deportivo,Ninguno,Devuelta,5.0,2022,5
391,Rosa,Torres,51.0,Femenino,Leon,Honda,Africa Twin,Touring,390,Gris,2024,9320.8,11206.29,8,10309.78,Credito 36 meses,Tijuana,Vendedora Torres,Deportivo,Protecciones,Vendida,3.0,2022,12
392,Fernanda,Ortiz,49.0,Femenino,Hermosillo,Royal Enfield,Himalayan,Deportiva,200,Blanco,2024,0.0,7950.63,2,7791.62,Credito 12 meses,CDMX Sur,Vendedora Reyes,Mixto,Maletas,Vendida,4.0,2025,4
393,Laura,Cruz,35.0,Femenino,Hermosillo,Bajaj,Pulsar NS200,Trail,125,Blanco,2024,0.0,3631.93,0,3631.93,Credito 12 meses,Guadalajara,Vendedor Ortiz,Turismo,Maletas,Vendida,5.0,2022,11
394,Ana,Romero,19.0,Femenino,Monterrey,BMW,C400X,Naked,300,Gris,2025,0.0,9402.21,8,8650.04,Credito 24 meses,Leon,Vendedora Torres,Mensajeria,Protecciones,Vendida,3.0,2022,3
395,Fernanda,Martinez,51.0,Femenino,Hermosillo,Suzuki,Intruder 150,Custom,1250,Verde,2019,12326.3,44261.52,0,44261.52,Leasing,Leon,Vendedor Ortiz,Mixto,Kit completo,Vendida,2.0,2025,8
396,Carmen,Rodriguez,32.0,Femenino,Ciudad de Mexico,KTM,690 Duke,Touring,1250,Amarillo,2022,0.0,41915.15,10,37723.63,Credito 12 meses,Puebla,Vendedor Mendoza,Transporte diario,Kit completo,Cancelada,3.0,2022,9
397,Fernanda,Gonzalez,45.0,Femenino,Guadalajara,KTM,Duke 200,Enduro,300,Blanco,2019,19161.1,7762.48,8,7141.48,Leasing,Puebla,Vendedora Vargas,Mixto,Casco + Maletas,Vendida,2.0,2024,12
398,Sofia,Reyes,50.0,Femenino,Queretaro,KTM,Duke 200,Touring,650,Amarillo,2020,0.0,21879.82,10,19691.84,Credito 36 meses,Puebla,Vendedor Mendoza,Transporte diario,Solo Casco,Vendida,5.0,2025,7
399,Diego,Hernandez,46.0,Masculino,Ciudad de Mexico,Kawasaki,Z400,Deportiva,650,Amarillo,2019,22900.8,22465.67,10,20219.1,Credito 24 meses,CDMX Sur,Vendedora Vargas,Deportivo,Casco + Maletas,Vendida,4.0,2024,5
400,Rosa,Ruiz,52.0,Femenino,Ciudad de Mexico,KTM,Duke 390,Custom,1250,Azul,2019,0.0,32783.09,8,30160.45,Credito 24 meses,Guadalajara,Vendedora Silva,Deportivo,Casco + Guantes,Vendida,4.0,2025,5
401,Carmen,Romero,39.0,Femenino,Merida,Yamaha,FZ25,Enduro,500,Rojo,2021,0.0,19224.01,0,19224.01,Credito 36 meses,Monterrey Sur,Vendedor Castillo,Transporte diario,Casco + Guantes,Cancelada,3.0,2022,5
402,Maria,Lopez,55.0,Femenino,Queretaro,Yamaha,FZ25,Enduro,750,Verde,2020,731.5,17659.37,0,17659.37,Credito 24 meses,Guadalajara,Vendedora Silva,Coleccion,Maletas,Vendida,5.0,2022,7
403,Miguel,Jimenez,22.0,Masculino,Guadalajara,Honda,CB500F,Naked,250,Plateado,2020,13428.2,9331.73,0,9331.73,Credito 36 meses,Puebla,Vendedor Mendoza,Trabajo de campo,Protecciones,Vendida,1.0,2023,5
404,Pedro,Flores,35.0,Masculino,Guadalajara,KTM,Adventure 390,Scooter,400,Negro,2024,0.0,9514.16,0,9514.16,Leasing,Guadalajara,Vendedora Reyes,Mixto,Kit completo,Vendida,1.0,2023,1
405,Monica,Vargas,28.0,Femenino,Cancun,Honda,CB190R,Naked,390,Plateado,2022,18404.4,12218.8,2,11974.42,Credito 36 meses,CDMX Sur,Vendedor Ortiz,Deportivo,Casco + Maletas,Vendida,5.0,2022,10
406,Andres,Vargas,21.0,Masculino,Guadalajara,KTM,Duke 390,Deportiva,125,Blanco,2019,13066.6,5620.69,2,5508.28,Credito 36 meses,Queretaro,Vendedora Torres,Mensajeria,Solo Casco,En garantia,3.0,2024,3
407,Fernando,Diaz,58.0,Masculino,Cancun,Kawasaki,Versys 300,Touring,250,Gris,2019,0.0,8515.99,2,8345.67,Credito 36 meses,Puebla,Vendedora Reyes,Mensajeria,Maletas,Vendida,5.0,2023,10
408,Paula,Lopez,30.0,Femenino,Monterrey,BMW,F750GS,Deportiva,500,Rojo,2025,,10458.5,0,10458.5,Contado,Leon,Vendedor Lopez,Deportivo,Ninguno,Vendida,2.0,2024,9
409,Isabel,Vargas,18.0,Femenino,Cancun,BMW,C400X,Scooter,750,Plateado,2025,5048.3,15450.76,0,15450.76,Credito 24 meses,Tijuana,Vendedora Vargas,Mixto,Casco + Maletas,Devuelta,2.0,2023,2
410,Carlos,Gonzalez,57.0,Masculino,Merida,Bajaj,Pulsar NS200,Custom,400,Gris,2024,899.5,12061.25,10,10855.12,Credito 12 meses,Leon,Vendedor Ortiz,Deportivo,Kit completo,Vendida,4.0,2024,11
411,Paula,Reyes,39.0,Femenino,Monterrey,Yamaha,Fazer 250,Scooter,1000,Gris,2025,21358.8,31244.95,5,29682.7,Credito 36 meses,Cancun,Vendedor Ortiz,Coleccion,Protecciones,Vendida,4.0,2022,8
412,Valentina,Garcia,62.0,Femenino,Leon,KTM,Duke 200,Scooter,125,Negro,2023,18551.4,4242.81,0,4242.81,Credito 36 meses,Puebla,Vendedora Vargas,Trabajo de campo,Kit completo,Vendida,5.0,2024,5
413,Francisco,Gonzalez,25.0,Masculino,Monterrey,Kawasaki,Z400,Enduro,1000,Verde,2019,2861.8,26426.69,0,26426.69,Contado,Leon,Vendedor Ortiz,Coleccion,Maletas,Vendida,2.0,2024,3
414,Sofia,Hernandez,41.0,Femenino,Cancun,Honda,Africa Twin,Deportiva,500,Azul,2024,8060.5,16937.85,0,16937.85,Credito 24 meses,Leon,Vendedora Vargas,Deportivo,Maletas,Vendida,1.0,2024,8
415,Daniela,Torres,48.0,Femenino,Queretaro,Bajaj,Pulsar RS200,Deportiva,500,Gris,2019,13395.9,17578.5,10,15820.65,Leasing,Queretaro,Vendedora Silva,Coleccion,Protecciones,Vendida,4.0,2025,7
416,Alberto,Martinez,45.0,Masculino,Queretaro,Yamaha,Fazer 250,Enduro,390,Gris,2025,8682.9,9898.53,5,9403.61,Credito 36 meses,Tijuana,Vendedora Vargas,Deportivo,Ninguno,Vendida,4.0,2024,6
417,Sofia,Alvarez,49.0,Femenino,Cancun,Royal Enfield,Classic 350,Touring,125,Plateado,2020,5323.8,4368.97,5,4150.52,Leasing,Queretaro,Vendedor Lopez,Coleccion,Solo Casco,Vendida,4.0,2022,12
418,Andrea,Ruiz,34.0,Femenino,Guadalajara,Suzuki,GSX-R150,Custom,200,Azul,2022,10256.5,7630.74,10,6867.67,Credito 36 meses,CDMX Sur,Vendedor Castillo,Mensajeria,Solo Casco,Vendida,5.0,2024,2
419,Rosa,Alvarez,32.0,Femenino,Queretaro,Kawasaki,W175,Scooter,250,Amarillo,2018,0.0,5266.52,0,5266.52,Leasing,Queretaro,Vendedor Ortiz,Mensajeria,Casco + Guantes,Vendida,2.0,2024,9
420,Pedro,Ruiz,58.0,Masculino,Monterrey,BMW,F750GS,Custom,125,Amarillo,2022,4399.6,3122.09,10,2809.88,Contado,Monterrey Norte,Vendedora Torres,Turismo,Maletas,Cancelada,4.0,2025,10
421,Laura,Lopez,38.0,Femenino,Puebla,Bajaj,Dominar 400,Deportiva,1000,Plateado,2024,18105.9,35750.63,0,35750.63,Contado,Tijuana,Vendedor Castillo,Trabajo de campo,Casco + Guantes,Vendida,4.0,2022,5
422,Eduardo,Silva,49.0,Masculino,Tijuana,Yamaha,R3,Naked,390,Blanco,2024,18599.0,15784.48,8,14521.72,Contado,Guadalajara,Vendedora Silva,Turismo,Ninguno,Vendida,5.0,2024,11
423,Sofia,Sanchez,27.0,Femenino,Queretaro,Honda,PCX150,Trail,650,Blanco,2023,11871.4,18276.07,0,18276.07,Credito 24 meses,Leon,Vendedora Vargas,Mixto,Kit completo,Vendida,5.0,2023,9
424,Eduardo,Gomez,57.0,Masculino,Queretaro,Honda,Africa Twin,Custom,1000,Verde,2021,0.0,39571.42,0,39571.42,Contado,Tijuana,Vendedora Silva,Mixto,Ninguno,Vendida,4.0,2024,6
425,Maria,Ruiz,47.0,Femenino,Ciudad de Mexico,Bajaj,Dominar 400,Scooter,300,Verde,2021,0.0,6131.03,10,5517.92,Credito 36 meses,Monterrey Norte,Vendedor Castillo,Mixto,Casco + Guantes,En garantia,5.0,2024,1
426,Paula,Reyes,38.0,Femenino,Guadalajara,Bajaj,Dominar 400,Touring,1250,Naranja,2019,17462.1,36754.85,10,33079.37,Leasing,Tijuana,Vendedora Vargas,Trabajo de campo,Protecciones,Vendida,5.0,2025,1
427,Carlos,Martinez,29.0,Masculino,Guadalajara,Suzuki,Intruder 150,Naked,1000,Azul,2021,7843.0,21674.49,2,21241.0,Leasing,Guadalajara,Vendedor Ortiz,Mixto,Kit completo,En garantia,3.0,2025,5
428,Paula,Diaz,25.0,Femenino,Leon,Suzuki,V-Strom 650,Naked,200,Naranja,2023,4966.6,7312.32,10,6581.09,Credito 36 meses,Cancun,Vendedora Silva,Transporte diario,Casco + Guantes,Vendida,4.0,2023,11
429,Luis,Ramirez,39.0,Masculino,Ciudad de Mexico,Royal Enfield,Classic 350,Deportiva,300,Verde,2018,10722.6,11080.22,0,11080.22,Credito 12 meses,Cancun,Vendedora Torres,Transporte diario,Protecciones,Devuelta,3.0,2024,2
430,Andrea,Morales,19.0,Femenino,Tijuana,Royal Enfield,Meteor 350,Naked,250,Naranja,2022,0.0,9316.56,0,9316.56,Credito 12 meses,Cancun,Vendedora Silva,Mixto,Kit completo,Vendida,5.0,2025,3
431,Javier,Rivera,40.0,Masculino,Hermosillo,Suzuki,Intruder 150,Custom,200,Amarillo,2021,22683.2,3755.37,0,3755.37,Contado,Monterrey Norte,Vendedora Reyes,Deportivo,Casco + Maletas,En garantia,5.0,2024,1
432,Camila,Gutierrez,20.0,Femenino,Monterrey,Kawasaki,W175,Deportiva,1250,Verde,2022,0.0,36786.07,5,34946.77,Credito 12 meses,Leon,Vendedora Vargas,Coleccion,Protecciones,Vendida,4.0,2024,7
433,Juan,Mendoza,61.0,Masculino,Merida,BMW,C400X,Deportiva,750,Blanco,2023,0.0,21213.99,2,20789.71,Credito 24 meses,Guadalajara,Vendedora Reyes,Turismo,Ninguno,Vendida,5.0,2023,10
434,Luis,Lopez,33.0,Masculino,Cancun,KTM,690 Duke,Trail,400,Gris,2023,0.0,8731.39,0,8731.39,Credito 24 meses,Queretaro,Vendedor Castillo,Turismo,Maletas,Devuelta,5.0,2025,4
435,Claudia,Ramos,57.0,Femenino,Cancun,KTM,Adventure 390,Deportiva,200,Azul,2020,23071.3,5303.93,2,5197.85,Credito 12 meses,Monterrey Norte,Vendedora Silva,Deportivo,Casco + Guantes,Vendida,5.0,2024,9
436,Sofia,Gutierrez,27.0,Femenino,Cancun,Suzuki,Intruder 150,Scooter,400,Amarillo,2018,24720.5,8453.06,2,8284.0,Contado,Guadalajara,Vendedora Torres,Turismo,Casco + Guantes,Vendida,5.0,2024,2
437,Roberto,Reyes,58.0,Masculino,Hermosillo,Suzuki,GSX-R150,Naked,1250,Naranja,2021,24290.7,39669.9,0,39669.9,Contado,CDMX Reforma,Vendedora Reyes,Mensajeria,Casco + Guantes,Vendida,4.0,2024,10
438,Maria,Martinez,43.0,Femenino,Cancun,BMW,G310R,Trail,400,Amarillo,2023,0.0,11234.43,0,11234.43,Credito 36 meses,CDMX Sur,Vendedor Lopez,Turismo,Casco + Guantes,En garantia,5.0,2022,9
439,Gabriela,Gutierrez,51.0,Femenino,Hermosillo,Suzuki,GSX-R150,Scooter,125,Negro,2023,18595.0,4955.26,0,4955.26,Credito 36 meses,CDMX Sur,Vendedor Mendoza,Deportivo,Casco + Maletas,Devuelta,5.0,2025,7
440,Laura,Lopez,23.0,Femenino,Guadalajara,Honda,CBR300R,Touring,200,Amarillo,2022,23860.8,5697.92,2,5583.96,Credito 36 meses,CDMX Sur,Vendedor Mendoza,Turismo,Protecciones,En garantia,5.0,2023,4
441,Fernando,Moreno,37.0,Masculino,Tijuana,Kawasaki,W175,Trail,500,Verde,2022,10576.8,20953.08,2,20534.01,Leasing,Guadalajara,Vendedor Ortiz,Mensajeria,Ninguno,Devuelta,3.0,2022,6
442,Carlos,Ramos,38.0,Masculino,Merida,KTM,Adventure 390,Deportiva,1000,Gris,2020,13182.0,24054.22,8,22129.88,Credito 36 meses,Queretaro,Vendedora Torres,Mixto,Ninguno,Vendida,3.0,2022,4
443,Isabel,Reyes,62.0,Femenino,Guadalajara,Suzuki,V-Strom 650,Enduro,250,Naranja,2018,22932.6,8030.87,0,8030.87,Credito 36 meses,Monterrey Sur,Vendedora Reyes,Mensajeria,Protecciones,Vendida,4.0,2024,3
444,Daniela,Romero,41.0,Femenino,Ciudad de Mexico,BMW,C400X,Trail,150,Naranja,2019,11572.0,5813.02,0,5813.02,Contado,Monterrey Sur,Vendedor Ortiz,Mensajeria,Kit completo,Vendida,3.0,2024,8
445,Silvia,Martinez,41.0,Femenino,Hermosillo,Royal Enfield,Thunderbird 350,Touring,750,Negro,2020,0.0,29858.64,0,29858.64,Credito 36 meses,Tijuana,Vendedor Lopez,Transporte diario,Ninguno,Vendida,5.0,2023,12
446,Juan,Chavez,36.0,Masculino,Leon,Suzuki,Intruder 150,Custom,500,Naranja,2025,20328.3,18339.38,10,16505.45,Credito 24 meses,Monterrey Sur,Vendedor Mendoza,Deportivo,Casco + Guantes,Vendida,2.0,2022,12
447,Miguel,Diaz,47.0,Masculino,Merida,Honda,Africa Twin,Naked,250,Negro,2025,16243.5,10298.33,0,10298.33,Credito 24 meses,Leon,Vendedor Mendoza,Trabajo de campo,Ninguno,Cancelada,3.0,2025,3
448,Miguel,Cruz,62.0,Masculino,Hermosillo,Suzuki,GSX-R150,Naked,1250,Azul,2025,0.0,46212.69,2,45288.43,Credito 24 meses,Cancun,Vendedor Ortiz,Transporte diario,Kit completo,Vendida,4.0,2024,2
449,Miguel,Gomez,45.0,Masculino,Cancun,Bajaj,Avenger 220,Enduro,500,Amarillo,2022,0.0,18950.56,5,18003.03,Credito 12 meses,Monterrey Norte,Vendedor Lopez,Trabajo de campo,Maletas,Vendida,5.0,2025,1
450,Monica,Rivera,34.0,Femenino,Cancun,Yamaha,R3,Custom,1000,Naranja,2019,23474.1,29262.71,2,28677.46,Contado,Guadalajara,Vendedor Castillo,Mensajeria,Solo Casco,Vendida,4.0,2023,6
451,Daniela,Castillo,64.0,Femenino,Cancun,Royal Enfield,Classic 350,Naked,650,Gris,2023,21336.3,15555.78,8,14311.31,Credito 36 meses,Queretaro,Vendedora Vargas,Mixto,Ninguno,En garantia,4.0,2024,5
452,Eduardo,Perez,27.0,Masculino,Ciudad de Mexico,Kawasaki,Versys 300,Enduro,1250,Amarillo,2025,0.0,47787.33,8,43964.35,Contado,Queretaro,Vendedora Reyes,Turismo,Solo Casco,Vendida,1.0,2022,6
453,Rafael,Ruiz,62.0,Masculino,Merida,Honda,CB190R,Deportiva,390,Negro,2020,0.0,16295.94,0,16295.94,Credito 24 meses,Queretaro,Vendedora Torres,Coleccion,Solo Casco,Vendida,5.0,2025,3
454,Rafael,Gutierrez,59.0,Masculino,Queretaro,Kawasaki,W175,Naked,300,Plateado,2023,19252.4,13448.67,10,12103.8,Leasing,Monterrey Sur,Vendedor Lopez,Trabajo de campo,Casco + Maletas,En garantia,3.0,2023,5
455,Carmen,Hernandez,37.0,Femenino,Puebla,Yamaha,Fazer 250,Touring,750,Blanco,2018,4176.2,29338.66,0,29338.66,Credito 24 meses,Leon,Vendedora Reyes,Mensajeria,Casco + Maletas,Devuelta,4.0,2024,6
456,Jose,Garcia,43.0,Masculino,Puebla,KTM,RC 390,Trail,200,Amarillo,2025,19230.5,4264.11,0,4264.11,Credito 24 meses,CDMX Sur,Vendedor Mendoza,Transporte diario,Kit completo,Vendida,5.0,2024,1
457,Fernanda,Diaz,41.0,Femenino,Tijuana,KTM,Duke 390,Scooter,200,Amarillo,2024,3449.9,7667.31,5,7283.95,Leasing,Puebla,Vendedor Lopez,Trabajo de campo,Solo Casco,Vendida,5.0,2023,12
458,Diego,Rodriguez,,Masculino,Ciudad de Mexico,Yamaha,FZ25,Enduro,390,Rojo,2020,9831.7,10334.89,10,9301.4,Leasing,CDMX Sur,Vendedor Ortiz,Trabajo de campo,Protecciones,Vendida,5.0,2024,4
459,Gabriela,Perez,38.0,Femenino,Merida,KTM,Duke 200,Enduro,300,Amarillo,2020,11154.7,12691.69,5,12057.1,Credito 24 meses,Queretaro,Vendedora Silva,Turismo,Casco + Guantes,Vendida,2.0,2023,12
460,Rafael,Reyes,24.0,Masculino,Merida,KTM,Adventure 390,Touring,1250,Plateado,2022,,46762.22,0,46762.22,Credito 24 meses,Guadalajara,Vendedor Lopez,Transporte diario,Casco + Maletas,Vendida,5.0,2023,6
461,Elena,Reyes,48.0,Femenino,Leon,BMW,R1250GS,Deportiva,650,Rojo,2023,0.0,13638.26,0,13638.26,Contado,Leon,Vendedor Castillo,Coleccion,Protecciones,Vendida,5.0,2022,4
462,Sergio,Romero,60.0,Masculino,Hermosillo,KTM,Duke 390,Custom,1250,Blanco,2021,7113.4,55878.75,5,53084.82,Credito 36 meses,Tijuana,Vendedora Silva,Transporte diario,Kit completo,Vendida,5.0,2022,4
463,Fernando,Rodriguez,50.0,Masculino,Tijuana,Royal Enfield,Meteor 350,Naked,200,Amarillo,2024,0.0,7442.86,10,6698.57,Credito 12 meses,Leon,Vendedora Torres,Turismo,Protecciones,Devuelta,2.0,2023,8
464,Silvia,Jimenez,28.0,Femenino,Tijuana,Bajaj,Dominar 400,Trail,750,Blanco,2025,23695.5,23601.25,2,23129.23,Credito 12 meses,Tijuana,Vendedor Mendoza,Trabajo de campo,Protecciones,Cancelada,4.0,2025,10
465,Isabel,Hernandez,43.0,Femenino,Hermosillo,Yamaha,XTZ 250,Trail,250,Naranja,2020,9233.3,7574.17,0,7574.17,Contado,Monterrey Sur,Vendedora Vargas,Coleccion,Kit completo,Vendida,3.0,2024,10
466,Diego,Garcia,38.0,Masculino,Ciudad de Mexico,Suzuki,Gixxer 250,Naked,390,Naranja,2022,0.0,10230.86,0,10230.86,Contado,CDMX Sur,Vendedor Castillo,Deportivo,Solo Casco,Vendida,5.0,2023,8
467,Maria,Cruz,36.0,Femenino,Leon,Yamaha,Fazer 250,Trail,390,Naranja,2024,7742.5,7731.45,0,7731.45,Credito 36 meses,Cancun,Vendedor Mendoza,Mixto,Solo Casco,Vendida,5.0,2025,9
468,Andrea,Flores,50.0,Femenino,Merida,Royal Enfield,Classic 350,Deportiva,1250,Amarillo,2024,22506.1,33476.05,10,30128.44,Credito 24 meses,Monterrey Sur,Vendedor Mendoza,Mensajeria,Casco + Guantes,Vendida,3.0,2023,7
469,Monica,Moreno,39.0,Femenino,Cancun,Yamaha,XTZ 250,Enduro,650,Rojo,2018,13043.8,13194.42,5,12534.7,Contado,Tijuana,Vendedor Mendoza,Transporte diario,Kit completo,Vendida,4.0,2022,2
470,Francisco,Flores,45.0,Masculino,Tijuana,Royal Enfield,Meteor 350,Naked,650,Naranja,2018,23346.2,22350.3,2,21903.3,Contado,Tijuana,Vendedora Vargas,Trabajo de campo,Kit completo,Vendida,2.0,2024,1
471,Miguel,Diaz,51.0,Masculino,Ciudad de Mexico,Yamaha,Fazer 250,Deportiva,200,Verde,2022,3855.7,5140.9,0,5140.9,Credito 12 meses,Monterrey Norte,Vendedor Lopez,Turismo,Ninguno,Vendida,4.0,2024,5
472,Alejandro,Sanchez,22.0,Masculino,Hermosillo,Suzuki,Intruder 150,Enduro,390,Azul,2019,0.0,9736.05,10,8762.44,Credito 36 meses,Tijuana,Vendedor Ortiz,Transporte diario,Kit completo,En garantia,5.0,2024,2
473,Alejandro,Gutierrez,33.0,Masculino,Hermosillo,Royal Enfield,Thunderbird 350,Custom,150,Negro,2021,465.6,4660.89,2,0.0,Credito 12 meses,Tijuana,Vendedor Mendoza,Turismo,Maletas,Vendida,5.0,2024,8
474,Andrea,Sanchez,64.0,Femenino,Merida,Yamaha,XTZ 250,Scooter,650,Plateado,2023,4204.7,15270.67,0,15270.67,Credito 36 meses,Monterrey Norte,Vendedor Lopez,Mixto,Ninguno,Vendida,5.0,2024,3
475,Patricia,Perez,49.0,Femenino,Hermosillo,Honda,CB190R,Trail,500,Plateado,2024,21061.0,12689.59,0,12689.59,Credito 24 meses,Monterrey Norte,Vendedor Mendoza,Mensajeria,Maletas,Vendida,3.0,2023,4
476,Roberto,Reyes,39.0,Masculino,Leon,Yamaha,NMAX 155,Custom,1250,Verde,2022,5271.3,26650.47,0,26650.47,Credito 24 meses,Leon,Vendedor Castillo,Deportivo,Protecciones,Vendida,2.0,2024,4
477,Gabriela,Morales,45.0,Femenino,Monterrey,Kawasaki,W175,Deportiva,750,Blanco,2020,51.2,20151.26,8,18539.16,Credito 36 meses,Tijuana,Vendedora Reyes,Mixto,Ninguno,Vendida,5.0,2024,12
478,Luis,Gonzalez,43.0,Masculino,Monterrey,Honda,Africa Twin,Deportiva,500,Amarillo,2024,,18075.32,0,18075.32,Credito 24 meses,CDMX Reforma,Vendedora Reyes,Transporte diario,Solo Casco,Vendida,4.0,2022,3
479,Manuel,Morales,25.0,Masculino,Leon,KTM,Duke 390,Deportiva,150,Gris,2022,5528.7,6005.94,8,5525.46,Credito 36 meses,Cancun,Vendedora Silva,Transporte diario,Solo Casco,Vendida,4.0,2025,7
480,Carmen,Vargas,40.0,Femenino,Hermosillo,BMW,C400X,Enduro,650,Blanco,2021,14142.7,20369.9,5,19351.4,Contado,Cancun,Vendedor Mendoza,Mensajeria,Casco + Guantes,Devuelta,4.0,2025,3
481,Manuel,Gutierrez,28.0,Masculino,Hermosillo,Kawasaki,KLX150,Touring,1250,Plateado,2018,17324.6,48901.03,0,48901.03,Credito 36 meses,Monterrey Norte,Vendedor Ortiz,Mensajeria,Protecciones,Vendida,4.0,2023,12
482,Alejandro,Rodriguez,58.0,Masculino,Puebla,Bajaj,Avenger 220,Deportiva,300,Gris,2025,12931.4,6385.91,5,6066.62,Credito 36 meses,Tijuana,Vendedora Reyes,Turismo,Casco + Guantes,Vendida,4.0,2025,8
483,Lucia,Martinez,35.0,Femenino,Puebla,KTM,Duke 200,Naked,750,Blanco,2021,10595.5,29855.38,8,27466.95,Credito 24 meses,CDMX Sur,Vendedora Torres,Mensajeria,Protecciones,Vendida,5.0,2025,7
484,Juan,Morales,33.0,Masculino,Puebla,Royal Enfield,Thunderbird 350,Touring,125,Rojo,2023,6178.8,4249.79,8,3909.81,Credito 24 meses,Tijuana,Vendedora Silva,Transporte diario,Casco + Maletas,En garantia,5.0,2023,8
485,Carmen,Martinez,55.0,Femenino,Ciudad de Mexico,Royal Enfield,Meteor 350,Deportiva,150,Amarillo,2024,21192.3,6646.83,0,6646.83,Contado,CDMX Sur,Vendedor Ortiz,Transporte diario,Casco + Guantes,Vendida,3.0,2023,5
486,Rafael,Chavez,49.0,Masculino,Hermosillo,Honda,XR150L,Deportiva,400,Amarillo,2024,0.0,11538.18,5,10961.27,Credito 36 meses,Leon,Vendedor Ortiz,Coleccion,Maletas,Vendida,3.0,2024,6
487,Alejandro,Chavez,63.0,Masculino,Guadalajara,Honda,PCX150,Enduro,650,Azul,2019,0.0,17459.8,0,17459.8,Leasing,Guadalajara,Vendedor Castillo,Turismo,Ninguno,Vendida,5.0,2025,7
488,Rosa,Ortiz,33.0,Femenino,Tijuana,Royal Enfield,Classic 350,Enduro,250,Verde,2018,0.0,5429.29,0,5429.29,Credito 24 meses,Cancun,Vendedor Mendoza,Deportivo,Ninguno,Cancelada,4.0,2022,2
489,Rosa,Reyes,21.0,Femenino,Merida,KTM,RC 390,Trail,390,Rojo,2020,0.0,17236.95,5,16375.11,Credito 36 meses,Puebla,Vendedora Silva,Deportivo,Protecciones,Cancelada,5.0,2024,11
490,Luis,Ortiz,22.0,Masculino,Hermosillo,KTM,Duke 390,Touring,1000,Gris,2025,8278.6,30844.58,8,28377.01,Credito 36 meses,Puebla,Vendedor Mendoza,Transporte diario,Ninguno,Vendida,4.0,2024,2
491,Andres,Jimenez,43.0,Masculino,Leon,Kawasaki,Ninja 300,Trail,1000,Naranja,2025,5975.5,24021.68,0,24021.68,Credito 12 meses,Queretaro,Vendedor Mendoza,Mixto,Casco + Guantes,Vendida,5.0,2023,9
492,Maria,Silva,55.0,Femenino,Leon,Yamaha,R3,Deportiva,125,Rojo,2022,15783.4,4122.08,0,4122.08,Credito 12 meses,CDMX Reforma,Vendedor Castillo,Deportivo,Solo Casco,Vendida,5.0,2023,11
493,Patricia,Garcia,19.0,Femenino,Ciudad de Mexico,KTM,690 Duke,Scooter,250,Negro,2020,22766.2,5705.15,0,5705.15,Credito 24 meses,CDMX Reforma,Vendedor Castillo,Trabajo de campo,Solo Casco,Devuelta,4.0,2023,2
494,Daniela,Mendoza,,Femenino,Ciudad de Mexico,Suzuki,GN125,Trail,750,Azul,2019,0.0,31353.69,8,28845.4,Credito 12 meses,Tijuana,Vendedor Ortiz,Mensajeria,Kit completo,Devuelta,4.0,2023,5
495,Rosa,Lopez,45.0,Femenino,Leon,Bajaj,Pulsar RS200,Naked,125,Rojo,2021,7354.6,4825.4,5,4584.13,Credito 24 meses,Guadalajara,Vendedora Reyes,Deportivo,Protecciones,Devuelta,2.0,2023,4
496,Andres,Flores,51.0,Masculino,Leon,Yamaha,MT-03,Enduro,650,Amarillo,2023,11606.7,18511.43,8,17030.52,Credito 36 meses,Leon,Vendedor Castillo,Coleccion,Ninguno,Vendida,4.0,2024,9
497,Antonio,Ortiz,40.0,Masculino,Ciudad de Mexico,Kawasaki,Z400,Trail,500,Verde,2021,22217.7,20652.77,2,20239.72,Credito 24 meses,Tijuana,Vendedora Torres,Deportivo,Casco + Maletas,Vendida,4.0,2025,11
498,Roberto,Diaz,47.0,Masculino,Leon,Royal Enfield,Himalayan,Trail,250,Amarillo,2023,11688.8,8441.75,2,8272.91,Credito 24 meses,CDMX Sur,Vendedor Ortiz,Transporte diario,Solo Casco,Cancelada,4.0,2022,2
499,Elena,Hernandez,19.0,Femenino,Guadalajara,BMW,G310R,Deportiva,390,Verde,2019,23165.1,16512.54,0,16512.54,Contado,Tijuana,Vendedora Silva,Turismo,Solo Casco,Vendida,1.0,2024,6
500,Sofia,Torres,26.0,Femenino,Queretaro,BMW,S1000R,Trail,250,Verde,2022,0.0,9263.09,0,9263.09,Credito 36 meses,Queretaro,Vendedor Lopez,Trabajo de campo,Protecciones,Vendida,5.0,2022,3
501,Ricardo,Moreno,21.0,Masculino,Cancun,Kawasaki,Z400,Custom,1250,Amarillo,2021,,47783.38,2,46827.71,Credito 24 meses,Monterrey Sur,Vendedora Vargas,Mixto,Solo Casco,En garantia,3.0,2023,5
502,Fernanda,Ruiz,52.0,Femenino,Ciudad de Mexico,Kawasaki,W175,Touring,500,Rojo,2023,0.0,20514.75,0,20514.75,Credito 36 meses,Puebla,Vendedora Vargas,Deportivo,Ninguno,Devuelta,4.0,2025,4
503,Camila,Flores,29.0,Femenino,Hermosillo,BMW,S1000R,Custom,750,Naranja,2018,3842.3,13970.61,10,12573.55,Credito 36 meses,CDMX Reforma,Vendedor Ortiz,Transporte diario,Maletas,Vendida,5.0,2022,2
504,Lucia,Hernandez,50.0,Femenino,Merida,Royal Enfield,Meteor 350,Naked,390,Rojo,2022,0.0,13016.99,2,12756.65,Leasing,Leon,Vendedor Lopez,Deportivo,Solo Casco,En garantia,1.0,2023,2
505,Ricardo,Garcia,63.0,Masculino,Ciudad de Mexico,BMW,F750GS,Touring,250,Naranja,2019,9216.3,6464.96,5,6141.71,Credito 36 meses,Guadalajara,Vendedora Torres,Deportivo,Maletas,Vendida,5.0,2024,3
506,Paula,Morales,36.0,Femenino,Ciudad de Mexico,Yamaha,NMAX 155,Enduro,250,Gris,2022,17741.8,5377.04,0,5377.04,Leasing,CDMX Reforma,Vendedora Reyes,Turismo,Solo Casco,Cancelada,2.0,2024,9
507,Jose,Cruz,57.0,Masculino,Cancun,Royal Enfield,Meteor 350,Enduro,400,Rojo,2023,21981.0,13732.36,0,13732.36,Contado,CDMX Sur,Vendedora Reyes,Turismo,Protecciones,Vendida,5.0,2023,9
508,Camila,Gonzalez,36.0,Femenino,Hermosillo,Suzuki,Intruder 150,Deportiva,250,Naranja,2024,22770.8,5712.15,5,5426.54,Contado,CDMX Reforma,Vendedor Mendoza,Turismo,Protecciones,Cancelada,5.0,2024,12
509,Laura,Hernandez,37.0,Femenino,Merida,Kawasaki,W175,Trail,400,Verde,2019,1913.3,17917.81,5,17021.92,Credito 36 meses,Leon,Vendedor Mendoza,Turismo,Solo Casco,Cancelada,4.0,2024,12
510,Sergio,Ruiz,36.0,Masculino,Puebla,Honda,CB190R,Scooter,1000,Rojo,2025,18648.9,36751.11,8,33811.03,Contado,CDMX Sur,Vendedora Torres,Mensajeria,Solo Casco,En garantia,2.0,2024,4
511,Andrea,Morales,57.0,Femenino,Queretaro,Royal Enfield,Thunderbird 350,Trail,150,Blanco,2021,10943.1,3034.32,8,2791.58,Credito 12 meses,Monterrey Norte,Vendedora Torres,Deportivo,Kit completo,Vendida,1.0,2024,4
512,Rafael,Rivera,42.0,Masculino,Ciudad de Mexico,Bajaj,Pulsar RS200,Naked,150,Rojo,2022,0.0,5419.14,0,5419.14,Leasing,CDMX Reforma,Vendedora Reyes,Mensajeria,Casco + Guantes,Devuelta,2.0,2023,9
513,Ricardo,Rivera,21.0,Masculino,Puebla,BMW,R1250GS,Naked,125,Negro,2024,23220.5,4268.94,0,4268.94,Contado,Queretaro,Vendedor Lopez,Transporte diario,Kit completo,Vendida,5.0,2025,6
514,Luis,Flores,58.0,Masculino,Leon,Kawasaki,Ninja 300,Enduro,1000,Azul,2018,2692.1,22532.84,0,22532.84,Leasing,CDMX Reforma,Vendedor Ortiz,Trabajo de campo,Casco + Guantes,Cancelada,4.0,2024,1
515,Antonio,Perez,47.0,Masculino,Cancun,Yamaha,R3,Naked,390,Negro,2023,0.0,8848.24,2,8671.27,Credito 24 meses,Cancun,Vendedora Vargas,Transporte diario,Casco + Guantes,Vendida,3.0,2025,5
516,Javier,Hernandez,38.0,Masculino,Hermosillo,BMW,C400X,Touring,500,Naranja,2020,0.0,22271.88,0,22271.88,Credito 12 meses,Puebla,Vendedor Mendoza,Mensajeria,Casco + Maletas,Vendida,5.0,2024,1
517,Paula,Sanchez,26.0,Femenino,Merida,Yamaha,R3,Enduro,125,Rojo,2025,16014.8,4303.8,5,4088.61,Credito 12 meses,Monterrey Norte,Vendedora Torres,Turismo,Solo Casco,En garantia,5.0,2025,8
518,Elena,Perez,49.0,Femenino,Monterrey,Yamaha,FZ25,Naked,200,Amarillo,2021,0.0,5622.43,0,5622.43,Credito 24 meses,Guadalajara,Vendedor Castillo,Turismo,Protecciones,Vendida,4.0,2024,12
519,Diego,Rodriguez,29.0,Masculino,Puebla,Bajaj,Dominar 400,Trail,125,Azul,2023,5145.4,3022.91,8,2781.08,Leasing,Queretaro,Vendedora Vargas,Deportivo,Ninguno,Vendida,3.0,2023,4
520,Luis,Gonzalez,46.0,Masculino,Hermosillo,Royal Enfield,Meteor 350,Enduro,250,Azul,2021,0.0,4851.72,0,4851.72,Credito 12 meses,Tijuana,Vendedora Torres,Trabajo de campo,Protecciones,Vendida,5.0,2024,9
521,Valentina,Ramos,46.0,Femenino,Puebla,Suzuki,GSX-R150,Touring,250,Amarillo,2021,14410.5,7362.11,5,6994.01,Contado,Puebla,Vendedor Ortiz,Trabajo de campo,Solo Casco,Vendida,5.0,2022,4
522,Andrea,Gomez,39.0,Femenino,Tijuana,Bajaj,Avenger 220,Trail,200,Negro,2025,0.0,8025.86,10,7223.27,Credito 24 meses,Cancun,Vendedor Mendoza,Coleccion,Protecciones,Devuelta,5.0,2023,8
523,Manuel,Lopez,51.0,Masculino,Cancun,Bajaj,Avenger 220,Naked,300,Blanco,2025,0.0,9074.19,2,8892.7,Credito 12 meses,Monterrey Norte,Vendedor Lopez,Mixto,Maletas,Vendida,,2023,6
524,Paula,Ortiz,23.0,Femenino,Guadalajara,Bajaj,Avenger 220,Scooter,400,Rojo,2024,16026.2,17681.32,0,17681.32,Contado,Queretaro,Vendedor Mendoza,Deportivo,Casco + Maletas,En garantia,,2022,6
525,Sofia,Silva,43.0,Femenino,Tijuana,KTM,690 Duke,Custom,1250,Azul,2023,16272.7,38990.99,8,35871.71,Credito 12 meses,Leon,Vendedor Lopez,Mixto,Kit completo,En garantia,3.0,2024,9
526,Jose,Ortiz,46.0,Masculino,Ciudad de Mexico,BMW,C400X,Deportiva,500,Negro,2022,0.0,21747.58,0,21747.58,Contado,Queretaro,Vendedor Ortiz,Mensajeria,Maletas,Vendida,,2024,4
527,Diego,Mendoza,30.0,Masculino,Tijuana,Kawasaki,W175,Enduro,200,Gris,2022,13330.0,8080.65,0,8080.65,Credito 36 meses,Monterrey Sur,Vendedora Torres,Mensajeria,Maletas,Vendida,5.0,2022,8
528,Isabel,Garcia,60.0,Femenino,Guadalajara,BMW,F750GS,Deportiva,1250,Naranja,2018,20409.7,35931.49,0,35931.49,Leasing,Queretaro,Vendedor Castillo,Mensajeria,Ninguno,En garantia,3.0,2024,5
529,Pedro,Ortiz,59.0,Masculino,Puebla,KTM,Duke 390,Naked,1250,Azul,2020,2756.0,27033.71,2,26493.03,Contado,Guadalajara,Vendedora Silva,Turismo,Casco + Maletas,Vendida,,2023,5
530,Andrea,Martinez,58.0,Femenino,Leon,Yamaha,XTZ 250,Deportiva,200,Azul,2024,0.0,4030.97,0,4030.97,Credito 36 meses,Leon,Vendedora Torres,Transporte diario,Casco + Guantes,Devuelta,4.0,2025,7
531,Maria,Moreno,58.0,Femenino,Queretaro,Honda,CB190R,Scooter,250,Amarillo,2024,24672.4,8025.76,0,8025.76,Credito 24 meses,Cancun,Vendedor Ortiz,Turismo,Kit completo,Vendida,5.0,2022,11
532,Gabriela,Romero,30.0,Femenino,Guadalajara,Kawasaki,Versys 300,Deportiva,1000,Amarillo,2018,21826.9,28758.73,5,27320.79,Credito 36 meses,Guadalajara,Vendedor Lopez,Coleccion,Casco + Guantes,En garantia,3.0,2023,3
533,Elena,Garcia,29.0,Femenino,Leon,KTM,Adventure 390,Deportiva,750,Verde,2025,16505.7,27395.24,10,24655.72,Contado,Puebla,Vendedora Reyes,Deportivo,Maletas,En garantia,5.0,2023,1
534,Camila,Perez,62.0,Femenino,Ciudad de Mexico,Yamaha,R3,Trail,400,Plateado,2019,7346.6,17342.12,2,16995.27,Leasing,Tijuana,Vendedor Lopez,Deportivo,Ninguno,Vendida,5.0,2024,9
535,Roberto,Gonzalez,44.0,Masculino,Guadalajara,Royal Enfield,Classic 350,Deportiva,500,Naranja,2021,0.0,21893.19,2,21455.33,Contado,Guadalajara,Vendedora Vargas,Trabajo de campo,Casco + Maletas,Vendida,5.0,2025,1
536,Elena,Castillo,64.0,Femenino,Leon,BMW,R1250GS,Trail,1000,Azul,2025,0.0,21323.65,0,21323.65,Leasing,Cancun,Vendedora Torres,Mensajeria,Kit completo,En garantia,3.0,2024,1
537,Camila,Flores,53.0,Femenino,Hermosillo,Bajaj,Pulsar RS200,Naked,250,Negro,2019,0.0,6248.88,0,6248.88,Leasing,Puebla,Vendedor Mendoza,Mixto,Kit completo,Vendida,2.0,2024,4
538,Silvia,Rivera,50.0,Femenino,Ciudad de Mexico,Honda,XR150L,Enduro,125,Azul,2024,7991.1,4241.45,0,4241.45,Contado,Queretaro,Vendedor Lopez,Coleccion,Casco + Maletas,Vendida,4.0,2024,2
539,Gabriela,Vargas,46.0,Femenino,Monterrey,Suzuki,V-Strom 650,Enduro,250,Verde,2020,3646.8,7873.87,2,7716.39,Credito 24 meses,Tijuana,Vendedora Torres,Turismo,Casco + Maletas,Vendida,4.0,2024,10
540,Lucia,Castillo,31.0,Femenino,Puebla,Royal Enfield,Himalayan,Trail,1250,Azul,2023,0.0,55119.23,0,55119.23,Contado,Guadalajara,Vendedora Reyes,Mensajeria,Ninguno,Vendida,5.0,2024,12
541,Patricia,Gomez,20.0,Femenino,Guadalajara,Honda,CB500F,Enduro,400,Gris,2025,18942.9,10844.03,8,9976.51,Credito 24 meses,CDMX Reforma,Vendedor Ortiz,Transporte diario,Solo Casco,Vendida,,2025,6
542,Silvia,Mendoza,20.0,Femenino,Ciudad de Mexico,Honda,Africa Twin,Naked,300,Azul,2020,12061.0,9106.01,0,9106.01,Credito 12 meses,Monterrey Norte,Vendedora Vargas,Mensajeria,Casco + Maletas,Vendida,3.0,2022,12
543,Jose,Rodriguez,52.0,Masculino,Guadalajara,Bajaj,Avenger 220,Enduro,1000,Verde,2019,11846.9,40724.82,0,40724.82,Leasing,Queretaro,Vendedor Mendoza,Mensajeria,Protecciones,Vendida,2.0,2023,5
544,Elena,Castillo,38.0,Femenino,Guadalajara,Honda,CB190R,Trail,250,Amarillo,2020,9384.3,7177.35,0,7177.35,Credito 36 meses,CDMX Sur,Vendedora Reyes,Turismo,Casco + Guantes,Devuelta,3.0,2024,8
545,Miguel,Ortiz,55.0,Masculino,Hermosillo,Yamaha,FZ25,Scooter,500,Gris,2021,0.0,17659.03,5,16776.07,Contado,Cancun,Vendedor Mendoza,Trabajo de campo,Ninguno,En garantia,5.0,2024,3
546,Valentina,Gomez,62.0,Femenino,Merida,Suzuki,Gixxer 250,Trail,390,Plateado,2020,17518.5,7688.64,10,6919.77,Leasing,Leon,Vendedora Torres,Coleccion,Casco + Maletas,Vendida,4.0,2025,12
547,Antonio,Lopez,61.0,Masculino,Hermosillo,Yamaha,MT-03,Naked,750,Blanco,2025,,27578.12,0,27578.12,Contado,Tijuana,Vendedor Castillo,Mixto,Casco + Maletas,Devuelta,5.0,2025,9
548,Luis,Garcia,40.0,Masculino,Puebla,Yamaha,Fazer 250,Touring,300,Rojo,2020,23630.7,8344.83,5,7927.59,Leasing,CDMX Sur,Vendedora Reyes,Deportivo,Maletas,Vendida,4.0,2023,9
549,Gabriela,Rodriguez,53.0,Femenino,Puebla,KTM,690 Duke,Naked,650,Gris,2019,1118.4,20660.86,8,19007.99,Credito 12 meses,Guadalajara,Vendedora Silva,Coleccion,Kit completo,Vendida,4.0,2024,12
550,Isabel,Ramirez,54.0,Femenino,Tijuana,Bajaj,Pulsar NS200,Custom,650,Blanco,2020,2081.4,16174.68,2,15851.18,Leasing,CDMX Reforma,Vendedora Torres,Mensajeria,Protecciones,Vendida,1.0,2025,4
551,Lucia,Romero,36.0,Femenino,Tijuana,KTM,690 Duke,Scooter,1000,Rojo,2020,3837.3,35489.82,5,33715.33,Leasing,CDMX Reforma,Vendedora Torres,Turismo,Casco + Guantes,Vendida,4.0,2024,11
552,Rafael,Romero,64.0,Masculino,Puebla,Bajaj,Pulsar NS200,Touring,390,Rojo,2023,3658.2,13761.07,0,13761.07,Contado,Queretaro,Vendedora Silva,Trabajo de campo,Casco + Guantes,Vendida,4.0,2023,6
553,Pedro,Mendoza,22.0,Masculino,Monterrey,BMW,C400X,Naked,500,Verde,2022,15186.7,10289.8,0,0.0,Credito 36 meses,Guadalajara,Vendedora Vargas,Mixto,Protecciones,Vendida,5.0,2024,6
554,Paula,Ortiz,18.0,Femenino,Queretaro,Suzuki,V-Strom 650,Deportiva,125,Verde,2020,3566.8,4567.47,8,4202.07,Credito 12 meses,Cancun,Vendedor Ortiz,Mensajeria,Ninguno,Vendida,3.0,2025,8
555,Sergio,Torres,41.0,Masculino,Tijuana,KTM,Adventure 390,Trail,650,Verde,2021,21448.0,16733.69,2,16399.01,Contado,Monterrey Sur,Vendedora Torres,Mensajeria,Solo Casco,Vendida,5.0,2023,11
556,Pedro,Reyes,63.0,Masculino,Ciudad de Mexico,Honda,CB190R,Scooter,1250,Amarillo,2018,10599.6,32147.47,2,31504.52,Leasing,Tijuana,Vendedora Torres,Trabajo de campo,Casco + Guantes,Vendida,4.0,2023,2
557,Juan,Vargas,23.0,Masculino,Merida,Bajaj,Dominar 400,Naked,250,Blanco,2018,24116.2,11211.0,8,10314.12,Contado,Puebla,Vendedor Mendoza,Coleccion,Kit completo,Devuelta,4.0,2023,5
558,Javier,Gutierrez,54.0,Masculino,Guadalajara,Royal Enfield,Thunderbird 350,Touring,200,Gris,2023,6244.1,5615.73,0,5615.73,Credito 36 meses,CDMX Sur,Vendedor Castillo,Deportivo,Casco + Guantes,Cancelada,4.0,2025,4
559,Lucia,Garcia,35.0,Femenino,Hermosillo,BMW,C400X,Scooter,125,Verde,2025,0.0,5407.02,5,5136.67,Credito 24 meses,Puebla,Vendedora Torres,Transporte diario,Kit completo,Devuelta,5.0,2023,4
560,Ricardo,Diaz,34.0,Masculino,Guadalajara,KTM,Duke 200,Scooter,150,Rojo,2019,22462.7,4444.76,0,4444.76,Credito 12 meses,CDMX Sur,Vendedora Silva,Trabajo de campo,Ninguno,Vendida,4.0,2024,5
561,Valentina,Cruz,200.0,Femenino,Ciudad de Mexico,KTM,Adventure 390,Naked,200,Verde,2019,16407.0,6496.71,0,6496.71,Credito 36 meses,Monterrey Norte,Vendedora Vargas,Mixto,Protecciones,Vendida,4.0,2025,11
562,Miguel,Perez,40.0,Masculino,Cancun,Kawasaki,Versys 300,Custom,125,Gris,2023,4007.8,2701.17,2,2647.15,Contado,Queretaro,Vendedora Reyes,Coleccion,Ninguno,Vendida,4.0,2023,3
563,Alejandro,Rivera,38.0,Masculino,Merida,Bajaj,Avenger 220,Deportiva,200,Azul,2018,0.0,4192.56,0,4192.56,Contado,Puebla,Vendedor Ortiz,Coleccion,Protecciones,Vendida,3.0,2025,7
564,Javier,Lopez,21.0,Masculino,Merida,Royal Enfield,Himalayan,Naked,300,Azul,2024,0.0,9336.03,10,8402.42,Credito 24 meses,Monterrey Sur,Vendedor Castillo,Mensajeria,Solo Casco,Vendida,4.0,2022,3
565,Lucia,Ruiz,30.0,Femenino,Hermosillo,Royal Enfield,Meteor 350,Custom,1250,Blanco,2020,0.0,47152.91,5,44795.27,Credito 12 meses,Monterrey Sur,Vendedor Mendoza,Trabajo de campo,Casco + Guantes,Vendida,4.0,2024,1
566,Lucia,Castillo,52.0,Femenino,Puebla,Suzuki,Intruder 150,Naked,125,Verde,2018,13124.3,4330.58,0,4330.58,Credito 36 meses,Leon,Vendedor Lopez,Coleccion,Ninguno,En garantia,4.0,2024,10
567,Roberto,Mendoza,36.0,Masculino,Monterrey,Yamaha,R3,Naked,390,Rojo,2024,0.0,9974.25,0,9974.25,Contado,Monterrey Norte,Vendedora Vargas,Deportivo,Kit completo,Vendida,4.0,2022,1
568,Sofia,Vargas,54.0,Femenino,Monterrey,Yamaha,NMAX 155,Custom,200,Plateado,2023,2788.2,4962.22,2,4862.98,Credito 12 meses,Puebla,Vendedora Vargas,Mensajeria,Casco + Maletas,Vendida,3.0,2025,5
569,Silvia,Hernandez,51.0,Femenino,Ciudad de Mexico,KTM,Duke 390,Custom,1000,Negro,2024,0.0,25450.57,5,24178.04,Contado,Cancun,Vendedora Silva,Deportivo,Protecciones,Vendida,4.0,2025,5
570,Carmen,Jimenez,28.0,Femenino,Ciudad de Mexico,Yamaha,Fazer 250,Deportiva,750,Blanco,2025,5050.0,20443.68,8,18808.19,Credito 12 meses,Queretaro,Vendedor Castillo,Mixto,Casco + Maletas,Vendida,2.0,2024,9
571,Daniela,Ramirez,63.0,Femenino,Ciudad de Mexico,Royal Enfield,Meteor 350,Touring,400,Rojo,2018,0.0,7931.25,2,7772.63,Leasing,Monterrey Norte,Vendedora Silva,Mensajeria,Casco + Maletas,Vendida,5.0,2025,10
572,Paula,Gonzalez,61.0,Femenino,Monterrey,Yamaha,MT-03,Naked,500,Azul,2024,6787.4,19134.83,2,18752.13,Leasing,Monterrey Norte,Vendedora Reyes,Coleccion,Protecciones,Vendida,,2024,10
573,Valentina,Gutierrez,53.0,Femenino,Puebla,Kawasaki,Versys 300,Touring,1250,Rojo,2020,0.0,31562.37,0,31562.37,Credito 12 meses,CDMX Sur,Vendedor Mendoza,Turismo,Casco + Maletas,Vendida,3.0,2025,11
574,Francisco,Mendoza,28.0,Masculino,Merida,Kawasaki,KLX150,Touring,150,Blanco,2023,23660.7,2705.67,0,2705.67,Credito 36 meses,Cancun,Vendedor Castillo,Turismo,Casco + Guantes,En garantia,4.0,2024,5
575,Fernando,Ramos,31.0,Masculino,Queretaro,Kawasaki,Versys 300,Trail,200,Plateado,2019,17202.9,4982.33,0,4982.33,Credito 12 meses,Leon,Vendedora Silva,Turismo,Kit completo,Vendida,4.0,2024,4
576,Alberto,Martinez,,Masculino,Cancun,Bajaj,Pulsar RS200,Naked,500,Amarillo,2024,22554.2,12128.26,8,11158.0,Credito 12 meses,Guadalajara,Vendedora Silva,Coleccion,Ninguno,Cancelada,3.0,2022,4
577,Roberto,Lopez,62.0,Masculino,Guadalajara,Honda,XR150L,Scooter,200,Azul,2024,4696.2,8380.37,10,7542.33,Credito 36 meses,Queretaro,Vendedora Torres,Mensajeria,Maletas,Vendida,5.0,2025,3
578,Juan,Rodriguez,55.0,Masculino,Ciudad de Mexico,Yamaha,NMAX 155,Naked,400,Negro,2018,16112.1,7423.73,10,6681.36,Credito 24 meses,Guadalajara,Vendedor Lopez,Mixto,Casco + Guantes,Vendida,1.0,2025,7
579,Rafael,Morales,33.0,Masculino,Ciudad de Mexico,KTM,Duke 200,Naked,250,Rojo,2025,7684.6,5439.8,10,4895.82,Leasing,CDMX Sur,Vendedora Torres,Transporte diario,Casco + Maletas,Devuelta,5.0,2022,3
580,Miguel,Sanchez,27.0,Masculino,Monterrey,BMW,G310R,Naked,650,Naranja,2020,0.0,27257.32,2,26712.17,Credito 36 meses,Guadalajara,Vendedora Vargas,Mensajeria,Kit completo,Vendida,3.0,2023,2
581,Ricardo,Martinez,58.0,Masculino,Hermosillo,Yamaha,NMAX 155,Touring,200,Negro,2019,7045.4,8950.15,0,8950.15,Credito 24 meses,Monterrey Sur,Vendedor Lopez,Coleccion,Solo Casco,Vendida,3.0,2025,3
582,Javier,Mendoza,36.0,Masculino,Guadalajara,KTM,690 Duke,Touring,200,Amarillo,2022,7175.1,7268.94,0,7268.94,Credito 24 meses,CDMX Sur,Vendedora Torres,Mixto,Casco + Guantes,Vendida,5.0,2022,7
583,Jose,Diaz,20.0,Masculino,Queretaro,KTM,Duke 390,Naked,400,Negro,2025,2829.1,12024.31,10,10821.88,Credito 24 meses,Guadalajara,Vendedor Mendoza,Mixto,Ninguno,Vendida,5.0,2024,5
584,Gabriela,Ramos,30.0,Femenino,Puebla,Royal Enfield,Thunderbird 350,Scooter,500,Naranja,2023,0.0,18361.18,2,17993.96,Leasing,Leon,Vendedora Reyes,Coleccion,Maletas,Devuelta,5.0,2024,1
585,Ricardo,Garcia,53.0,Masculino,Puebla,Yamaha,Fazer 250,Trail,1250,Rojo,2021,5879.8,36737.13,5,34900.27,Credito 24 meses,Tijuana,Vendedora Reyes,Deportivo,Casco + Guantes,Vendida,2.0,2023,2
586,Fernando,Alvarez,63.0,Masculino,Puebla,KTM,Duke 390,Deportiva,300,Blanco,2024,0.0,9129.15,10,8216.23,Contado,Guadalajara,Vendedor Ortiz,Mensajeria,Casco + Guantes,Vendida,5.0,2022,11
587,Daniela,Garcia,52.0,Femenino,Ciudad de Mexico,Honda,Africa Twin,Touring,150,Blanco,2025,21761.9,5384.13,0,5384.13,Contado,CDMX Reforma,Vendedora Torres,Transporte diario,Maletas,Vendida,4.0,2024,2
588,Isabel,Cruz,62.0,Femenino,Monterrey,Suzuki,Intruder 150,Touring,1250,Negro,2022,18063.9,27228.79,5,25867.35,Credito 12 meses,Monterrey Norte,Vendedor Lopez,Coleccion,Casco + Maletas,Cancelada,,2023,8
589,Diego,Silva,34.0,Masculino,Hermosillo,Suzuki,Gixxer 250,Enduro,400,Gris,2025,20738.0,16192.95,8,14897.51,Credito 12 meses,Queretaro,Vendedor Mendoza,Turismo,Casco + Guantes,Vendida,5.0,2024,12
590,Isabel,Chavez,19.0,Femenino,Guadalajara,Kawasaki,W175,Trail,750,Amarillo,2020,24399.7,14633.94,2,14341.26,Credito 36 meses,Puebla,Vendedor Ortiz,Mixto,Ninguno,Vendida,4.0,2023,12
591,Carlos,Flores,51.0,Masculino,Monterrey,KTM,Adventure 390,Naked,250,Gris,2019,19469.9,6321.96,0,6321.96,Credito 12 meses,Tijuana,Vendedora Torres,Transporte diario,Solo Casco,Vendida,5.0,2025,7
592,Roberto,Ortiz,44.0,Masculino,Hermosillo,Kawasaki,KLX150,Deportiva,250,Amarillo,2021,0.0,8809.13,0,8809.13,Contado,Monterrey Norte,Vendedora Vargas,Transporte diario,Kit completo,Vendida,4.0,2025,1
593,Fernando,Castillo,58.0,Masculino,Guadalajara,BMW,R1250GS,Touring,650,Naranja,2024,24346.3,15120.21,10,13608.19,Leasing,Monterrey Sur,Vendedor Mendoza,Transporte diario,Maletas,Vendida,1.0,2023,3
594,Paula,Castillo,42.0,Femenino,Puebla,Honda,XR150L,Naked,200,Blanco,2019,2332.3,4418.3,2,4329.94,Credito 12 meses,Tijuana,Vendedora Vargas,Trabajo de campo,Casco + Maletas,Vendida,5.0,2024,10
595,Alejandro,Gomez,27.0,Masculino,Puebla,BMW,S1000R,Naked,750,Negro,2018,,30833.04,2,30216.38,Credito 12 meses,Cancun,Vendedora Reyes,Transporte diario,Casco + Maletas,Devuelta,4.0,2024,2
596,Jose,Torres,31.0,Masculino,Ciudad de Mexico,BMW,C400X,Deportiva,150,Gris,2023,0.0,4720.59,2,4626.18,Leasing,Puebla,Vendedora Vargas,Transporte diario,Casco + Guantes,Vendida,3.0,2023,6
597,Sergio,Morales,47.0,Masculino,Monterrey,BMW,R1250GS,Touring,300,Gris,2020,24292.0,11581.49,2,11349.86,Credito 36 meses,Queretaro,Vendedor Mendoza,Trabajo de campo,Kit completo,Vendida,3.0,2025,2
598,Daniela,Jimenez,200.0,Femenino,Puebla,Yamaha,XTZ 250,Custom,400,Plateado,2018,16096.7,12664.18,0,12664.18,Contado,Guadalajara,Vendedora Torres,Turismo,Ninguno,Vendida,3.0,2022,2
599,Alberto,Gutierrez,28.0,Masculino,Cancun,Bajaj,Pulsar NS200,Deportiva,250,Negro,2019,11712.2,7120.51,2,6978.1,Credito 12 meses,Monterrey Sur,Vendedor Ortiz,Mixto,Ninguno,Vendida,4.0,2022,1
600,Ricardo,Jimenez,46.0,Masculino,Cancun,KTM,Duke 200,Deportiva,390,Gris,2025,0.0,10625.72,5,10094.43,Credito 36 meses,Monterrey Norte,Vendedor Mendoza,Trabajo de campo,Solo Casco,Vendida,3.0,2024,7
601,Alejandro,Perez,41.0,Masculino,Monterrey,Honda,CB500F,Naked,400,Rojo,2023,24464.0,7873.92,10,7086.53,Credito 36 meses,CDMX Sur,Vendedor Castillo,Mensajeria,Solo Casco,En garantia,1.0,2023,9
602,Jose,Vargas,46.0,Masculino,Queretaro,Yamaha,R3,Naked,400,Rojo,2025,13119.4,8082.46,10,7274.21,Contado,Queretaro,Vendedora Vargas,Mixto,Kit completo,En garantia,5.0,2022,9
603,Antonio,Silva,44.0,Masculino,Hermosillo,KTM,Adventure 390,Scooter,500,Rojo,2020,10919.6,15419.24,8,14185.7,Leasing,Cancun,Vendedora Silva,Transporte diario,Protecciones,En garantia,4.0,2025,3
604,Alejandro,Vargas,30.0,Masculino,Tijuana,KTM,Duke 200,Touring,200,Plateado,2025,2840.2,8441.11,0,8441.11,Contado,Leon,Vendedor Mendoza,Mensajeria,Ninguno,Vendida,4.0,2025,3
605,Carlos,Perez,54.0,Masculino,Puebla,Kawasaki,Z400,Custom,400,Rojo,2020,5403.4,14721.62,10,13249.46,Credito 24 meses,Puebla,Vendedor Lopez,Turismo,Kit completo,Vendida,1.0,2024,12
606,Andres,Hernandez,44.0,Masculino,Ciudad de Mexico,Royal Enfield,Thunderbird 350,Scooter,400,Naranja,2024,19127.0,10998.67,10,9898.81,Credito 24 meses,Guadalajara,Vendedor Mendoza,Coleccion,Ninguno,En garantia,5.0,2022,5
607,Valentina,Hernandez,38.0,Femenino,Guadalajara,Bajaj,Dominar 400,Custom,1250,Rojo,2019,20148.5,43437.71,10,39093.94,Leasing,Queretaro,Vendedora Torres,Trabajo de campo,Protecciones,En garantia,3.0,2023,11
608,Sergio,Hernandez,34.0,Masculino,Puebla,Honda,Africa Twin,Trail,300,Amarillo,2021,13789.7,12298.81,0,12298.81,Contado,Puebla,Vendedora Reyes,Trabajo de campo,Casco + Maletas,Vendida,5.0,2023,4
609,Maria,Silva,36.0,Femenino,Tijuana,KTM,Duke 390,Custom,650,Azul,2022,22566.8,16677.26,8,15343.08,Contado,Queretaro,Vendedor Lopez,Transporte diario,Casco + Guantes,Vendida,5.0,2022,6
610,Fernando,Chavez,56.0,Masculino,Tijuana,KTM,RC 390,Trail,200,Rojo,2021,9784.1,8779.47,2,8603.88,Leasing,Queretaro,Vendedor Mendoza,Mensajeria,Ninguno,Vendida,4.0,2024,2
611,Ricardo,Romero,31.0,Masculino,Tijuana,KTM,690 Duke,Trail,200,Gris,2020,15786.0,5961.97,0,5961.97,Leasing,Guadalajara,Vendedora Vargas,Deportivo,Casco + Guantes,Devuelta,,2025,2
612,Juan,Martinez,54.0,Masculino,Hermosillo,Bajaj,Pulsar NS200,Scooter,1000,Rojo,2018,13591.8,38790.87,0,38790.87,Credito 12 meses,Leon,Vendedora Vargas,Deportivo,Solo Casco,Devuelta,5.0,2023,9
613,Roberto,Ramirez,55.0,Masculino,Guadalajara,Kawasaki,KLX150,Naked,250,Rojo,2024,16481.4,9402.61,10,8462.35,Leasing,Monterrey Sur,Vendedora Torres,Trabajo de campo,Maletas,Vendida,5.0,2023,7
614,Miguel,Alvarez,62.0,Masculino,Puebla,Suzuki,V-Strom 650,Scooter,300,Negro,2019,9034.9,12646.3,0,12646.3,Credito 36 meses,Monterrey Norte,Vendedor Ortiz,Transporte diario,Ninguno,Vendida,4.0,2025,4
615,Antonio,Garcia,35.0,Masculino,Ciudad de Mexico,Bajaj,Avenger 220,Custom,390,Rojo,2020,0.0,13691.3,2,13417.47,Contado,Puebla,Vendedora Vargas,Trabajo de campo,Maletas,Vendida,5.0,2022,12
616,Pedro,Perez,57.0,Masculino,Leon,BMW,G310R,Deportiva,250,Azul,2018,19024.0,8591.25,5,8161.69,Contado,Puebla,Vendedor Mendoza,Deportivo,Casco + Guantes,Vendida,4.0,2022,11
617,Manuel,Diaz,52.0,Masculino,Merida,BMW,R1250GS,Scooter,250,Azul,2022,20225.3,10934.3,0,10934.3,Credito 24 meses,Guadalajara,Vendedora Silva,Mensajeria,Casco + Maletas,Vendida,5.0,2025,5
618,Camila,Mendoza,61.0,Femenino,Cancun,Yamaha,Fazer 250,Scooter,750,Gris,2021,12195.8,19809.6,10,17828.64,Credito 24 meses,Cancun,Vendedora Torres,Coleccion,Ninguno,Vendida,5.0,2023,6
619,Lucia,Ramirez,41.0,Femenino,Hermosillo,KTM,RC 390,Scooter,1000,Gris,2020,23952.4,40122.23,2,39319.78,Leasing,Tijuana,Vendedora Vargas,Trabajo de campo,Casco + Guantes,En garantia,5.0,2025,3
620,Pedro,Moreno,42.0,Masculino,Leon,KTM,Adventure 390,Deportiva,200,Rojo,2021,9299.1,5531.82,0,5531.82,Credito 24 meses,Monterrey Norte,Vendedora Vargas,Deportivo,Ninguno,Vendida,4.0,2025,4
621,Elena,Ramirez,41.0,Femenino,Hermosillo,Yamaha,NMAX 155,Trail,300,Negro,2021,0.0,10274.6,5,9760.87,Leasing,Queretaro,Vendedor Ortiz,Turismo,Casco + Maletas,Vendida,5.0,2022,10
622,Lucia,Cruz,55.0,Femenino,Ciudad de Mexico,Kawasaki,Ninja 300,Enduro,500,Verde,2024,0.0,15731.79,0,15731.79,Leasing,Queretaro,Vendedora Silva,Coleccion,Casco + Guantes,Devuelta,4.0,2023,1
623,Maria,Rodriguez,57.0,Femenino,Leon,Honda,PCX150,Custom,300,Rojo,2018,22950.9,6461.57,2,6332.34,Contado,Leon,Vendedora Torres,Mixto,Casco + Maletas,Vendida,5.0,2024,10
624,Valentina,Torres,64.0,Femenino,Cancun,BMW,S1000R,Scooter,390,Negro,2023,1176.8,11235.63,5,10673.84,Credito 24 meses,Cancun,Vendedora Torres,Transporte diario,Solo Casco,Devuelta,2.0,2023,5
625,Juan,Martinez,42.0,Masculino,Puebla,Suzuki,Gixxer 250,Custom,390,Verde,2024,0.0,16090.42,8,14803.19,Leasing,Monterrey Norte,Vendedor Lopez,Turismo,Casco + Maletas,Devuelta,4.0,2023,12
626,Miguel,Gonzalez,33.0,Masculino,Ciudad de Mexico,Honda,XR150L,Enduro,150,Amarillo,2024,0.0,3768.09,8,3466.65,Contado,Guadalajara,Vendedora Vargas,Mixto,Solo Casco,Vendida,5.0,2024,4
627,Andrea,Jimenez,64.0,Femenino,Cancun,Yamaha,Fazer 250,Naked,650,Negro,2025,8047.8,15921.19,2,15602.76,Credito 24 meses,CDMX Sur,Vendedora Torres,Turismo,Maletas,Vendida,4.0,2025,7
628,Antonio,Morales,42.0,Masculino,Guadalajara,Yamaha,FZ25,Touring,500,Azul,2021,9626.5,9813.6,0,9813.6,Leasing,Tijuana,Vendedora Vargas,Mixto,Kit completo,Vendida,3.0,2023,8
629,Isabel,Moreno,20.0,Femenino,Tijuana,Yamaha,MT-03,Naked,250,Negro,2025,12836.6,10687.71,2,10473.95,Credito 24 meses,Queretaro,Vendedor Mendoza,Mensajeria,Kit completo,Vendida,5.0,2024,12
630,Jose,Garcia,40.0,Masculino,Cancun,Royal Enfield,Meteor 350,Custom,1250,Plateado,2025,0.0,26219.22,0,26219.22,Credito 36 meses,Puebla,Vendedor Castillo,Transporte diario,Maletas,Vendida,4.0,2025,7
631,Fernando,Ramirez,22.0,Masculino,Leon,Bajaj,Pulsar RS200,Deportiva,200,Rojo,2023,0.0,5743.41,2,5628.54,Credito 36 meses,Queretaro,Vendedora Silva,Turismo,Solo Casco,Vendida,5.0,2024,12
632,Patricia,Hernandez,39.0,Femenino,Puebla,BMW,C400X,Deportiva,750,Rojo,2019,16158.6,23495.73,2,23025.81,Contado,Cancun,Vendedor Castillo,Deportivo,Casco + Guantes,Vendida,3.0,2023,10
633,Manuel,Jimenez,43.0,Masculino,Queretaro,Kawasaki,KLX150,Scooter,1250,Azul,2024,0.0,46659.04,2,45725.86,Credito 12 meses,CDMX Reforma,Vendedora Vargas,Mensajeria,Kit completo,En garantia,4.0,2023,5
634,Maria,Castillo,25.0,Femenino,Puebla,Yamaha,MT-03,Naked,650,Verde,2025,21314.1,27631.58,5,26250.0,Contado,Guadalajara,Vendedor Mendoza,Turismo,Ninguno,Vendida,4.0,2024,11
635,Juan,Moreno,18.0,Masculino,Monterrey,Royal Enfield,Thunderbird 350,Enduro,390,Verde,2019,0.0,7239.31,0,7239.31,Credito 36 meses,Cancun,Vendedor Lopez,Trabajo de campo,Casco + Maletas,Vendida,5.0,2023,12
636,Andres,Lopez,64.0,Masculino,Guadalajara,Yamaha,FZ25,Deportiva,125,Gris,2021,,4164.53,0,4164.53,Credito 24 meses,Leon,Vendedora Reyes,Mensajeria,Kit completo,Vendida,5.0,2024,2
637,Paula,Moreno,22.0,Femenino,Hermosillo,BMW,S1000R,Scooter,500,Negro,2022,22284.3,9183.07,0,9183.07,Credito 24 meses,Tijuana,Vendedor Lopez,Deportivo,Ninguno,Vendida,3.0,2022,1
638,Jose,Perez,55.0,Masculino,Tijuana,KTM,Adventure 390,Custom,125,Negro,2024,18609.1,3074.74,8,2828.76,Credito 24 meses,Tijuana,Vendedora Reyes,Coleccion,Solo Casco,Vendida,3.0,2024,5
639,Daniela,Ortiz,63.0,Femenino,Merida,KTM,Adventure 390,Custom,750,Verde,2022,0.0,21950.21,0,21950.21,Leasing,Monterrey Sur,Vendedor Ortiz,Mixto,Ninguno,Vendida,3.0,2025,2
640,Valentina,Torres,31.0,Femenino,Hermosillo,Yamaha,FZ25,Enduro,500,Blanco,2025,13079.7,21517.65,0,21517.65,Credito 24 meses,Leon,Vendedor Castillo,Transporte diario,Casco + Maletas,Vendida,4.0,2022,6
641,Maria,Torres,46.0,Femenino,Monterrey,Royal Enfield,Meteor 350,Scooter,250,Verde,2019,0.0,6410.37,5,6089.85,Contado,Monterrey Norte,Vendedor Castillo,Deportivo,Kit completo,Vendida,5.0,2024,1
642,Claudia,Torres,28.0,Femenino,Puebla,Suzuki,Gixxer 250,Deportiva,1250,Amarillo,2021,22956.5,31635.08,8,29104.27,Credito 24 meses,CDMX Reforma,Vendedor Ortiz,Trabajo de campo,Ninguno,Devuelta,5.0,2023,6
643,Manuel,Moreno,58.0,Masculino,Puebla,BMW,C400X,Touring,300,Blanco,2023,3479.4,6803.75,2,6667.67,Credito 36 meses,Tijuana,Vendedora Silva,Turismo,Kit completo,Vendida,5.0,2025,11
644,Roberto,Reyes,43.0,Masculino,Cancun,Royal Enfield,Classic 350,Custom,400,Verde,2024,0.0,15649.98,10,14084.98,Leasing,Puebla,Vendedora Reyes,Turismo,Ninguno,Vendida,3.0,2024,2
645,Fernanda,Lopez,36.0,Femenino,Hermosillo,Bajaj,Avenger 220,Touring,125,Azul,2024,,5329.88,0,5329.88,Leasing,Tijuana,Vendedora Vargas,Deportivo,Maletas,Vendida,3.0,2022,6
646,Ana,Ramirez,21.0,Femenino,Guadalajara,Bajaj,Pulsar RS200,Touring,400,Negro,2025,2116.5,14436.86,2,14148.12,Credito 24 meses,Cancun,Vendedora Reyes,Mensajeria,Kit completo,Devuelta,5.0,2023,1
647,Miguel,Mendoza,60.0,Masculino,Ciudad de Mexico,Honda,Africa Twin,Touring,250,Gris,2025,0.0,7984.78,5,7585.54,Contado,Leon,Vendedora Silva,Transporte diario,Casco + Guantes,Vendida,,2025,8
648,Jose,Reyes,30.0,Masculino,Cancun,Yamaha,Fazer 250,Scooter,150,Rojo,2025,0.0,3701.18,0,3701.18,Contado,CDMX Sur,Vendedor Ortiz,Trabajo de campo,Solo Casco,En garantia,5.0,2023,1
649,Rafael,Gonzalez,60.0,Masculino,Ciudad de Mexico,BMW,C400X,Trail,1000,Azul,2019,15904.9,29856.51,8,27467.99,Credito 12 meses,Tijuana,Vendedora Silva,Trabajo de campo,Ninguno,Vendida,3.0,2024,6
650,Valentina,Cruz,46.0,Femenino,Tijuana,Yamaha,Fazer 250,Trail,500,Naranja,2024,19996.4,13959.08,0,13959.08,Credito 12 meses,Monterrey Norte,Vendedor Castillo,Trabajo de campo,Casco + Guantes,Vendida,1.0,2022,5
651,Maria,Silva,45.0,Femenino,Leon,BMW,G310R,Naked,1000,Amarillo,2025,0.0,35561.4,8,32716.49,Credito 36 meses,CDMX Sur,Vendedor Lopez,Deportivo,Kit completo,En garantia,3.0,2024,8
652,Fernando,Lopez,59.0,Masculino,Queretaro,Bajaj,Pulsar NS200,Trail,200,Gris,2023,21466.6,7141.96,0,7141.96,Credito 36 meses,Monterrey Sur,Vendedora Reyes,Trabajo de campo,Ninguno,Vendida,5.0,2024,11
653,Alberto,Martinez,39.0,Masculino,Monterrey,BMW,F750GS,Deportiva,1250,Blanco,2023,20747.2,33437.59,5,31765.71,Credito 12 meses,Monterrey Sur,Vendedora Torres,Trabajo de campo,Protecciones,Vendida,1.0,2024,10
654,Gabriela,Martinez,53.0,Femenino,Monterrey,Kawasaki,Z400,Enduro,150,Gris,2024,10501.4,6344.17,0,6344.17,Contado,Monterrey Norte,Vendedora Torres,Trabajo de campo,Casco + Maletas,Vendida,4.0,2025,3
655,Rosa,Ramos,18.0,Femenino,Hermosillo,Honda,CBR300R,Enduro,390,Azul,2024,0.0,8153.67,2,7990.6,Credito 12 meses,CDMX Sur,Vendedora Reyes,Trabajo de campo,Protecciones,Vendida,5.0,2023,4
656,Elena,Garcia,37.0,Femenino,Guadalajara,Kawasaki,Z400,Naked,400,Rojo,2021,0.0,15989.45,10,14390.5,Credito 12 meses,Monterrey Norte,Vendedora Vargas,Mixto,Ninguno,Devuelta,5.0,2025,11
657,Alejandro,Mendoza,43.0,Masculino,Merida,Suzuki,GN125,Trail,500,Blanco,2025,8912.1,11566.85,0,11566.85,Contado,Leon,Vendedor Ortiz,Mensajeria,Ninguno,Vendida,5.0,2023,4
658,Alberto,Chavez,44.0,Masculino,Merida,Yamaha,MT-03,Touring,650,Rojo,2025,0.0,16933.88,0,16933.88,Credito 12 meses,CDMX Sur,Vendedor Castillo,Trabajo de campo,Protecciones,Vendida,5.0,2025,10
659,Laura,Castillo,,Femenino,Guadalajara,Suzuki,V-Strom 650,Enduro,150,Amarillo,2022,1416.2,4864.42,0,4864.42,Credito 24 meses,Monterrey Norte,Vendedor Lopez,Turismo,Ninguno,Cancelada,1.0,2025,9
660,Lucia,Mendoza,58.0,Femenino,Monterrey,KTM,Duke 200,Naked,200,Amarillo,2023,16583.4,4702.86,10,4232.57,Contado,Cancun,Vendedor Lopez,Turismo,Casco + Guantes,Vendida,5.0,2022,8
661,Rosa,Morales,,Femenino,Merida,Yamaha,Fazer 250,Naked,500,Verde,2018,0.0,21779.11,0,21779.11,Credito 36 meses,Leon,Vendedor Castillo,Mixto,Casco + Maletas,Vendida,4.0,2024,8
662,Juan,Gutierrez,38.0,Masculino,Cancun,Honda,CB190R,Deportiva,250,Naranja,2024,18448.1,8105.75,10,7295.18,Credito 36 meses,Guadalajara,Vendedor Ortiz,Mensajeria,Ninguno,Vendida,5.0,2023,12
663,Miguel,Diaz,24.0,Masculino,Monterrey,Royal Enfield,Meteor 350,Naked,750,Azul,2023,0.0,33396.32,0,33396.32,Contado,Cancun,Vendedor Lopez,Deportivo,Ninguno,En garantia,5.0,2025,5
664,Juan,Flores,31.0,Masculino,Leon,Kawasaki,Ninja 300,Enduro,150,Azul,2020,0.0,2929.45,2,2870.86,Credito 24 meses,Guadalajara,Vendedor Ortiz,Trabajo de campo,Protecciones,Devuelta,4.0,2024,4
665,Luis,Cruz,62.0,Masculino,Queretaro,Yamaha,R3,Touring,650,Plateado,2023,21469.0,15312.86,8,14087.83,Credito 24 meses,CDMX Reforma,Vendedor Castillo,Turismo,Protecciones,Vendida,3.0,2023,7
666,Carlos,Silva,63.0,Masculino,Ciudad de Mexico,KTM,Adventure 390,Trail,1250,Plateado,2022,0.0,54581.52,2,53489.89,Credito 12 meses,CDMX Sur,Vendedora Silva,Transporte diario,Kit completo,Vendida,2.0,2022,3
667,Carlos,Ramirez,54.0,Masculino,Hermosillo,Kawasaki,W175,Scooter,1000,Gris,2018,843.9,38633.18,0,38633.18,Contado,Monterrey Norte,Vendedor Castillo,Mixto,Maletas,Vendida,2.0,2025,4
668,Paula,Gutierrez,51.0,Femenino,Monterrey,Honda,PCX150,Custom,400,Gris,2021,16498.1,11995.41,0,11995.41,Contado,Tijuana,Vendedora Vargas,Transporte diario,Maletas,Devuelta,4.0,2025,2
669,Sofia,Silva,40.0,Femenino,Monterrey,Kawasaki,Ninja 300,Trail,390,Negro,2024,19565.3,14662.53,5,13929.4,Leasing,Queretaro,Vendedor Castillo,Mixto,Maletas,Vendida,3.0,2025,5
670,Fernanda,Vargas,58.0,Femenino,Queretaro,BMW,F750GS,Deportiva,400,Azul,2020,7017.5,12247.19,0,12247.19,Leasing,CDMX Sur,Vendedora Vargas,Coleccion,Ninguno,Vendida,4.0,2024,5
671,Eduardo,Ortiz,27.0,Masculino,Leon,BMW,S1000R,Trail,300,Gris,2018,0.0,10739.76,10,9665.79,Credito 12 meses,Leon,Vendedora Reyes,Transporte diario,Ninguno,Vendida,,2022,4
672,Sergio,Martinez,20.0,Masculino,Queretaro,Honda,XR150L,Enduro,500,Plateado,2021,14489.3,17609.53,5,16729.06,Credito 24 meses,Monterrey Sur,Vendedora Reyes,Deportivo,Kit completo,En garantia,2.0,2023,12
673,Sofia,Ramos,55.0,Femenino,Monterrey,Royal Enfield,Classic 350,Naked,250,Plateado,2018,0.0,8754.78,0,8754.78,Credito 36 meses,Cancun,Vendedora Vargas,Transporte diario,Maletas,Vendida,4.0,2024,7
674,Carlos,Sanchez,47.0,Masculino,Leon,BMW,S1000R,Deportiva,125,Negro,2023,1118.3,4539.56,10,4085.6,Leasing,Leon,Vendedora Torres,Coleccion,Casco + Guantes,Vendida,5.0,2025,9
675,Antonio,Diaz,64.0,Masculino,Queretaro,KTM,690 Duke,Naked,390,Rojo,2024,0.0,15750.82,8,14490.76,Credito 24 meses,Cancun,Vendedora Vargas,Turismo,Ninguno,Devuelta,5.0,2025,5
676,Paula,Garcia,38.0,Femenino,Guadalajara,BMW,C400X,Enduro,125,Azul,2022,22796.8,2791.06,0,2791.06,Credito 24 meses,Tijuana,Vendedora Vargas,Deportivo,Ninguno,Vendida,4.0,2024,10
677,Jose,Mendoza,27.0,Masculino,Merida,Bajaj,Pulsar NS200,Trail,150,Rojo,2024,3031.1,6582.43,0,6582.43,Leasing,Leon,Vendedora Reyes,Turismo,Kit completo,Vendida,3.0,2024,1
678,Alberto,Flores,28.0,Masculino,Guadalajara,BMW,F750GS,Custom,390,Azul,2023,0.0,9579.56,10,8621.61,Credito 36 meses,Queretaro,Vendedora Vargas,Transporte diario,Kit completo,Vendida,4.0,2023,4
679,Fernando,Silva,64.0,Masculino,Tijuana,Royal Enfield,Classic 350,Custom,500,Blanco,2020,6123.6,19615.11,0,19615.11,Leasing,CDMX Sur,Vendedor Castillo,Turismo,Kit completo,Vendida,5.0,2022,1
680,Luis,Mendoza,42.0,Masculino,Ciudad de Mexico,Bajaj,Avenger 220,Scooter,650,Rojo,2025,19316.1,28956.0,5,27508.2,Credito 12 meses,Monterrey Sur,Vendedor Ortiz,Turismo,Casco + Maletas,Vendida,5.0,2024,2
681,Carmen,Ruiz,57.0,Femenino,Merida,Suzuki,Gixxer 250,Scooter,400,Naranja,2019,0.0,7458.46,0,7458.46,Credito 24 meses,Guadalajara,Vendedor Ortiz,Mensajeria,Maletas,Vendida,2.0,2025,7
682,Roberto,Jimenez,56.0,Masculino,Leon,Yamaha,R3,Scooter,390,Naranja,2019,1130.9,13248.26,5,12585.85,Credito 36 meses,Queretaro,Vendedor Castillo,Mixto,Ninguno,En garantia,4.0,2022,9
683,Pedro,Reyes,,Masculino,Hermosillo,Yamaha,MT-03,Touring,125,Negro,2025,10964.7,4253.24,0,4253.24,Credito 12 meses,CDMX Sur,Vendedora Reyes,Turismo,Casco + Guantes,Vendida,3.0,2024,5
684,Valentina,Jimenez,20.0,Femenino,Puebla,KTM,Adventure 390,Scooter,390,Plateado,2018,18365.6,14994.37,0,14994.37,Credito 24 meses,Cancun,Vendedora Vargas,Transporte diario,Kit completo,Vendida,5.0,2024,7
685,Patricia,Silva,18.0,Femenino,Queretaro,Yamaha,R3,Enduro,300,Negro,2020,0.0,9341.75,0,9341.75,Credito 12 meses,CDMX Sur,Vendedor Mendoza,Transporte diario,Solo Casco,Vendida,4.0,2024,4
686,Juan,Perez,35.0,Masculino,Queretaro,Honda,CB500F,Enduro,650,Naranja,2025,644.4,25722.31,0,25722.31,Credito 36 meses,Tijuana,Vendedor Mendoza,Mixto,Ninguno,Vendida,5.0,2022,10
687,Carmen,Hernandez,50.0,Femenino,Leon,Yamaha,NMAX 155,Trail,400,Negro,2020,18290.8,12527.16,0,12527.16,Credito 12 meses,Monterrey Sur,Vendedora Vargas,Deportivo,Maletas,Cancelada,4.0,2023,11
688,Sofia,Castillo,46.0,Femenino,Merida,Royal Enfield,Meteor 350,Touring,1250,Azul,2024,,45717.89,0,45717.89,Leasing,Monterrey Norte,Vendedor Lopez,Deportivo,Solo Casco,Devuelta,4.0,2025,3
689,Elena,Perez,18.0,Femenino,Guadalajara,Kawasaki,Versys 300,Enduro,500,Azul,2020,7065.0,11044.35,10,9939.91,Contado,Queretaro,Vendedora Torres,Trabajo de campo,Maletas,Vendida,4.0,2022,3
690,Pedro,Vargas,36.0,Masculino,Ciudad de Mexico,Honda,PCX150,Touring,1250,Azul,2021,12105.8,31378.74,2,30751.17,Credito 24 meses,Leon,Vendedora Reyes,Mixto,Protecciones,Vendida,3.0,2025,4
691,Rosa,Moreno,48.0,Femenino,Queretaro,KTM,690 Duke,Scooter,500,Amarillo,2019,22420.5,12988.13,0,12988.13,Credito 24 meses,CDMX Reforma,Vendedor Ortiz,Transporte diario,Solo Casco,Vendida,3.0,2025,3
692,Gabriela,Chavez,54.0,Femenino,Tijuana,Yamaha,R3,Custom,1250,Azul,2025,,35935.51,0,35935.51,Contado,CDMX Sur,Vendedor Castillo,Coleccion,Solo Casco,Vendida,4.0,2025,2
693,Ana,Rodriguez,33.0,Femenino,Queretaro,KTM,RC 390,Scooter,1000,Azul,2025,6517.5,26575.7,2,26044.18,Credito 24 meses,Monterrey Norte,Vendedor Castillo,Trabajo de campo,Ninguno,Cancelada,4.0,2023,8
694,Alberto,Gutierrez,50.0,Masculino,Monterrey,Suzuki,GN125,Custom,250,Rojo,2023,0.0,9761.98,0,9761.98,Credito 36 meses,Monterrey Sur,Vendedora Vargas,Turismo,Casco + Maletas,Vendida,3.0,2023,11
695,Carlos,Romero,29.0,Masculino,Ciudad de Mexico,Kawasaki,Versys 300,Touring,650,Verde,2024,5733.4,15182.62,0,0.0,Credito 36 meses,CDMX Reforma,Vendedora Silva,Transporte diario,Casco + Guantes,Vendida,4.0,2024,5
696,Diego,Garcia,50.0,Masculino,Puebla,Yamaha,Fazer 250,Custom,400,Azul,2020,0.0,15746.51,0,15746.51,Contado,CDMX Sur,Vendedora Torres,Mixto,Casco + Maletas,Vendida,4.0,2024,5
697,Camila,Jimenez,,Femenino,Merida,Suzuki,V-Strom 650,Enduro,150,Blanco,2024,0.0,3009.93,5,2859.44,Contado,Cancun,Vendedor Ortiz,Deportivo,Casco + Maletas,Vendida,4.0,2025,4
698,Gabriela,Ramos,24.0,Femenino,Hermosillo,Bajaj,Pulsar NS200,Scooter,300,Naranja,2019,0.0,7619.8,0,7619.8,Credito 24 meses,Queretaro,Vendedora Torres,Deportivo,Ninguno,Vendida,3.0,2024,6
699,Paula,Moreno,46.0,Femenino,Merida,BMW,C400X,Custom,650,Negro,2025,23786.4,15992.98,0,15992.98,Credito 36 meses,CDMX Reforma,Vendedor Lopez,Trabajo de campo,Casco + Maletas,Vendida,3.0,2023,10
700,Sergio,Ramos,58.0,Masculino,Guadalajara,KTM,Adventure 390,Deportiva,750,Plateado,2023,0.0,15706.21,0,15706.21,Credito 12 meses,CDMX Reforma,Vendedora Reyes,Coleccion,Solo Casco,Cancelada,2.0,2024,1
701,Jose,Morales,19.0,Masculino,Queretaro,Bajaj,Avenger 220,Scooter,650,Gris,2021,0.0,24389.22,5,23169.76,Credito 24 meses,Guadalajara,Vendedor Lopez,Turismo,Protecciones,Cancelada,2.0,2024,5
702,Maria,Flores,35.0,Femenino,Cancun,BMW,F750GS,Custom,650,Amarillo,2025,16300.2,25646.91,5,24364.57,Leasing,Tijuana,Vendedora Torres,Transporte diario,Ninguno,Vendida,4.0,2023,12
703,Ricardo,Ruiz,24.0,Masculino,Guadalajara,Suzuki,Gixxer 250,Deportiva,200,Naranja,2020,0.0,6407.67,0,6407.67,Credito 36 meses,Guadalajara,Vendedora Reyes,Deportivo,Protecciones,Vendida,3.0,2024,2
704,Camila,Rivera,41.0,Femenino,Hermosillo,Honda,XR150L,Custom,150,Blanco,2022,15377.5,4463.69,0,4463.69,Credito 12 meses,CDMX Sur,Vendedora Silva,Mixto,Maletas,Vendida,5.0,2024,7
705,Claudia,Castillo,44.0,Femenino,Cancun,BMW,R1250GS,Deportiva,500,Verde,2020,0.0,11843.33,0,11843.33,Credito 36 meses,Guadalajara,Vendedor Mendoza,Trabajo de campo,Casco + Guantes,Vendida,5.0,2023,6
706,Roberto,Chavez,37.0,Masculino,Cancun,Kawasaki,Z400,Enduro,1250,Blanco,2023,0.0,25667.36,2,25154.02,Contado,Puebla,Vendedora Silva,Turismo,Protecciones,Vendida,4.0,2024,5
707,Antonio,Ramirez,51.0,Masculino,Merida,BMW,S1000R,Enduro,400,Azul,2023,10081.7,13512.26,0,13512.26,Contado,Cancun,Vendedor Mendoza,Transporte diario,Protecciones,Vendida,4.0,2024,9
708,Manuel,Ortiz,50.0,Masculino,Hermosillo,Suzuki,V-Strom 650,Touring,750,Amarillo,2024,19299.5,15572.02,10,14014.82,Credito 12 meses,Guadalajara,Vendedor Lopez,Mixto,Solo Casco,Vendida,4.0,2024,11
709,Luis,Rodriguez,19.0,Masculino,Ciudad de Mexico,Suzuki,GSX-R150,Enduro,200,Amarillo,2023,0.0,6167.51,0,6167.51,Credito 36 meses,Leon,Vendedora Vargas,Turismo,Maletas,En garantia,5.0,2022,10
710,Francisco,Martinez,32.0,Masculino,Hermosillo,Bajaj,Avenger 220,Trail,400,Azul,2022,7924.3,14827.44,0,14827.44,Credito 12 meses,CDMX Sur,Vendedor Mendoza,Mixto,Ninguno,Vendida,5.0,2022,8
711,Paula,Ruiz,39.0,Femenino,Leon,BMW,G310R,Trail,650,Amarillo,2023,0.0,27490.83,8,25291.56,Credito 24 meses,Queretaro,Vendedora Silva,Coleccion,Maletas,Vendida,4.0,2022,1
712,Ricardo,Ortiz,62.0,Masculino,Queretaro,KTM,Duke 390,Touring,1250,Negro,2025,4872.2,56096.05,0,56096.05,Credito 24 meses,CDMX Sur,Vendedor Lopez,Coleccion,Kit completo,Vendida,3.0,2024,1
713,Manuel,Rodriguez,27.0,Masculino,Hermosillo,Royal Enfield,Thunderbird 350,Trail,125,Rojo,2022,0.0,5610.62,8,5161.77,Credito 36 meses,Cancun,Vendedora Reyes,Trabajo de campo,Solo Casco,Vendida,5.0,2023,6
714,Monica,Ruiz,55.0,Femenino,Ciudad de Mexico,Yamaha,FZ25,Deportiva,390,Naranja,2020,4422.7,7323.65,8,6737.76,Contado,Monterrey Norte,Vendedora Reyes,Mensajeria,Protecciones,Vendida,1.0,2024,3
715,Alejandro,Mendoza,38.0,Masculino,Leon,Yamaha,Fazer 250,Custom,300,Blanco,2018,16799.8,13365.57,0,13365.57,Leasing,Puebla,Vendedor Lopez,Mensajeria,Ninguno,En garantia,4.0,2023,11
716,Ana,Rodriguez,26.0,Femenino,Queretaro,Yamaha,MT-03,Enduro,650,Azul,2019,0.0,14288.87,0,14288.87,Leasing,Queretaro,Vendedor Mendoza,Mensajeria,Protecciones,Vendida,5.0,2023,11
717,Roberto,Hernandez,58.0,Masculino,Guadalajara,BMW,C400X,Naked,390,Negro,2019,11575.1,8259.53,2,8094.34,Credito 12 meses,Puebla,Vendedor Lopez,Mixto,Solo Casco,Vendida,5.0,2022,1
718,Antonio,Mendoza,40.0,Masculino,Puebla,KTM,Adventure 390,Custom,150,Blanco,2022,16057.9,6252.65,0,6252.65,Credito 24 meses,Monterrey Norte,Vendedor Ortiz,Mensajeria,Kit completo,Vendida,5.0,2022,1
719,Manuel,Perez,63.0,Masculino,Ciudad de Mexico,Suzuki,GN125,Touring,390,Gris,2021,0.0,11379.24,10,10241.31,Credito 36 meses,CDMX Sur,Vendedora Torres,Trabajo de campo,Kit completo,Vendida,3.0,2022,2
720,Daniela,Ortiz,20.0,Femenino,Puebla,Royal Enfield,Classic 350,Custom,125,Naranja,2024,0.0,5455.12,5,5182.36,Credito 24 meses,CDMX Sur,Vendedora Silva,Turismo,Protecciones,Vendida,4.0,2024,7
721,Laura,Morales,27.0,Femenino,Ciudad de Mexico,Kawasaki,Versys 300,Scooter,250,Verde,2019,15777.8,7656.9,0,7656.9,Credito 24 meses,Cancun,Vendedor Ortiz,Mensajeria,Maletas,En garantia,4.0,2024,8
722,Alejandro,Ramos,63.0,Masculino,Guadalajara,Yamaha,XTZ 250,Naked,390,Verde,2020,8367.8,16174.04,0,16174.04,Credito 24 meses,Guadalajara,Vendedora Reyes,Coleccion,Solo Casco,Vendida,4.0,2023,11
723,Sergio,Rivera,63.0,Masculino,Hermosillo,Royal Enfield,Thunderbird 350,Touring,1250,Amarillo,2021,0.0,35977.5,10,32379.75,Credito 36 meses,CDMX Sur,Vendedor Lopez,Deportivo,Casco + Maletas,Vendida,5.0,2024,6
724,Javier,Mendoza,60.0,Masculino,Hermosillo,Bajaj,Dominar 400,Custom,750,Plateado,2020,23058.8,21615.19,0,21615.19,Credito 12 meses,Cancun,Vendedor Mendoza,Deportivo,Protecciones,Vendida,3.0,2023,6
725,Ana,Garcia,54.0,Femenino,Ciudad de Mexico,Yamaha,R3,Naked,200,Blanco,2024,0.0,7928.04,2,7769.48,Credito 24 meses,CDMX Sur,Vendedora Torres,Deportivo,Solo Casco,Vendida,5.0,2024,10
726,Javier,Gonzalez,60.0,Masculino,Leon,Yamaha,XTZ 250,Deportiva,250,Amarillo,2023,0.0,5540.43,5,5263.41,Leasing,Queretaro,Vendedora Silva,Trabajo de campo,Protecciones,Vendida,5.0,2024,2
727,Andrea,Torres,60.0,Femenino,Tijuana,Kawasaki,Ninja 300,Enduro,400,Naranja,2020,8177.8,8587.83,10,7729.04,Leasing,Monterrey Sur,Vendedora Vargas,Trabajo de campo,Protecciones,En garantia,2.0,2025,6
728,Francisco,Silva,28.0,Masculino,Guadalajara,Suzuki,GSX-R150,Custom,390,Azul,2018,18792.1,10834.81,5,10293.07,Credito 12 meses,Leon,Vendedora Silva,Transporte diario,Solo Casco,Vendida,3.0,2024,7
729,Fernanda,Gomez,60.0,Femenino,Cancun,Yamaha,R3,Deportiva,400,Gris,2020,0.0,14263.69,2,13978.41,Credito 36 meses,Guadalajara,Vendedor Mendoza,Trabajo de campo,Protecciones,Vendida,5.0,2022,7
730,Sergio,Flores,20.0,Masculino,Ciudad de Mexico,Yamaha,R3,Enduro,1000,Plateado,2024,305.6,37782.11,8,34759.54,Credito 36 meses,Leon,Vendedor Lopez,Trabajo de campo,Protecciones,Vendida,5.0,2023,6
731,Fernanda,Cruz,38.0,Femenino,Merida,Honda,XR150L,Touring,400,Amarillo,2019,20060.5,9993.41,8,9193.94,Credito 24 meses,Tijuana,Vendedora Vargas,Transporte diario,Casco + Maletas,Vendida,2.0,2023,5
732,Javier,Alvarez,24.0,Masculino,Hermosillo,Bajaj,Pulsar NS200,Custom,200,Amarillo,2022,0.0,3637.57,8,3346.56,Credito 36 meses,Monterrey Norte,Vendedora Reyes,Turismo,Casco + Guantes,Vendida,5.0,2024,4
733,Andres,Flores,22.0,Masculino,Queretaro,Royal Enfield,Himalayan,Trail,125,Rojo,2023,0.0,5250.94,8,4830.86,Leasing,CDMX Sur,Vendedor Mendoza,Turismo,Kit completo,Vendida,5.0,2024,10
734,Maria,Jimenez,40.0,Femenino,Tijuana,Royal Enfield,Himalayan,Naked,300,Blanco,2019,915.3,10551.46,5,10023.89,Contado,Tijuana,Vendedora Torres,Deportivo,Protecciones,Vendida,5.0,2022,8
735,Andres,Silva,42.0,Masculino,Merida,Bajaj,Dominar 400,Enduro,390,Amarillo,2021,22589.5,17253.61,8,15873.32,Contado,Monterrey Sur,Vendedora Vargas,Turismo,Casco + Guantes,Devuelta,3.0,2025,5
736,Eduardo,Diaz,53.0,Masculino,Tijuana,Yamaha,NMAX 155,Deportiva,650,Blanco,2023,18731.7,28903.68,0,28903.68,Credito 24 meses,Monterrey Sur,Vendedor Ortiz,Transporte diario,Casco + Maletas,Vendida,4.0,2023,1
737,Alberto,Ortiz,38.0,Masculino,Cancun,BMW,S1000R,Naked,750,Naranja,2021,1220.8,23909.3,10,21518.37,Credito 24 meses,Guadalajara,Vendedor Castillo,Coleccion,Protecciones,En garantia,2.0,2025,7
738,Eduardo,Romero,39.0,Masculino,Tijuana,Bajaj,Pulsar RS200,Custom,1000,Blanco,2024,0.0,25692.64,0,25692.64,Credito 24 meses,CDMX Sur,Vendedora Reyes,Coleccion,Casco + Maletas,Vendida,5.0,2025,12
739,Carmen,Chavez,40.0,Femenino,Cancun,Kawasaki,Z400,Enduro,125,Naranja,2019,18204.1,4642.9,0,4642.9,Leasing,Puebla,Vendedor Ortiz,Trabajo de campo,Maletas,Vendida,4.0,2022,9
740,Alejandro,Gutierrez,46.0,Masculino,Ciudad de Mexico,KTM,RC 390,Custom,390,Naranja,2025,12474.4,15682.28,0,15682.28,Credito 24 meses,Queretaro,Vendedor Lopez,Mensajeria,Casco + Maletas,Vendida,4.0,2024,4
741,Andres,Cruz,64.0,Masculino,Cancun,KTM,Duke 200,Deportiva,250,Blanco,2023,18771.4,9549.07,5,9071.62,Leasing,Cancun,Vendedor Mendoza,Coleccion,Kit completo,Vendida,,2024,5
742,Fernanda,Chavez,19.0,Femenino,Guadalajara,Honda,XR150L,Deportiva,650,Naranja,2024,3292.4,24758.11,0,24758.11,Credito 12 meses,CDMX Reforma,Vendedora Torres,Coleccion,Kit completo,Vendida,5.0,2023,6
743,Pedro,Hernandez,50.0,Masculino,Leon,Bajaj,Avenger 220,Enduro,390,Plateado,2022,9079.4,14930.99,2,14632.37,Leasing,Queretaro,Vendedora Silva,Mixto,Ninguno,Vendida,4.0,2024,3
744,Andrea,Gutierrez,31.0,Femenino,Leon,BMW,R1250GS,Trail,200,Amarillo,2024,0.0,8589.12,0,8589.12,Credito 12 meses,Monterrey Sur,Vendedor Ortiz,Coleccion,Protecciones,Vendida,4.0,2024,2
745,Fernanda,Martinez,26.0,Femenino,Hermosillo,Bajaj,Pulsar RS200,Enduro,1000,Naranja,2020,12584.0,18784.11,0,18784.11,Contado,Puebla,Vendedora Silva,Deportivo,Maletas,Vendida,4.0,2023,6
746,Laura,Ruiz,36.0,Femenino,Ciudad de Mexico,KTM,Duke 200,Scooter,1250,Verde,2024,21586.0,42795.31,10,38515.78,Credito 12 meses,Guadalajara,Vendedora Reyes,Mensajeria,Solo Casco,Vendida,5.0,2024,11
747,Isabel,Chavez,26.0,Femenino,Cancun,BMW,G310R,Naked,125,Blanco,2025,0.0,2948.65,2,2889.68,Credito 36 meses,Tijuana,Vendedora Torres,Mixto,Maletas,Vendida,4.0,2024,10
748,Patricia,Reyes,,Femenino,Cancun,Kawasaki,W175,Trail,1250,Naranja,2018,10158.7,54983.5,0,54983.5,Contado,Queretaro,Vendedor Castillo,Mensajeria,Maletas,Vendida,3.0,2024,3
749,Eduardo,Jimenez,30.0,Masculino,Monterrey,Honda,PCX150,Touring,500,Naranja,2022,20707.7,20174.68,0,20174.68,Leasing,Leon,Vendedor Ortiz,Mixto,Casco + Guantes,En garantia,4.0,2024,1
750,Jose,Sanchez,46.0,Masculino,Cancun,BMW,C400X,Naked,150,Gris,2024,3548.8,5624.08,0,5624.08,Contado,Puebla,Vendedora Torres,Trabajo de campo,Protecciones,Vendida,5.0,2024,5
751,Elena,Chavez,43.0,Femenino,Monterrey,BMW,S1000R,Trail,300,Blanco,2025,14205.8,10982.47,0,10982.47,Credito 12 meses,Tijuana,Vendedor Castillo,Transporte diario,Solo Casco,En garantia,3.0,2024,5
752,Silvia,Torres,18.0,Femenino,Ciudad de Mexico,KTM,RC 390,Custom,300,Blanco,2022,10996.6,13052.81,0,13052.81,Credito 12 meses,Cancun,Vendedor Castillo,Mixto,Ninguno,Vendida,5.0,2022,3
753,Elena,Jimenez,32.0,Femenino,Merida,Honda,CBR300R,Custom,750,Plateado,2018,0.0,19634.87,5,18653.13,Credito 36 meses,Leon,Vendedor Mendoza,Turismo,Protecciones,En garantia,3.0,2024,9
754,Alberto,Morales,45.0,Masculino,Tijuana,KTM,690 Duke,Deportiva,390,Negro,2020,,11000.12,2,10780.11,Credito 24 meses,CDMX Reforma,Vendedor Castillo,Deportivo,Solo Casco,Vendida,5.0,2024,6
755,Manuel,Romero,33.0,Masculino,Merida,Yamaha,XTZ 250,Naked,250,Azul,2018,21143.6,6906.38,2,6768.26,Credito 24 meses,Monterrey Norte,Vendedor Ortiz,Mensajeria,Casco + Guantes,Vendida,2.0,2023,7
756,Claudia,Ortiz,31.0,Femenino,Merida,Yamaha,R3,Naked,650,Azul,2019,1399.4,28577.07,10,25719.36,Credito 24 meses,Guadalajara,Vendedora Silva,Deportivo,Protecciones,Vendida,5.0,2024,3
757,Patricia,Mendoza,28.0,Femenino,Ciudad de Mexico,Honda,CB500F,Enduro,300,Gris,2021,22936.7,9871.0,0,9871.0,Contado,CDMX Reforma,Vendedora Silva,Deportivo,Maletas,Vendida,4.0,2025,3
758,Andrea,Hernandez,19.0,Femenino,Cancun,Yamaha,Fazer 250,Deportiva,125,Amarillo,2019,0.0,3326.15,8,3060.06,Credito 12 meses,Monterrey Sur,Vendedora Silva,Coleccion,Ninguno,Vendida,5.0,2023,9
759,Silvia,Romero,57.0,Femenino,Hermosillo,Honda,CB500F,Trail,400,Amarillo,2025,4870.0,16500.3,0,16500.3,Contado,CDMX Sur,Vendedor Ortiz,Coleccion,Kit completo,Cancelada,2.0,2024,2
760,Patricia,Gutierrez,19.0,Femenino,Puebla,KTM,690 Duke,Touring,500,Gris,2022,0.0,15941.7,8,14666.37,Leasing,Tijuana,Vendedor Castillo,Mensajeria,Ninguno,Vendida,,2023,11
761,Pedro,Moreno,59.0,Masculino,Tijuana,Royal Enfield,Meteor 350,Custom,390,Gris,2025,4469.9,16427.16,5,15605.8,Contado,Leon,Vendedora Vargas,Mensajeria,Protecciones,Vendida,3.0,2023,8
762,Antonio,Vargas,21.0,Masculino,Queretaro,Yamaha,MT-03,Enduro,250,Azul,2023,11796.9,6573.6,0,6573.6,Leasing,Guadalajara,Vendedora Vargas,Deportivo,Solo Casco,Vendida,5.0,2024,11
763,Patricia,Moreno,49.0,Femenino,Queretaro,Suzuki,GN125,Naked,1000,Gris,2025,19718.7,22242.58,5,21130.45,Credito 36 meses,CDMX Sur,Vendedora Vargas,Deportivo,Kit completo,Vendida,3.0,2024,1
764,Daniela,Gomez,26.0,Femenino,Monterrey,KTM,Adventure 390,Scooter,300,Verde,2024,0.0,8844.91,2,8668.01,Credito 12 meses,Leon,Vendedor Castillo,Transporte diario,Casco + Maletas,Vendida,5.0,2025,9
765,Antonio,Perez,53.0,Masculino,Puebla,BMW,S1000R,Enduro,390,Plateado,2024,13999.3,7269.34,2,7123.95,Credito 36 meses,CDMX Sur,Vendedora Torres,Transporte diario,Solo Casco,Devuelta,4.0,2025,7
766,Alejandro,Chavez,49.0,Masculino,Hermosillo,Royal Enfield,Thunderbird 350,Scooter,125,Rojo,2025,0.0,4886.64,2,4788.91,Contado,Monterrey Norte,Vendedora Vargas,Turismo,Maletas,Vendida,3.0,2024,12
767,Andrea,Diaz,46.0,Femenino,Ciudad de Mexico,BMW,G310R,Trail,500,Blanco,2019,19381.1,10812.84,8,9947.82,Leasing,CDMX Sur,Vendedora Silva,Coleccion,Casco + Guantes,Vendida,5.0,2023,6
768,Elena,Moreno,200.0,Femenino,Guadalajara,KTM,690 Duke,Trail,650,Verde,2022,3511.7,25086.91,0,25086.91,Credito 24 meses,Leon,Vendedora Silva,Deportivo,Kit completo,Vendida,3.0,2024,5
769,Elena,Jimenez,43.0,Femenino,Monterrey,Royal Enfield,Himalayan,Naked,390,Negro,2022,0.0,9115.31,8,8386.09,Credito 36 meses,Queretaro,Vendedor Ortiz,Mixto,Ninguno,En garantia,4.0,2024,10
770,Diego,Flores,29.0,Masculino,Merida,Honda,CB500F,Scooter,390,Gris,2018,21827.0,7190.6,2,7046.79,Leasing,Puebla,Vendedora Torres,Mensajeria,Casco + Guantes,Vendida,5.0,2023,8
771,Rafael,Ramos,57.0,Masculino,Puebla,Yamaha,Fazer 250,Trail,200,Negro,2019,11711.2,7912.39,10,7121.15,Credito 36 meses,CDMX Sur,Vendedora Reyes,Trabajo de campo,Protecciones,Vendida,3.0,2023,12
772,Alejandro,Torres,27.0,Masculino,Monterrey,Yamaha,MT-03,Enduro,1000,Naranja,2024,10036.7,33531.04,2,32860.42,Contado,Monterrey Norte,Vendedora Silva,Turismo,Ninguno,Vendida,3.0,2022,2
773,Manuel,Alvarez,29.0,Masculino,Hermosillo,Kawasaki,KLX150,Touring,1000,Blanco,2025,5008.3,38730.03,5,36793.53,Credito 12 meses,Guadalajara,Vendedora Silva,Turismo,Solo Casco,Vendida,4.0,2025,1
774,Juan,Vargas,55.0,Masculino,Puebla,Honda,CBR300R,Naked,650,Gris,2023,23211.6,17816.52,0,17816.52,Credito 12 meses,Queretaro,Vendedor Castillo,Deportivo,Solo Casco,Vendida,4.0,2024,1
775,Maria,Jimenez,47.0,Femenino,Puebla,Suzuki,Intruder 150,Scooter,150,Rojo,2018,18598.6,6078.34,2,5956.77,Credito 36 meses,Leon,Vendedor Ortiz,Deportivo,Solo Casco,Vendida,3.0,2024,11
776,Silvia,Perez,53.0,Femenino,Guadalajara,Yamaha,FZ25,Scooter,200,Verde,2019,0.0,6336.2,5,6019.39,Credito 24 meses,Queretaro,Vendedora Silva,Deportivo,Casco + Guantes,Devuelta,2.0,2025,4
777,Paula,Ruiz,49.0,Femenino,Guadalajara,BMW,C400X,Touring,150,Verde,2018,10500.3,6526.83,0,6526.83,Credito 24 meses,Monterrey Sur,Vendedor Ortiz,Mixto,Protecciones,Devuelta,3.0,2022,5
778,Elena,Ramos,37.0,Femenino,Leon,Yamaha,XTZ 250,Deportiva,1000,Blanco,2018,6867.9,39874.57,2,39077.08,Credito 12 meses,Guadalajara,Vendedor Lopez,Deportivo,Maletas,Vendida,4.0,2022,6
779,Jose,Gonzalez,23.0,Masculino,Tijuana,Royal Enfield,Meteor 350,Naked,125,Blanco,2022,10371.9,4262.19,0,4262.19,Leasing,Guadalajara,Vendedor Mendoza,Turismo,Casco + Guantes,Vendida,5.0,2025,12
780,Juan,Garcia,63.0,Masculino,Leon,Royal Enfield,Classic 350,Deportiva,300,Amarillo,2022,712.0,8669.6,0,8669.6,Contado,Guadalajara,Vendedor Ortiz,Transporte diario,Maletas,Vendida,4.0,2025,11
781,Rosa,Morales,57.0,Femenino,Cancun,Suzuki,GSX-R150,Scooter,150,Plateado,2019,1658.1,2760.5,0,2760.5,Credito 36 meses,Guadalajara,Vendedor Lopez,Turismo,Ninguno,Vendida,4.0,2024,2
782,Sofia,Ruiz,19.0,Femenino,Hermosillo,Suzuki,V-Strom 650,Naked,1000,Blanco,2019,18718.0,32579.62,5,30950.64,Credito 12 meses,Tijuana,Vendedor Mendoza,Mixto,Solo Casco,Vendida,5.0,2024,6
783,Luis,Ramirez,44.0,Masculino,Ciudad de Mexico,Yamaha,XTZ 250,Custom,400,Gris,2019,0.0,10248.84,5,9736.4,Credito 24 meses,Leon,Vendedor Castillo,Mixto,Solo Casco,Cancelada,4.0,2024,10
784,Fernanda,Ramos,20.0,Femenino,Monterrey,KTM,Duke 390,Trail,750,Azul,2018,19994.3,28412.31,10,25571.08,Credito 12 meses,Monterrey Norte,Vendedor Mendoza,Mensajeria,Casco + Guantes,Cancelada,3.0,2022,1
785,Pedro,Ruiz,52.0,Masculino,Hermosillo,Bajaj,Dominar 400,Scooter,125,Amarillo,2023,0.0,4180.79,2,4097.18,Credito 12 meses,Leon,Vendedor Castillo,Coleccion,Ninguno,Vendida,4.0,2025,11
786,Manuel,Hernandez,47.0,Masculino,Leon,KTM,RC 390,Trail,200,Plateado,2025,11407.9,4978.54,10,4480.68,Credito 24 meses,Monterrey Sur,Vendedora Vargas,Trabajo de campo,Protecciones,Vendida,5.0,2023,6
787,Rafael,Castillo,48.0,Masculino,Queretaro,Suzuki,Gixxer 250,Naked,250,Verde,2019,0.0,11081.84,10,9973.66,Credito 24 meses,Leon,Vendedor Ortiz,Coleccion,Casco + Guantes,Devuelta,4.0,2025,7
788,Ricardo,Chavez,32.0,Masculino,Ciudad de Mexico,Kawasaki,Z400,Enduro,1000,Plateado,2021,,23990.14,0,23990.14,Leasing,Monterrey Norte,Vendedora Vargas,Coleccion,Solo Casco,Vendida,1.0,2025,5
789,Fernando,Lopez,38.0,Masculino,Merida,Suzuki,Gixxer 250,Enduro,1000,Naranja,2021,18777.6,22472.16,8,20674.39,Credito 12 meses,CDMX Sur,Vendedor Lopez,Trabajo de campo,Kit completo,Vendida,4.0,2022,3
790,Claudia,Ramirez,60.0,Femenino,Merida,Bajaj,Avenger 220,Custom,500,Gris,2022,0.0,13345.94,8,12278.26,Credito 12 meses,Cancun,Vendedora Torres,Transporte diario,Casco + Maletas,Vendida,3.0,2024,3
791,Isabel,Diaz,40.0,Femenino,Tijuana,Suzuki,Intruder 150,Enduro,200,Azul,2021,3986.1,7728.8,10,6955.92,Credito 12 meses,Puebla,Vendedora Torres,Deportivo,Kit completo,En garantia,5.0,2023,5
792,Ricardo,Lopez,,Masculino,Queretaro,Yamaha,XTZ 250,Trail,1250,Verde,2020,0.0,42275.13,8,38893.12,Contado,Monterrey Sur,Vendedor Castillo,Coleccion,Casco + Guantes,Cancelada,5.0,2024,1
793,Elena,Mendoza,59.0,Femenino,Leon,Royal Enfield,Himalayan,Touring,150,Rojo,2025,0.0,4892.1,5,4647.5,Credito 36 meses,CDMX Sur,Vendedora Torres,Mensajeria,Ninguno,Vendida,4.0,2022,11
794,Silvia,Chavez,35.0,Femenino,Leon,Suzuki,Intruder 150,Naked,300,Amarillo,2019,15082.9,7219.53,0,7219.53,Credito 36 meses,Queretaro,Vendedor Lopez,Mensajeria,Casco + Guantes,Vendida,5.0,2022,11
795,Sofia,Hernandez,38.0,Femenino,Cancun,BMW,C400X,Naked,390,Amarillo,2022,2077.3,11438.87,10,10294.98,Credito 12 meses,Cancun,Vendedor Ortiz,Mensajeria,Kit completo,Vendida,2.0,2024,9
796,Andres,Moreno,58.0,Masculino,Puebla,Bajaj,Avenger 220,Touring,125,Naranja,2019,2936.8,4280.61,5,4066.58,Credito 36 meses,Monterrey Norte,Vendedora Vargas,Mensajeria,Casco + Maletas,Vendida,4.0,2024,7
797,Andrea,Gonzalez,21.0,Femenino,Monterrey,Honda,PCX150,Custom,1000,Verde,2018,0.0,38098.43,2,37336.46,Contado,CDMX Sur,Vendedor Ortiz,Mixto,Casco + Guantes,Vendida,3.0,2022,2
798,Sofia,Cruz,64.0,Femenino,Queretaro,KTM,RC 390,Trail,390,Blanco,2022,1195.0,17271.79,0,17271.79,Credito 12 meses,Tijuana,Vendedora Vargas,Mensajeria,Ninguno,Vendida,5.0,2022,2
799,Patricia,Silva,50.0,Femenino,Guadalajara,Royal Enfield,Meteor 350,Custom,390,Naranja,2021,7645.9,10724.5,5,10188.28,Credito 24 meses,Cancun,Vendedora Reyes,Mensajeria,Solo Casco,Vendida,5.0,2025,6
800,Lucia,Flores,37.0,Femenino,Monterrey,BMW,R1250GS,Deportiva,390,Azul,2023,23982.7,10568.62,2,10357.25,Leasing,CDMX Sur,Vendedor Castillo,Mixto,Maletas,Cancelada,4.0,2024,2
801,Ricardo,Flores,54.0,Masculino,Merida,Yamaha,MT-03,Touring,150,Naranja,2024,3644.1,3066.7,5,2913.36,Credito 12 meses,Queretaro,Vendedora Torres,Mixto,Protecciones,En garantia,4.0,2022,11
802,Rosa,Ramirez,25.0,Femenino,Monterrey,Yamaha,R3,Scooter,250,Azul,2021,16688.0,7487.12,0,7487.12,Credito 12 meses,CDMX Reforma,Vendedora Silva,Trabajo de campo,Protecciones,Vendida,4.0,2024,8
803,Jose,Gutierrez,43.0,Masculino,Hermosillo,Honda,XR150L,Naked,250,Naranja,2025,10363.1,11010.99,10,9909.89,Credito 12 meses,Tijuana,Vendedor Ortiz,Mensajeria,Maletas,Vendida,,2025,11
804,Sofia,Castillo,24.0,Femenino,Ciudad de Mexico,KTM,RC 390,Touring,400,Azul,2023,1926.0,11198.47,0,11198.47,Leasing,Cancun,Vendedor Mendoza,Transporte diario,Casco + Maletas,Vendida,,2024,11
805,Monica,Rodriguez,40.0,Femenino,Cancun,KTM,Duke 200,Enduro,750,Amarillo,2021,14356.5,18113.44,0,18113.44,Credito 36 meses,Cancun,Vendedor Ortiz,Transporte diario,Solo Casco,Vendida,5.0,2025,4
806,Rafael,Rivera,54.0,Masculino,Guadalajara,Royal Enfield,Meteor 350,Custom,390,Gris,2020,0.0,12038.88,8,11075.77,Leasing,CDMX Sur,Vendedor Lopez,Mensajeria,Maletas,En garantia,4.0,2025,8
807,Fernanda,Mendoza,32.0,Femenino,Merida,Suzuki,Intruder 150,Scooter,250,Blanco,2022,14246.4,8967.16,0,8967.16,Leasing,Cancun,Vendedora Vargas,Mixto,Casco + Guantes,En garantia,2.0,2023,7
808,Fernando,Chavez,29.0,Masculino,Ciudad de Mexico,Yamaha,FZ25,Trail,750,Blanco,2020,6220.0,14788.48,2,14492.71,Contado,Leon,Vendedora Torres,Turismo,Casco + Guantes,Devuelta,5.0,2025,3
809,Ricardo,Torres,63.0,Masculino,Leon,Bajaj,Avenger 220,Naked,400,Naranja,2023,0.0,14721.28,0,14721.28,Credito 24 meses,Leon,Vendedora Torres,Deportivo,Kit completo,Vendida,2.0,2023,2
810,Lucia,Garcia,37.0,Femenino,Hermosillo,Kawasaki,Versys 300,Deportiva,1000,Plateado,2025,13096.7,35091.2,0,35091.2,Contado,Puebla,Vendedora Torres,Deportivo,Casco + Guantes,Vendida,5.0,2022,5
811,Juan,Perez,37.0,Masculino,Hermosillo,KTM,Adventure 390,Scooter,300,Blanco,2023,23892.8,5623.99,5,5342.79,Leasing,CDMX Reforma,Vendedora Vargas,Transporte diario,Casco + Maletas,Cancelada,5.0,2025,8
812,Eduardo,Cruz,61.0,Masculino,Monterrey,KTM,690 Duke,Enduro,200,Rojo,2020,20359.0,8413.76,8,7740.66,Leasing,Monterrey Sur,Vendedor Castillo,Turismo,Casco + Guantes,Vendida,5.0,2023,8
813,Patricia,Gutierrez,46.0,Femenino,Tijuana,Suzuki,Gixxer 250,Trail,500,Amarillo,2023,23215.2,11607.66,0,11607.66,Contado,Tijuana,Vendedora Torres,Turismo,Solo Casco,Vendida,2.0,2023,1
814,Isabel,Silva,53.0,Femenino,Cancun,Kawasaki,W175,Trail,250,Negro,2023,0.0,9859.86,0,9859.86,Leasing,Monterrey Sur,Vendedora Vargas,Coleccion,Maletas,Vendida,2.0,2023,6
815,Monica,Ramos,,Femenino,Tijuana,Kawasaki,Versys 300,Scooter,390,Naranja,2021,0.0,8446.56,10,7601.9,Credito 36 meses,Monterrey Sur,Vendedora Reyes,Transporte diario,Ninguno,Vendida,4.0,2025,8
816,Alejandro,Reyes,40.0,Masculino,Monterrey,Royal Enfield,Thunderbird 350,Naked,300,Negro,2022,17472.5,9430.68,10,8487.61,Credito 24 meses,Cancun,Vendedor Mendoza,Mensajeria,Kit completo,Vendida,5.0,2024,5
817,Rafael,Diaz,55.0,Masculino,Merida,Honda,CB190R,Enduro,300,Blanco,2018,17104.1,8517.7,0,8517.7,Leasing,Puebla,Vendedor Lopez,Deportivo,Casco + Guantes,Devuelta,4.0,2023,12
818,Patricia,Rodriguez,40.0,Femenino,Tijuana,Kawasaki,Versys 300,Naked,150,Negro,2021,15325.4,5591.84,2,5480.0,Credito 24 meses,Monterrey Norte,Vendedora Silva,Mensajeria,Casco + Maletas,Vendida,4.0,2023,9
819,Patricia,Chavez,59.0,Femenino,Puebla,Bajaj,Pulsar RS200,Enduro,390,Gris,2018,0.0,16682.16,2,16348.51,Credito 36 meses,Cancun,Vendedor Castillo,Deportivo,Protecciones,Vendida,4.0,2023,9
820,Fernanda,Chavez,35.0,Femenino,Monterrey,Honda,PCX150,Custom,400,Naranja,2021,12205.4,11273.02,10,10145.72,Contado,Leon,Vendedor Mendoza,Mensajeria,Protecciones,Vendida,5.0,2025,7
821,Luis,Flores,56.0,Masculino,Ciudad de Mexico,Yamaha,FZ25,Custom,200,Gris,2019,0.0,8471.97,2,8302.53,Credito 36 meses,CDMX Sur,Vendedor Castillo,Turismo,Casco + Maletas,Vendida,5.0,2025,10
822,Carmen,Reyes,44.0,Femenino,Monterrey,Yamaha,NMAX 155,Scooter,250,Amarillo,2025,0.0,10913.91,5,10368.22,Contado,Monterrey Sur,Vendedora Silva,Transporte diario,Casco + Maletas,Vendida,,2024,12
823,Patricia,Chavez,61.0,Femenino,Monterrey,Yamaha,XTZ 250,Custom,150,Plateado,2023,3569.0,3679.09,5,3495.14,Credito 12 meses,CDMX Reforma,Vendedora Vargas,Transporte diario,Maletas,Vendida,5.0,2022,2
824,Jose,Torres,33.0,Masculino,Merida,KTM,RC 390,Deportiva,200,Azul,2018,3827.4,5490.63,0,5490.63,Credito 12 meses,CDMX Reforma,Vendedora Vargas,Mensajeria,Protecciones,Vendida,4.0,2025,8
825,Maria,Flores,30.0,Femenino,Monterrey,Royal Enfield,Meteor 350,Deportiva,250,Negro,2020,0.0,8561.21,0,8561.21,Credito 36 meses,Tijuana,Vendedor Lopez,Coleccion,Protecciones,En garantia,5.0,2024,9
826,Alejandro,Garcia,43.0,Masculino,Hermosillo,KTM,Duke 200,Deportiva,200,Naranja,2021,0.0,8468.21,8,7790.75,Leasing,Monterrey Sur,Vendedora Silva,Mixto,Protecciones,En garantia,4.0,2025,8
827,Alberto,Chavez,42.0,Masculino,Tijuana,Yamaha,FZ25,Scooter,1000,Azul,2024,0.0,40247.96,2,39443.0,Credito 36 meses,Cancun,Vendedor Castillo,Turismo,Protecciones,Vendida,3.0,2022,8
828,Paula,Jimenez,45.0,Femenino,Ciudad de Mexico,Suzuki,Intruder 150,Scooter,650,Gris,2020,0.0,27134.25,0,27134.25,Credito 12 meses,Puebla,Vendedor Lopez,Trabajo de campo,Casco + Maletas,Vendida,5.0,2024,6
829,Isabel,Ramos,51.0,Femenino,Leon,Honda,PCX150,Naked,400,Naranja,2021,3125.6,14875.41,5,14131.64,Credito 36 meses,Queretaro,Vendedora Reyes,Mensajeria,Ninguno,En garantia,,2024,7
830,Camila,Perez,25.0,Femenino,Puebla,Royal Enfield,Himalayan,Enduro,390,Azul,2020,5147.9,10452.9,2,10243.84,Leasing,Puebla,Vendedora Reyes,Coleccion,Casco + Maletas,Vendida,5.0,2023,10
831,Daniela,Moreno,20.0,Femenino,Hermosillo,BMW,F750GS,Scooter,400,Rojo,2025,20822.2,8726.38,0,8726.38,Credito 12 meses,CDMX Reforma,Vendedora Vargas,Coleccion,Solo Casco,En garantia,4.0,2024,5
832,Claudia,Jimenez,42.0,Femenino,Hermosillo,Bajaj,Pulsar RS200,Trail,500,Blanco,2024,4308.5,9321.78,0,9321.78,Credito 36 meses,Cancun,Vendedora Silva,Deportivo,Ninguno,Vendida,3.0,2024,4
833,Andrea,Martinez,56.0,Femenino,Monterrey,Kawasaki,Z400,Deportiva,500,Rojo,2018,19674.1,13268.9,10,11942.01,Credito 24 meses,Monterrey Sur,Vendedora Vargas,Turismo,Solo Casco,Vendida,5.0,2024,10
834,Antonio,Torres,37.0,Masculino,Queretaro,BMW,G310R,Deportiva,390,Plateado,2025,17590.1,13582.63,0,13582.63,Credito 12 meses,Guadalajara,Vendedor Mendoza,Trabajo de campo,Casco + Guantes,Vendida,3.0,2023,1
835,Patricia,Cruz,32.0,Femenino,Guadalajara,Royal Enfield,Himalayan,Trail,1250,Rojo,2019,3666.2,51119.82,0,51119.82,Credito 12 meses,Queretaro,Vendedora Reyes,Trabajo de campo,Ninguno,Vendida,3.0,2023,11
836,Juan,Ortiz,62.0,Masculino,Leon,KTM,Adventure 390,Touring,750,Negro,2018,23665.1,25081.18,2,24579.56,Credito 24 meses,Monterrey Sur,Vendedor Mendoza,Deportivo,Maletas,En garantia,4.0,2025,11
837,Camila,Romero,30.0,Femenino,Guadalajara,Suzuki,Gixxer 250,Touring,1000,Amarillo,2023,0.0,23322.56,8,21456.75,Contado,Cancun,Vendedor Ortiz,Deportivo,Kit completo,Vendida,4.0,2025,7
838,Lucia,Ramirez,19.0,Femenino,Cancun,BMW,C400X,Scooter,125,Verde,2018,17512.9,3902.43,0,3902.43,Contado,CDMX Sur,Vendedora Reyes,Mensajeria,Casco + Guantes,Devuelta,4.0,2024,2
839,Monica,Morales,46.0,Femenino,Tijuana,Honda,CBR300R,Scooter,750,Rojo,2018,4991.1,13716.23,5,13030.42,Credito 24 meses,Queretaro,Vendedora Vargas,Turismo,Casco + Maletas,Vendida,4.0,2024,5
840,Fernanda,Silva,34.0,Femenino,Cancun,KTM,Duke 390,Custom,390,Negro,2021,6666.8,14592.3,5,13862.69,Credito 24 meses,Tijuana,Vendedora Torres,Transporte diario,Casco + Maletas,Vendida,4.0,2025,10
841,Miguel,Garcia,61.0,Masculino,Monterrey,Kawasaki,Ninja 300,Custom,200,Verde,2021,21592.3,5616.3,0,5616.3,Leasing,Monterrey Sur,Vendedor Mendoza,Coleccion,Protecciones,Vendida,2.0,2022,1
842,Gabriela,Gonzalez,26.0,Femenino,Guadalajara,Yamaha,Fazer 250,Custom,150,Negro,2021,23164.0,2927.47,0,2927.47,Contado,Queretaro,Vendedora Silva,Deportivo,Casco + Guantes,En garantia,3.0,2022,2
843,Ricardo,Torres,33.0,Masculino,Hermosillo,KTM,690 Duke,Trail,250,Rojo,2025,4651.6,7713.3,0,7713.3,Credito 36 meses,Guadalajara,Vendedor Lopez,Transporte diario,Solo Casco,Vendida,1.0,2024,9
844,Manuel,Gonzalez,25.0,Masculino,Leon,Suzuki,GN125,Trail,750,Azul,2019,1894.5,33197.66,8,30541.84,Credito 12 meses,Queretaro,Vendedor Castillo,Coleccion,Ninguno,Vendida,3.0,2023,8
845,Lucia,Ramirez,59.0,Femenino,Queretaro,Bajaj,Dominar 400,Trail,390,Blanco,2018,24203.5,14764.22,5,14026.01,Contado,Monterrey Norte,Vendedora Torres,Trabajo de campo,Kit completo,Vendida,5.0,2022,1
846,Eduardo,Jimenez,50.0,Masculino,Guadalajara,Bajaj,Pulsar NS200,Touring,1000,Verde,2025,0.0,38639.71,8,35548.54,Leasing,Monterrey Sur,Vendedor Castillo,Mensajeria,Casco + Maletas,Vendida,5.0,2024,7
847,Andrea,Perez,23.0,Femenino,Puebla,KTM,Adventure 390,Enduro,390,Blanco,2025,24977.4,12281.79,10,11053.61,Contado,Puebla,Vendedor Ortiz,Trabajo de campo,Ninguno,Vendida,4.0,2024,3
848,Camila,Lopez,25.0,Femenino,Leon,Royal Enfield,Thunderbird 350,Scooter,500,Blanco,2024,612.0,11061.25,8,10176.35,Credito 36 meses,Puebla,Vendedor Lopez,Trabajo de campo,Casco + Maletas,Devuelta,3.0,2023,1
849,Jose,Perez,38.0,Masculino,Monterrey,Suzuki,GSX-R150,Scooter,150,Naranja,2020,0.0,2766.38,2,2711.05,Credito 12 meses,CDMX Sur,Vendedor Castillo,Deportivo,Solo Casco,Cancelada,5.0,2025,12
850,Rosa,Hernandez,34.0,Femenino,Guadalajara,Royal Enfield,Thunderbird 350,Touring,400,Amarillo,2025,1494.0,17431.17,0,17431.17,Leasing,CDMX Sur,Vendedor Mendoza,Deportivo,Maletas,Vendida,3.0,2023,6
851,Lucia,Chavez,54.0,Femenino,Tijuana,Bajaj,Avenger 220,Enduro,125,Negro,2020,7765.3,5479.39,8,5041.04,Leasing,Guadalajara,Vendedor Castillo,Turismo,Protecciones,En garantia,5.0,2023,11
852,Isabel,Flores,53.0,Femenino,Puebla,KTM,690 Duke,Trail,500,Verde,2023,5236.4,9852.19,2,9655.14,Credito 36 meses,CDMX Sur,Vendedora Vargas,Coleccion,Casco + Maletas,Cancelada,1.0,2024,9
853,Lucia,Ortiz,53.0,Femenino,Cancun,Suzuki,V-Strom 650,Deportiva,1000,Verde,2021,6227.5,33451.42,0,33451.42,Leasing,Monterrey Sur,Vendedor Ortiz,Mixto,Solo Casco,Vendida,5.0,2023,3
854,Laura,Gomez,63.0,Femenino,Puebla,Royal Enfield,Thunderbird 350,Trail,750,Gris,2022,0.0,31733.72,8,29195.02,Credito 12 meses,Puebla,Vendedor Lopez,Trabajo de campo,Solo Casco,Vendida,4.0,2023,2
855,Juan,Flores,57.0,Masculino,Hermosillo,KTM,RC 390,Enduro,750,Azul,2022,12117.4,23271.7,0,23271.7,Credito 12 meses,Cancun,Vendedora Torres,Turismo,Protecciones,Vendida,5.0,2025,2
856,Antonio,Perez,21.0,Masculino,Ciudad de Mexico,BMW,F750GS,Touring,400,Rojo,2018,0.0,11768.31,10,10591.48,Contado,Queretaro,Vendedora Torres,Turismo,Ninguno,Vendida,3.0,2023,8
857,Sergio,Perez,29.0,Masculino,Hermosillo,Bajaj,Pulsar RS200,Scooter,750,Gris,2019,11398.6,22493.82,0,22493.82,Credito 12 meses,Cancun,Vendedor Mendoza,Turismo,Casco + Guantes,Vendida,4.0,2024,2
858,Carlos,Ramos,20.0,Masculino,Leon,KTM,690 Duke,Scooter,500,Blanco,2024,15722.3,13979.1,0,13979.1,Credito 24 meses,Cancun,Vendedor Lopez,Mensajeria,Kit completo,Vendida,4.0,2024,10
859,Silvia,Lopez,37.0,Femenino,Ciudad de Mexico,Honda,CB500F,Deportiva,125,Plateado,2020,23173.7,4689.37,8,4314.22,Credito 12 meses,CDMX Reforma,Vendedora Torres,Mixto,Kit completo,Devuelta,4.0,2025,5
860,Gabriela,Ramos,20.0,Femenino,Tijuana,Yamaha,NMAX 155,Custom,390,Blanco,2024,13117.0,14926.46,2,14627.93,Leasing,Monterrey Sur,Vendedora Silva,Trabajo de campo,Solo Casco,Devuelta,2.0,2022,12
861,Manuel,Alvarez,58.0,Masculino,Puebla,Kawasaki,Z400,Scooter,125,Rojo,2018,0.0,4426.06,5,4204.76,Contado,CDMX Reforma,Vendedora Silva,Deportivo,Casco + Maletas,Vendida,4.0,2024,2
862,Diego,Moreno,37.0,Masculino,Queretaro,KTM,RC 390,Scooter,400,Rojo,2024,0.0,15364.4,8,14135.25,Credito 36 meses,Tijuana,Vendedora Torres,Transporte diario,Solo Casco,Devuelta,3.0,2023,1
863,Antonio,Mendoza,42.0,Masculino,Ciudad de Mexico,Kawasaki,KLX150,Scooter,500,Azul,2019,9203.0,9096.56,8,8368.83,Credito 12 meses,Tijuana,Vendedor Lopez,Mensajeria,Protecciones,Vendida,5.0,2024,4
864,Sofia,Ramirez,39.0,Femenino,Tijuana,KTM,690 Duke,Deportiva,400,Gris,2022,8176.5,8926.52,0,8926.52,Credito 36 meses,Monterrey Norte,Vendedora Reyes,Coleccion,Protecciones,Vendida,4.0,2022,10
865,Lucia,Ortiz,63.0,Femenino,Queretaro,Suzuki,Gixxer 250,Trail,125,Azul,2021,0.0,3557.65,0,3557.65,Leasing,CDMX Sur,Vendedora Vargas,Trabajo de campo,Casco + Guantes,Vendida,4.0,2023,9
866,Alberto,Perez,22.0,Masculino,Cancun,BMW,F750GS,Custom,650,Naranja,2021,21509.0,12117.91,0,12117.91,Credito 24 meses,Leon,Vendedor Ortiz,Coleccion,Casco + Maletas,Vendida,1.0,2023,7
867,Andres,Ruiz,21.0,Masculino,Monterrey,Royal Enfield,Himalayan,Enduro,1000,Rojo,2019,22110.3,41148.69,0,41148.69,Contado,CDMX Sur,Vendedor Lopez,Turismo,Ninguno,Vendida,2.0,2025,8
868,Silvia,Rivera,40.0,Femenino,Guadalajara,Suzuki,Gixxer 250,Touring,125,Naranja,2021,18546.2,3492.17,8,3212.79,Contado,CDMX Sur,Vendedor Lopez,Transporte diario,Kit completo,Vendida,4.0,2024,4
869,Manuel,Gonzalez,25.0,Masculino,Monterrey,Royal Enfield,Classic 350,Deportiva,150,Negro,2018,23301.1,6423.6,8,5909.71,Credito 12 meses,Leon,Vendedor Castillo,Turismo,Casco + Guantes,Devuelta,5.0,2022,5
870,Laura,Diaz,54.0,Femenino,Cancun,Suzuki,GSX-R150,Scooter,150,Blanco,2018,0.0,4310.03,2,4223.83,Contado,Cancun,Vendedor Lopez,Mensajeria,Casco + Guantes,Vendida,5.0,2023,9
871,Valentina,Cruz,19.0,Femenino,Monterrey,Royal Enfield,Classic 350,Custom,300,Rojo,2021,0.0,5597.74,0,5597.74,Leasing,Queretaro,Vendedora Reyes,Mixto,Solo Casco,Vendida,1.0,2024,12
872,Roberto,Mendoza,61.0,Masculino,Leon,KTM,Duke 200,Custom,750,Plateado,2025,9331.7,20937.77,10,18843.99,Leasing,Guadalajara,Vendedora Vargas,Mensajeria,Protecciones,Vendida,3.0,2024,6
873,Fernanda,Vargas,45.0,Femenino,Cancun,Suzuki,GN125,Custom,400,Plateado,2022,0.0,11218.79,0,11218.79,Credito 36 meses,Puebla,Vendedor Ortiz,Transporte diario,Maletas,Cancelada,3.0,2025,5
874,Isabel,Silva,64.0,Femenino,Ciudad de Mexico,KTM,RC 390,Enduro,1000,Verde,2020,8586.3,30596.99,10,27537.29,Leasing,Guadalajara,Vendedor Mendoza,Mixto,Casco + Maletas,Vendida,2.0,2022,1
875,Ricardo,Ramirez,39.0,Masculino,Merida,Yamaha,NMAX 155,Custom,150,Blanco,2018,14386.6,6711.54,5,6375.96,Credito 12 meses,Puebla,Vendedora Reyes,Transporte diario,Kit completo,Vendida,4.0,2023,10
876,Monica,Sanchez,59.0,Femenino,Cancun,Bajaj,Avenger 220,Naked,250,Azul,2024,24698.8,8394.88,8,7723.29,Contado,Tijuana,Vendedora Torres,Trabajo de campo,Solo Casco,Devuelta,5.0,2024,8
877,Roberto,Garcia,64.0,Masculino,Monterrey,Kawasaki,W175,Touring,300,Negro,2019,4775.2,12084.38,5,11480.16,Credito 12 meses,Guadalajara,Vendedora Torres,Transporte diario,Kit completo,Vendida,4.0,2023,6
878,Carmen,Torres,34.0,Femenino,Tijuana,Bajaj,Dominar 400,Enduro,1000,Amarillo,2022,9372.9,28881.02,8,26570.54,Leasing,Cancun,Vendedor Lopez,Mensajeria,Ninguno,Vendida,5.0,2024,8
879,Andres,Diaz,32.0,Masculino,Hermosillo,KTM,RC 390,Enduro,125,Verde,2024,19244.7,3113.26,2,3051.0,Credito 36 meses,Monterrey Norte,Vendedor Ortiz,Transporte diario,Ninguno,Devuelta,4.0,2024,5
880,Andres,Sanchez,52.0,Masculino,Hermosillo,BMW,C400X,Scooter,150,Rojo,2019,18726.3,3036.01,8,2793.13,Credito 24 meses,CDMX Sur,Vendedora Reyes,Deportivo,Maletas,Vendida,5.0,2022,7
881,Carmen,Reyes,42.0,Femenino,Ciudad de Mexico,Honda,Africa Twin,Scooter,200,Gris,2018,11110.7,6804.52,8,6260.16,Leasing,Queretaro,Vendedor Lopez,Turismo,Maletas,Vendida,5.0,2023,6
882,Diego,Flores,23.0,Masculino,Tijuana,Royal Enfield,Classic 350,Deportiva,500,Blanco,2018,0.0,12960.76,0,12960.76,Contado,CDMX Reforma,Vendedora Reyes,Trabajo de campo,Solo Casco,Vendida,4.0,2023,9
883,Ricardo,Morales,31.0,Masculino,Puebla,Suzuki,Intruder 150,Custom,125,Amarillo,2023,14589.2,3270.18,0,3270.18,Contado,Monterrey Sur,Vendedor Mendoza,Deportivo,Solo Casco,En garantia,3.0,2023,3
884,Sergio,Morales,60.0,Masculino,Monterrey,Royal Enfield,Himalayan,Touring,1250,Naranja,2023,2658.2,37011.6,8,34050.68,Leasing,Queretaro,Vendedora Torres,Transporte diario,Casco + Guantes,Vendida,5.0,2024,4
885,Daniela,Martinez,53.0,Femenino,Hermosillo,Royal Enfield,Thunderbird 350,Naked,650,Azul,2019,0.0,27833.27,0,27833.27,Credito 36 meses,Tijuana,Vendedora Vargas,Coleccion,Kit completo,Vendida,5.0,2022,8
886,Laura,Torres,200.0,Femenino,Ciudad de Mexico,Suzuki,GN125,Custom,400,Naranja,2021,,8451.18,0,8451.18,Contado,Puebla,Vendedor Lopez,Coleccion,Casco + Maletas,En garantia,5.0,2024,4
887,Miguel,Morales,30.0,Masculino,Puebla,BMW,C400X,Naked,650,Amarillo,2020,6091.9,11855.45,10,10669.9,Credito 36 meses,Leon,Vendedora Silva,Transporte diario,Solo Casco,Vendida,4.0,2023,4
888,Monica,Reyes,57.0,Femenino,Guadalajara,Yamaha,MT-03,Enduro,1000,Blanco,2020,1699.9,21427.8,5,20356.41,Credito 12 meses,Queretaro,Vendedora Vargas,Deportivo,Casco + Maletas,Vendida,5.0,2022,10
889,Fernanda,Vargas,45.0,Femenino,Leon,Honda,PCX150,Scooter,125,Amarillo,2024,0.0,5188.51,10,4669.66,Leasing,CDMX Reforma,Vendedor Mendoza,Trabajo de campo,Maletas,Vendida,5.0,2022,8
890,Patricia,Martinez,41.0,Femenino,Merida,Kawasaki,KLX150,Deportiva,650,Blanco,2019,772.9,16747.87,10,15073.08,Contado,Puebla,Vendedor Castillo,Trabajo de campo,Kit completo,Cancelada,3.0,2023,2
891,Gabriela,Ruiz,25.0,Femenino,Hermosillo,BMW,C400X,Custom,750,Plateado,2025,9652.3,20123.53,0,20123.53,Leasing,Cancun,Vendedor Mendoza,Trabajo de campo,Kit completo,Vendida,4.0,2023,9
892,Andres,Ruiz,33.0,Masculino,Queretaro,KTM,690 Duke,Enduro,650,Plateado,2022,23354.0,22517.23,0,22517.23,Credito 12 meses,Puebla,Vendedora Vargas,Deportivo,Maletas,Vendida,5.0,2024,5
893,Fernando,Diaz,46.0,Masculino,Puebla,BMW,F750GS,Trail,390,Blanco,2022,0.0,12471.08,2,12221.66,Credito 24 meses,CDMX Reforma,Vendedora Vargas,Mensajeria,Maletas,Vendida,4.0,2025,7
894,Lucia,Romero,22.0,Femenino,Leon,Royal Enfield,Classic 350,Naked,150,Amarillo,2021,0.0,5634.6,0,5634.6,Credito 24 meses,CDMX Reforma,Vendedor Ortiz,Trabajo de campo,Protecciones,Vendida,5.0,2023,12
895,Silvia,Gomez,21.0,Femenino,Merida,Royal Enfield,Himalayan,Scooter,200,Rojo,2022,0.0,4975.52,0,4975.52,Contado,CDMX Reforma,Vendedor Castillo,Trabajo de campo,Ninguno,Devuelta,4.0,2024,8
896,Claudia,Gomez,49.0,Femenino,Leon,Bajaj,Pulsar RS200,Deportiva,300,Blanco,2025,11909.2,5813.04,2,5696.78,Credito 12 meses,Monterrey Sur,Vendedora Vargas,Mixto,Casco + Maletas,Vendida,5.0,2023,8
897,Carlos,Vargas,20.0,Masculino,Tijuana,Yamaha,R3,Naked,150,Rojo,2020,23143.7,4921.39,0,4921.39,Leasing,Monterrey Norte,Vendedor Lopez,Transporte diario,Kit completo,Devuelta,5.0,2024,4
898,Valentina,Sanchez,34.0,Femenino,Ciudad de Mexico,Bajaj,Pulsar RS200,Deportiva,250,Plateado,2022,8838.8,5987.95,5,5688.56,Leasing,Puebla,Vendedora Silva,Deportivo,Casco + Maletas,Vendida,4.0,2024,6
899,Lucia,Sanchez,52.0,Femenino,Tijuana,Honda,CBR300R,Naked,150,Azul,2022,3114.1,5013.52,5,4762.85,Credito 36 meses,Cancun,Vendedor Mendoza,Deportivo,Solo Casco,En garantia,4.0,2025,11
900,Carmen,Ruiz,30.0,Femenino,Guadalajara,Honda,CBR300R,Scooter,1000,Amarillo,2024,5804.5,26329.34,5,25012.88,Credito 36 meses,Guadalajara,Vendedor Ortiz,Mixto,Maletas,Cancelada,1.0,2024,7
901,Maria,Chavez,31.0,Femenino,Tijuana,BMW,F750GS,Trail,1000,Amarillo,2023,12475.8,31271.04,10,28143.93,Leasing,CDMX Reforma,Vendedora Vargas,Deportivo,Protecciones,Vendida,2.0,2025,7
902,Eduardo,Torres,27.0,Masculino,Puebla,Bajaj,Pulsar RS200,Scooter,400,Amarillo,2023,6219.1,9437.01,0,9437.01,Contado,Cancun,Vendedora Silva,Mensajeria,Protecciones,Vendida,3.0,2023,7
903,Sergio,Silva,47.0,Masculino,Tijuana,Honda,PCX150,Deportiva,750,Naranja,2018,18104.5,20489.98,2,20080.18,Credito 24 meses,Puebla,Vendedora Silva,Turismo,Kit completo,Devuelta,3.0,2024,9
904,Paula,Rivera,27.0,Femenino,Monterrey,Suzuki,GSX-R150,Trail,250,Azul,2021,24479.0,10262.12,8,9441.15,Contado,Guadalajara,Vendedora Torres,Coleccion,Protecciones,En garantia,2.0,2023,7
905,Manuel,Silva,58.0,Masculino,Ciudad de Mexico,Yamaha,Fazer 250,Naked,300,Naranja,2020,6962.8,9070.12,0,9070.12,Credito 24 meses,Guadalajara,Vendedora Torres,Deportivo,Casco + Maletas,Vendida,3.0,2023,10
906,Eduardo,Morales,52.0,Masculino,Tijuana,Honda,CB500F,Naked,1000,Azul,2020,0.0,39143.72,10,35229.35,Contado,CDMX Reforma,Vendedora Torres,Transporte diario,Casco + Maletas,Vendida,5.0,2025,7
907,Manuel,Silva,34.0,Masculino,Ciudad de Mexico,Suzuki,GN125,Naked,150,Rojo,2023,3818.0,5855.19,5,5562.43,Credito 24 meses,Guadalajara,Vendedor Castillo,Coleccion,Casco + Maletas,Vendida,,2025,10
908,Diego,Chavez,35.0,Masculino,Leon,Honda,PCX150,Enduro,200,Gris,2020,6048.1,4501.81,2,4411.77,Credito 36 meses,CDMX Reforma,Vendedora Reyes,Deportivo,Protecciones,Vendida,1.0,2024,2
909,Francisco,Cruz,52.0,Masculino,Merida,Suzuki,GN125,Trail,125,Amarillo,2020,0.0,2476.37,2,2426.85,Credito 36 meses,Tijuana,Vendedor Ortiz,Coleccion,Ninguno,Vendida,4.0,2022,12
910,Rosa,Rodriguez,60.0,Femenino,Puebla,Bajaj,Dominar 400,Deportiva,650,Verde,2025,0.0,28142.07,0,28142.07,Credito 24 meses,Monterrey Sur,Vendedor Ortiz,Trabajo de campo,Ninguno,Vendida,1.0,2024,4
911,Daniela,Lopez,56.0,Femenino,Cancun,Honda,XR150L,Trail,500,Blanco,2021,15961.3,11682.49,0,11682.49,Credito 24 meses,Queretaro,Vendedora Silva,Deportivo,Casco + Guantes,Vendida,2.0,2024,8
912,Sergio,Diaz,24.0,Masculino,Monterrey,BMW,R1250GS,Naked,400,Blanco,2023,11582.5,12236.57,2,11991.84,Contado,CDMX Sur,Vendedora Vargas,Transporte diario,Kit completo,Vendida,4.0,2023,12
913,Camila,Ruiz,29.0,Femenino,Cancun,Bajaj,Pulsar NS200,Deportiva,750,Verde,2025,0.0,19452.51,10,17507.26,Credito 24 meses,CDMX Reforma,Vendedor Castillo,Coleccion,Solo Casco,Vendida,3.0,2023,1
914,Miguel,Cruz,53.0,Masculino,Tijuana,Suzuki,GN125,Touring,300,Amarillo,2021,,5885.08,5,5590.83,Credito 24 meses,Cancun,Vendedora Vargas,Turismo,Kit completo,Devuelta,5.0,2022,12
915,Diego,Jimenez,46.0,Masculino,Hermosillo,Yamaha,NMAX 155,Enduro,500,Negro,2018,13699.7,14851.01,5,14108.46,Credito 12 meses,Queretaro,Vendedora Vargas,Mensajeria,Protecciones,Vendida,3.0,2023,10
916,Sofia,Torres,24.0,Femenino,Monterrey,Suzuki,GSX-R150,Naked,250,Azul,2022,1047.3,5129.03,2,5026.45,Credito 36 meses,Cancun,Vendedora Silva,Trabajo de campo,Casco + Maletas,Vendida,4.0,2024,3
917,Javier,Morales,32.0,Masculino,Guadalajara,BMW,F750GS,Naked,125,Amarillo,2018,0.0,5594.71,0,5594.71,Credito 12 meses,Leon,Vendedora Torres,Transporte diario,Protecciones,Vendida,4.0,2023,10
918,Gabriela,Lopez,38.0,Femenino,Hermosillo,KTM,Adventure 390,Enduro,300,Gris,2023,8163.3,10074.05,5,9570.35,Leasing,CDMX Reforma,Vendedora Silva,Mixto,Casco + Guantes,Devuelta,5.0,2023,4
919,Paula,Ortiz,42.0,Femenino,Queretaro,BMW,S1000R,Trail,650,Gris,2024,0.0,16974.99,8,0.0,Contado,Guadalajara,Vendedora Silva,Mixto,Casco + Maletas,Vendida,4.0,2024,2
920,Francisco,Ortiz,22.0,Masculino,Leon,Royal Enfield,Classic 350,Touring,150,Negro,2023,9996.3,5524.4,5,5248.18,Credito 12 meses,Guadalajara,Vendedora Reyes,Mensajeria,Casco + Guantes,Devuelta,4.0,2023,2
921,Ana,Torres,30.0,Femenino,Puebla,Bajaj,Avenger 220,Scooter,400,Amarillo,2018,9259.5,8863.7,2,8686.42,Credito 36 meses,Cancun,Vendedora Silva,Trabajo de campo,Ninguno,Vendida,5.0,2023,4
922,Roberto,Hernandez,64.0,Masculino,Guadalajara,Kawasaki,KLX150,Deportiva,200,Rojo,2023,21330.0,5415.0,5,5144.25,Credito 12 meses,Tijuana,Vendedor Ortiz,Trabajo de campo,Casco + Guantes,Vendida,3.0,2024,6
923,Carlos,Castillo,64.0,Masculino,Leon,Honda,PCX150,Custom,200,Negro,2023,22952.1,3776.5,0,3776.5,Contado,Guadalajara,Vendedor Castillo,Turismo,Casco + Guantes,Devuelta,3.0,2024,2
924,Alberto,Morales,35.0,Masculino,Guadalajara,Yamaha,FZ25,Touring,750,Gris,2020,20604.8,13504.32,0,13504.32,Leasing,Tijuana,Vendedora Torres,Mixto,Maletas,Vendida,5.0,2024,6
925,Isabel,Torres,21.0,Femenino,Monterrey,Yamaha,NMAX 155,Scooter,750,Verde,2019,5594.8,30761.01,0,30761.01,Credito 12 meses,Leon,Vendedora Reyes,Turismo,Maletas,Vendida,2.0,2025,10
926,Valentina,Cruz,48.0,Femenino,Ciudad de Mexico,Bajaj,Avenger 220,Custom,250,Blanco,2022,5263.7,9861.24,10,8875.11,Contado,Monterrey Sur,Vendedor Lopez,Coleccion,Casco + Guantes,Cancelada,5.0,2025,3
927,Miguel,Castillo,38.0,Masculino,Cancun,Royal Enfield,Classic 350,Scooter,200,Naranja,2023,14481.8,7502.96,0,7502.96,Contado,Tijuana,Vendedor Castillo,Mensajeria,Solo Casco,En garantia,3.0,2024,2
928,Ana,Ruiz,27.0,Femenino,Queretaro,KTM,Duke 390,Scooter,400,Blanco,2018,0.0,9268.08,0,9268.08,Credito 36 meses,Leon,Vendedor Ortiz,Mixto,Protecciones,Vendida,4.0,2024,7
929,Andrea,Ruiz,48.0,Femenino,Ciudad de Mexico,Suzuki,V-Strom 650,Deportiva,1250,Blanco,2023,18787.9,55126.03,2,54023.51,Credito 24 meses,Queretaro,Vendedora Torres,Trabajo de campo,Kit completo,Vendida,5.0,2024,4
930,Carlos,Moreno,,Masculino,Monterrey,Suzuki,GSX-R150,Custom,650,Verde,2021,10446.8,22298.83,0,22298.83,Credito 24 meses,Cancun,Vendedora Vargas,Turismo,Casco + Guantes,Vendida,5.0,2022,1
931,Andres,Ortiz,28.0,Masculino,Hermosillo,Kawasaki,Z400,Enduro,200,Azul,2022,22239.7,5395.6,8,4963.95,Credito 36 meses,Monterrey Norte,Vendedora Reyes,Mensajeria,Maletas,Cancelada,3.0,2023,10
932,Monica,Silva,24.0,Femenino,Cancun,Royal Enfield,Meteor 350,Enduro,300,Azul,2019,21955.9,8094.1,2,7932.22,Credito 24 meses,Cancun,Vendedora Silva,Trabajo de campo,Kit completo,Vendida,5.0,2022,10
933,Ana,Alvarez,28.0,Femenino,Cancun,Kawasaki,KLX150,Naked,300,Naranja,2021,0.0,8597.98,0,8597.98,Contado,Queretaro,Vendedor Lopez,Transporte diario,Casco + Maletas,Cancelada,5.0,2025,12
934,Monica,Morales,20.0,Femenino,Hermosillo,Bajaj,Pulsar NS200,Naked,650,Plateado,2022,16582.9,26942.98,8,24787.54,Leasing,CDMX Sur,Vendedora Torres,Mixto,Solo Casco,Vendida,,2024,2
935,Monica,Ramos,47.0,Femenino,Puebla,KTM,Duke 390,Scooter,650,Rojo,2024,0.0,23214.6,0,23214.6,Contado,Guadalajara,Vendedor Castillo,Deportivo,Protecciones,Vendida,3.0,2022,10
936,Sofia,Silva,59.0,Femenino,Queretaro,Bajaj,Pulsar RS200,Touring,400,Plateado,2023,0.0,9404.21,0,9404.21,Leasing,Monterrey Sur,Vendedora Torres,Deportivo,Casco + Maletas,Vendida,4.0,2024,10
937,Juan,Alvarez,64.0,Masculino,Merida,Kawasaki,Ninja 300,Scooter,300,Plateado,2025,12511.6,13217.66,0,13217.66,Contado,Leon,Vendedor Castillo,Mixto,Casco + Guantes,Vendida,3.0,2024,4
938,Laura,Chavez,60.0,Femenino,Guadalajara,KTM,Duke 390,Deportiva,400,Blanco,2022,22773.0,15911.3,5,15115.74,Credito 12 meses,Puebla,Vendedor Mendoza,Coleccion,Casco + Maletas,Vendida,5.0,2023,9
939,Andres,Reyes,19.0,Masculino,Tijuana,KTM,Duke 200,Naked,390,Blanco,2024,0.0,16007.42,10,14406.68,Credito 12 meses,Cancun,Vendedora Reyes,Mixto,Maletas,Vendida,2.0,2022,10
940,Francisco,Perez,49.0,Masculino,Monterrey,Royal Enfield,Thunderbird 350,Enduro,400,Verde,2021,909.5,10679.91,0,10679.91,Contado,Puebla,Vendedora Vargas,Trabajo de campo,Protecciones,Devuelta,5.0,2024,2
941,Alejandro,Gutierrez,18.0,Masculino,Merida,Royal Enfield,Meteor 350,Custom,200,Verde,2019,11835.7,8152.32,5,7744.7,Contado,Cancun,Vendedor Lopez,Mixto,Casco + Maletas,Vendida,5.0,2024,2
942,Elena,Torres,48.0,Femenino,Ciudad de Mexico,BMW,C400X,Custom,400,Gris,2019,0.0,10369.27,10,9332.35,Credito 36 meses,Guadalajara,Vendedor Castillo,Turismo,Casco + Maletas,Devuelta,4.0,2025,5
943,Laura,Torres,45.0,Femenino,Leon,KTM,Duke 200,Naked,500,Negro,2024,0.0,13163.2,0,13163.2,Credito 12 meses,Tijuana,Vendedora Torres,Turismo,Casco + Guantes,Vendida,1.0,2023,5
944,Manuel,Ramirez,35.0,Masculino,Queretaro,KTM,RC 390,Trail,150,Plateado,2019,0.0,3439.61,0,3439.61,Leasing,Monterrey Sur,Vendedor Castillo,Coleccion,Protecciones,Vendida,5.0,2025,6
945,Carmen,Rodriguez,23.0,Femenino,Ciudad de Mexico,Bajaj,Pulsar NS200,Deportiva,300,Negro,2019,6726.2,12842.59,2,12585.74,Leasing,Monterrey Norte,Vendedora Torres,Trabajo de campo,Casco + Guantes,Vendida,3.0,2024,4
946,Daniela,Gonzalez,42.0,Femenino,Ciudad de Mexico,Bajaj,Pulsar NS200,Custom,300,Negro,2021,0.0,6686.34,5,6352.02,Contado,Leon,Vendedora Silva,Mensajeria,Protecciones,Vendida,5.0,2024,6
947,Pedro,Diaz,20.0,Masculino,Puebla,Kawasaki,W175,Enduro,125,Naranja,2021,5947.8,4549.76,0,4549.76,Credito 12 meses,Tijuana,Vendedor Castillo,Turismo,Solo Casco,Vendida,5.0,2022,5
948,Silvia,Chavez,21.0,Femenino,Cancun,Bajaj,Dominar 400,Deportiva,300,Negro,2019,6375.0,7417.15,10,6675.43,Credito 36 meses,Cancun,Vendedora Silva,Mensajeria,Kit completo,Vendida,2.0,2024,6
949,Alberto,Sanchez,29.0,Masculino,Monterrey,Suzuki,GN125,Custom,150,Negro,2020,5771.4,6617.06,0,6617.06,Credito 36 meses,Guadalajara,Vendedora Silva,Turismo,Casco + Guantes,Vendida,5.0,2024,7
950,Antonio,Ramos,63.0,Masculino,Guadalajara,Yamaha,XTZ 250,Trail,125,Verde,2021,3674.7,3645.08,0,3645.08,Credito 24 meses,Queretaro,Vendedor Ortiz,Mensajeria,Maletas,Vendida,2.0,2025,12
951,Andrea,Diaz,51.0,Femenino,Monterrey,Kawasaki,Z400,Touring,250,Rojo,2021,23728.6,7127.17,0,7127.17,Credito 36 meses,Leon,Vendedor Mendoza,Transporte diario,Casco + Maletas,Vendida,5.0,2024,11
952,Sergio,Gonzalez,31.0,Masculino,Tijuana,BMW,F750GS,Trail,400,Rojo,2020,0.0,8392.5,0,8392.5,Credito 36 meses,Tijuana,Vendedora Torres,Coleccion,Ninguno,Vendida,1.0,2024,1
953,Valentina,Morales,45.0,Femenino,Puebla,Kawasaki,W175,Scooter,250,Blanco,2025,6741.0,9146.91,0,9146.91,Contado,CDMX Reforma,Vendedora Reyes,Trabajo de campo,Solo Casco,Vendida,,2024,8
954,Miguel,Torres,30.0,Masculino,Tijuana,BMW,S1000R,Deportiva,650,Negro,2022,12912.0,16171.94,0,16171.94,Leasing,Monterrey Sur,Vendedora Silva,Turismo,Kit completo,Cancelada,4.0,2024,6
955,Rafael,Diaz,42.0,Masculino,Hermosillo,Suzuki,Intruder 150,Touring,650,Rojo,2023,19242.2,11759.16,0,11759.16,Credito 36 meses,CDMX Reforma,Vendedor Mendoza,Transporte diario,Protecciones,Vendida,5.0,2025,11
956,Fernanda,Morales,42.0,Femenino,Hermosillo,BMW,S1000R,Naked,750,Azul,2023,0.0,17539.2,2,17188.42,Credito 24 meses,Monterrey Norte,Vendedora Vargas,Turismo,Ninguno,Vendida,4.0,2022,11
957,Rafael,Mendoza,56.0,Masculino,Ciudad de Mexico,KTM,Adventure 390,Naked,250,Naranja,2018,2579.8,7408.06,5,0.0,Contado,CDMX Reforma,Vendedora Reyes,Trabajo de campo,Maletas,Cancelada,4.0,2024,10
958,Miguel,Ramirez,33.0,Masculino,Monterrey,Royal Enfield,Classic 350,Enduro,250,Naranja,2023,0.0,9481.67,0,9481.67,Contado,CDMX Sur,Vendedora Reyes,Deportivo,Casco + Guantes,Cancelada,4.0,2025,10
959,Elena,Castillo,64.0,Femenino,Queretaro,Yamaha,FZ25,Enduro,300,Blanco,2021,0.0,11807.91,5,11217.51,Contado,Leon,Vendedora Silva,Mixto,Ninguno,Vendida,4.0,2025,8
960,Carmen,Castillo,46.0,Femenino,Leon,Yamaha,Fazer 250,Touring,750,Amarillo,2022,0.0,18143.92,5,17236.72,Leasing,Guadalajara,Vendedor Lopez,Mensajeria,Casco + Guantes,Vendida,4.0,2024,5
961,Manuel,Perez,44.0,Masculino,Puebla,Kawasaki,Z400,Naked,200,Gris,2020,0.0,4864.79,0,4864.79,Credito 36 meses,Monterrey Norte,Vendedora Reyes,Deportivo,Maletas,Vendida,4.0,2023,7
962,Carlos,Castillo,21.0,Masculino,Guadalajara,Yamaha,XTZ 250,Trail,1250,Blanco,2022,10795.6,29390.52,8,27039.28,Credito 36 meses,Queretaro,Vendedor Lopez,Deportivo,Kit completo,Vendida,5.0,2022,11
963,Rafael,Diaz,30.0,Masculino,Guadalajara,Suzuki,Intruder 150,Scooter,150,Azul,2021,0.0,3043.55,0,3043.55,Credito 12 meses,CDMX Sur,Vendedora Vargas,Trabajo de campo,Solo Casco,Vendida,5.0,2023,5
964,Sergio,Silva,62.0,Masculino,Monterrey,Bajaj,Pulsar RS200,Naked,750,Naranja,2022,15157.0,30442.97,2,29834.11,Credito 24 meses,Queretaro,Vendedora Reyes,Transporte diario,Casco + Maletas,En garantia,3.0,2022,10
965,Jose,Ramos,43.0,Masculino,Hermosillo,Honda,CBR300R,Custom,1250,Blanco,2019,9865.2,46134.1,10,41520.69,Contado,Tijuana,Vendedor Mendoza,Coleccion,Solo Casco,Vendida,4.0,2024,12
966,Francisco,Reyes,26.0,Masculino,Merida,Honda,CB500F,Deportiva,750,Gris,2021,2089.2,24509.33,0,24509.33,Credito 24 meses,Puebla,Vendedor Mendoza,Mixto,Solo Casco,Vendida,2.0,2022,12
967,Javier,Martinez,32.0,Masculino,Tijuana,Royal Enfield,Classic 350,Custom,200,Plateado,2019,15621.0,7935.5,0,7935.5,Contado,Puebla,Vendedora Reyes,Deportivo,Protecciones,Vendida,3.0,2024,11
968,Gabriela,Martinez,28.0,Femenino,Leon,Honda,CB190R,Naked,125,Negro,2018,18077.3,4882.66,10,4394.39,Contado,CDMX Reforma,Vendedora Reyes,Mixto,Casco + Guantes,Vendida,4.0,2024,4
969,Monica,Flores,55.0,Femenino,Tijuana,KTM,Duke 200,Custom,1000,Negro,2018,24710.1,38208.74,5,36298.3,Leasing,CDMX Sur,Vendedor Castillo,Turismo,Solo Casco,Vendida,3.0,2025,8
970,Rafael,Martinez,64.0,Masculino,Ciudad de Mexico,Suzuki,GN125,Naked,1000,Gris,2022,22756.3,33562.4,2,32891.15,Leasing,Cancun,Vendedor Lopez,Turismo,Ninguno,Vendida,4.0,2024,9
971,Ana,Gomez,29.0,Femenino,Leon,Bajaj,Avenger 220,Custom,125,Verde,2018,22144.8,2398.99,0,2398.99,Contado,Puebla,Vendedor Castillo,Coleccion,Solo Casco,Vendida,4.0,2023,5
972,Camila,Rodriguez,54.0,Femenino,Leon,Yamaha,MT-03,Touring,400,Blanco,2021,9239.2,8812.15,0,8812.15,Leasing,Queretaro,Vendedor Lopez,Coleccion,Protecciones,Vendida,4.0,2022,9
973,Andres,Garcia,21.0,Masculino,Hermosillo,Honda,PCX150,Trail,250,Plateado,2025,19663.1,6122.63,5,5816.5,Credito 12 meses,Guadalajara,Vendedora Torres,Transporte diario,Kit completo,Vendida,5.0,2024,11
974,Miguel,Jimenez,45.0,Masculino,Queretaro,Bajaj,Dominar 400,Trail,650,Blanco,2018,0.0,13880.84,5,13186.8,Leasing,Leon,Vendedora Reyes,Deportivo,Maletas,En garantia,3.0,2022,12
975,Ricardo,Martinez,60.0,Masculino,Ciudad de Mexico,Kawasaki,KLX150,Custom,1000,Naranja,2021,0.0,19732.48,0,19732.48,Leasing,CDMX Sur,Vendedor Mendoza,Coleccion,Maletas,Cancelada,4.0,2022,3
976,Fernanda,Reyes,50.0,Femenino,Tijuana,BMW,F750GS,Naked,125,Negro,2020,18130.7,3069.17,2,3007.78,Credito 24 meses,CDMX Sur,Vendedora Torres,Trabajo de campo,Casco + Maletas,Vendida,3.0,2024,1
977,Ricardo,Rodriguez,,Masculino,Ciudad de Mexico,BMW,R1250GS,Scooter,200,Azul,2023,21656.8,5515.25,10,4963.73,Credito 24 meses,Puebla,Vendedor Mendoza,Turismo,Solo Casco,Vendida,4.0,2024,8
978,Luis,Reyes,42.0,Masculino,Merida,Royal Enfield,Thunderbird 350,Deportiva,300,Azul,2022,23999.3,8730.65,0,8730.65,Contado,Puebla,Vendedora Silva,Coleccion,Protecciones,Vendida,4.0,2024,6
979,Manuel,Torres,55.0,Masculino,Monterrey,KTM,Duke 390,Trail,500,Gris,2018,8498.2,17236.29,8,15857.38,Credito 12 meses,CDMX Reforma,Vendedora Silva,Deportivo,Casco + Maletas,Vendida,4.0,2024,1
980,Lucia,Romero,35.0,Femenino,Guadalajara,BMW,C400X,Deportiva,390,Negro,2024,,16323.05,0,16323.05,Leasing,Leon,Vendedora Reyes,Mensajeria,Casco + Maletas,Vendida,3.0,2023,2
981,Rafael,Ramos,55.0,Masculino,Leon,Honda,CB500F,Naked,250,Rojo,2021,3367.7,6127.4,0,6127.4,Credito 36 meses,Monterrey Norte,Vendedora Torres,Transporte diario,Casco + Maletas,En garantia,3.0,2023,12
982,Gabriela,Reyes,51.0,Femenino,Monterrey,Bajaj,Pulsar NS200,Deportiva,500,Blanco,2024,18007.2,21969.99,10,19772.99,Credito 12 meses,Monterrey Norte,Vendedor Lopez,Coleccion,Casco + Guantes,Vendida,4.0,2024,4
983,Fernanda,Gomez,18.0,Femenino,Leon,Yamaha,Fazer 250,Scooter,200,Amarillo,2018,0.0,8123.02,5,7716.87,Credito 24 meses,CDMX Sur,Vendedora Torres,Mensajeria,Ninguno,Vendida,4.0,2022,8
984,Eduardo,Chavez,41.0,Masculino,Guadalajara,Kawasaki,W175,Trail,390,Negro,2020,1906.3,13440.59,0,13440.59,Leasing,Cancun,Vendedor Castillo,Transporte diario,Maletas,Devuelta,4.0,2022,11
985,Elena,Diaz,,Femenino,Puebla,Kawasaki,W175,Naked,650,Blanco,2018,18913.0,20077.44,10,18069.69,Credito 12 meses,Cancun,Vendedor Mendoza,Transporte diario,Solo Casco,En garantia,4.0,2023,3
986,Sofia,Torres,64.0,Femenino,Ciudad de Mexico,KTM,RC 390,Enduro,400,Plateado,2018,21431.9,8028.84,0,8028.84,Credito 36 meses,Monterrey Norte,Vendedora Vargas,Mensajeria,Casco + Guantes,En garantia,4.0,2024,7
987,Elena,Jimenez,63.0,Femenino,Ciudad de Mexico,Royal Enfield,Thunderbird 350,Scooter,400,Rojo,2018,2399.6,11902.01,10,10711.81,Contado,CDMX Reforma,Vendedor Lopez,Coleccion,Solo Casco,Devuelta,4.0,2025,6
988,Camila,Jimenez,28.0,Femenino,Puebla,Bajaj,Pulsar NS200,Deportiva,125,Blanco,2025,0.0,3553.71,8,3269.41,Credito 12 meses,CDMX Sur,Vendedora Vargas,Turismo,Casco + Guantes,Devuelta,5.0,2023,10
989,Claudia,Mendoza,24.0,Femenino,Ciudad de Mexico,Suzuki,Intruder 150,Enduro,750,Azul,2025,14034.3,15702.67,8,14446.45,Leasing,CDMX Sur,Vendedor Castillo,Mensajeria,Casco + Guantes,Vendida,,2025,10
990,Francisco,Ruiz,62.0,Masculino,Merida,BMW,C400X,Custom,125,Plateado,2021,5935.6,4929.11,2,4830.53,Credito 12 meses,Queretaro,Vendedor Lopez,Deportivo,Solo Casco,Vendida,4.0,2025,3
991,Rosa,Rivera,54.0,Femenino,Hermosillo,Yamaha,FZ25,Enduro,150,Negro,2018,1187.3,5401.45,2,5293.43,Credito 24 meses,CDMX Sur,Vendedor Mendoza,Transporte diario,Protecciones,Vendida,5.0,2022,10
992,Sofia,Gomez,50.0,Femenino,Queretaro,Suzuki,Intruder 150,Trail,750,Plateado,2024,14317.9,27799.77,5,26409.78,Leasing,Cancun,Vendedora Reyes,Transporte diario,Maletas,Vendida,5.0,2024,7
993,Isabel,Ortiz,26.0,Femenino,Guadalajara,KTM,690 Duke,Touring,400,Rojo,2021,0.0,14077.19,5,13373.33,Leasing,CDMX Sur,Vendedora Silva,Deportivo,Solo Casco,En garantia,1.0,2023,11
994,Pedro,Rodriguez,32.0,Masculino,Tijuana,Kawasaki,Versys 300,Enduro,200,Rojo,2024,24015.7,7791.85,2,7636.01,Leasing,Leon,Vendedor Mendoza,Trabajo de campo,Protecciones,Vendida,1.0,2022,2
995,Sergio,Jimenez,20.0,Masculino,Puebla,Bajaj,Pulsar NS200,Enduro,1000,Azul,2021,23575.8,29933.71,8,27539.02,Credito 24 meses,Cancun,Vendedora Vargas,Mensajeria,Solo Casco,Vendida,4.0,2025,10
996,Rafael,Ortiz,50.0,Masculino,Hermosillo,Honda,XR150L,Scooter,125,Verde,2019,22556.2,5278.22,2,5172.66,Contado,Tijuana,Vendedor Mendoza,Trabajo de campo,Maletas,En garantia,3.0,2024,11
997,Monica,Ramos,35.0,Femenino,Guadalajara,Suzuki,Intruder 150,Trail,1000,Azul,2024,8617.9,25183.04,10,22664.74,Contado,Tijuana,Vendedora Reyes,Mixto,Ninguno,Vendida,4.0,2022,2
998,Jose,Perez,61.0,Masculino,Queretaro,Kawasaki,KLX150,Scooter,390,Plateado,2019,0.0,13037.97,10,11734.17,Credito 12 meses,CDMX Reforma,Vendedor Castillo,Mixto,Maletas,En garantia,4.0,2024,5
999,Ana,Chavez,33.0,Femenino,Tijuana,Honda,CBR300R,Scooter,500,Negro,2018,12847.5,19156.49,0,0.0,Contado,Monterrey Sur,Vendedor Ortiz,Coleccion,Solo Casco,En garantia,3.0,2024,3
1000,Luis,Martinez,26.0,Masculino,Tijuana,Kawasaki,KLX150,Enduro,390,Rojo,2018,0.0,15692.09,10,14122.88,Leasing,CDMX Sur,Vendedora Torres,Turismo,Protecciones,Vendida,5.0,2025,5
1001,Alejandro,Ramos,59.0,Masculino,Tijuana,Honda,PCX150,Custom,400,Blanco,2021,23735.6,15555.47,10,13999.92,Contado,Puebla,Vendedora Silva,Mensajeria,Kit completo,Vendida,5.0,2024,10
1002,Maria,Cruz,32.0,Femenino,Ciudad de Mexico,Royal Enfield,Thunderbird 350,Custom,500,Naranja,2020,0.0,17084.28,2,16742.6,Credito 36 meses,Guadalajara,Vendedor Mendoza,Turismo,Casco + Guantes,Vendida,1.0,2022,10
1003,Andres,Gomez,45.0,Masculino,Merida,Royal Enfield,Thunderbird 350,Custom,125,Plateado,2019,6588.6,5564.19,5,5285.98,Credito 24 meses,Monterrey Sur,Vendedora Silva,Deportivo,Solo Casco,Vendida,4.0,2023,6
1004,Elena,Hernandez,30.0,Femenino,Cancun,Yamaha,MT-03,Enduro,390,Negro,2021,24025.4,10788.47,0,10788.47,Credito 36 meses,Monterrey Norte,Vendedora Silva,Mixto,Solo Casco,Cancelada,5.0,2023,10
1005,Luis,Reyes,37.0,Masculino,Leon,Suzuki,Gixxer 250,Naked,400,Amarillo,2024,0.0,8416.3,10,7574.67,Credito 36 meses,Tijuana,Vendedora Vargas,Trabajo de campo,Casco + Guantes,Vendida,1.0,2022,8
1006,Antonio,Gonzalez,40.0,Masculino,Hermosillo,Royal Enfield,Meteor 350,Touring,1000,Rojo,2022,18149.7,32720.1,0,32720.1,Credito 12 meses,Queretaro,Vendedor Castillo,Coleccion,Casco + Guantes,Vendida,5.0,2023,5
1007,Javier,Gutierrez,24.0,Masculino,Guadalajara,BMW,S1000R,Naked,125,Amarillo,2022,9959.0,3048.21,0,3048.21,Credito 36 meses,Tijuana,Vendedor Mendoza,Deportivo,Casco + Guantes,Vendida,1.0,2023,8
1008,Pedro,Silva,54.0,Masculino,Tijuana,Yamaha,NMAX 155,Naked,750,Plateado,2019,6527.5,24358.94,0,24358.94,Credito 24 meses,Leon,Vendedora Reyes,Deportivo,Casco + Maletas,Vendida,4.0,2024,8
1009,Elena,Ortiz,42.0,Femenino,Cancun,Kawasaki,Ninja 300,Custom,650,Rojo,2023,8461.8,14810.15,8,13625.34,Credito 36 meses,Cancun,Vendedor Ortiz,Trabajo de campo,Protecciones,En garantia,5.0,2025,9
1010,Sergio,Romero,53.0,Masculino,Ciudad de Mexico,Royal Enfield,Meteor 350,Trail,400,Rojo,2021,12956.9,16497.76,2,16167.81,Credito 24 meses,Monterrey Norte,Vendedor Ortiz,Coleccion,Solo Casco,Vendida,5.0,2024,11
1011,Pedro,Gomez,42.0,Masculino,Leon,Suzuki,GSX-R150,Deportiva,1000,Verde,2020,0.0,27431.2,8,25236.71,Leasing,Leon,Vendedora Torres,Mensajeria,Kit completo,Vendida,4.0,2024,2
1012,Silvia,Ortiz,45.0,Femenino,Tijuana,Suzuki,Gixxer 250,Scooter,650,Rojo,2019,3468.6,23130.34,0,23130.34,Leasing,Cancun,Vendedor Castillo,Deportivo,Ninguno,Vendida,4.0,2024,8
1013,Monica,Castillo,49.0,Femenino,Puebla,Honda,CBR300R,Custom,200,Plateado,2023,23785.0,8417.75,0,8417.75,Credito 36 meses,Cancun,Vendedor Castillo,Coleccion,Kit completo,Vendida,4.0,2023,2
1014,Roberto,Cruz,20.0,Masculino,Merida,KTM,690 Duke,Enduro,650,Amarillo,2019,0.0,21414.64,0,21414.64,Contado,Leon,Vendedora Torres,Turismo,Solo Casco,Cancelada,4.0,2025,7
1015,Rafael,Chavez,47.0,Masculino,Cancun,Bajaj,Avenger 220,Touring,400,Naranja,2020,0.0,12358.1,5,11740.19,Contado,Cancun,Vendedora Torres,Mensajeria,Protecciones,Vendida,3.0,2022,2
1016,Paula,Lopez,64.0,Femenino,Ciudad de Mexico,Royal Enfield,Thunderbird 350,Touring,650,Plateado,2024,17963.5,14331.04,5,13614.49,Leasing,CDMX Reforma,Vendedora Reyes,Mensajeria,Casco + Guantes,Vendida,4.0,2022,12
1017,Claudia,Mendoza,64.0,Femenino,Monterrey,Honda,PCX150,Custom,1000,Verde,2021,17387.5,23028.4,8,21186.13,Credito 36 meses,Queretaro,Vendedora Vargas,Mensajeria,Ninguno,Vendida,4.0,2024,3
1018,Juan,Gonzalez,52.0,Masculino,Merida,Yamaha,MT-03,Scooter,300,Amarillo,2023,6708.1,12688.11,0,12688.11,Leasing,Queretaro,Vendedora Silva,Deportivo,Kit completo,Vendida,,2025,12
1019,Patricia,Sanchez,41.0,Femenino,Puebla,Kawasaki,Z400,Enduro,1000,Negro,2022,20757.7,32382.98,5,30763.83,Credito 24 meses,Queretaro,Vendedor Mendoza,Turismo,Casco + Guantes,Vendida,,2025,7
1020,Patricia,Ortiz,36.0,Femenino,Ciudad de Mexico,KTM,Adventure 390,Scooter,200,Azul,2024,0.0,8535.35,0,8535.35,Credito 12 meses,Puebla,Vendedora Vargas,Transporte diario,Solo Casco,Vendida,5.0,2024,11
1021,Rafael,Ruiz,50.0,Masculino,Merida,Bajaj,Dominar 400,Touring,390,Rojo,2025,23906.5,7290.19,8,6706.98,Leasing,Puebla,Vendedora Reyes,Mixto,Protecciones,En garantia,5.0,2025,1
1022,Sofia,Alvarez,,Femenino,Hermosillo,Kawasaki,Ninja 300,Deportiva,250,Negro,2019,22346.7,6569.68,5,6241.2,Credito 36 meses,Cancun,Vendedora Reyes,Deportivo,Casco + Guantes,Vendida,3.0,2024,6
1023,Diego,Torres,30.0,Masculino,Guadalajara,KTM,690 Duke,Touring,250,Gris,2019,5254.6,6316.65,0,6316.65,Credito 36 meses,Monterrey Sur,Vendedora Vargas,Mixto,Kit completo,Vendida,4.0,2022,12
1024,Miguel,Reyes,52.0,Masculino,Guadalajara,Kawasaki,Z400,Naked,390,Naranja,2024,21146.9,13542.07,0,13542.07,Credito 36 meses,Puebla,Vendedor Lopez,Transporte diario,Maletas,Vendida,3.0,2023,7
1025,Isabel,Hernandez,39.0,Femenino,Hermosillo,Yamaha,R3,Enduro,150,Amarillo,2020,15393.0,2842.53,0,2842.53,Leasing,Monterrey Norte,Vendedor Mendoza,Mixto,Ninguno,En garantia,5.0,2025,1
1026,Manuel,Silva,23.0,Masculino,Leon,KTM,Duke 390,Enduro,250,Naranja,2023,22254.6,10201.74,5,9691.65,Credito 36 meses,Monterrey Norte,Vendedora Vargas,Mixto,Casco + Maletas,Vendida,5.0,2024,7
1027,Andrea,Jimenez,49.0,Femenino,Queretaro,Royal Enfield,Himalayan,Enduro,300,Verde,2025,12755.2,12387.0,0,12387.0,Leasing,Queretaro,Vendedora Vargas,Mixto,Casco + Maletas,Vendida,4.0,2024,1
1028,Rosa,Diaz,38.0,Femenino,Leon,BMW,F750GS,Deportiva,650,Blanco,2019,20310.4,13962.14,5,13264.03,Contado,Monterrey Norte,Vendedor Lopez,Deportivo,Casco + Maletas,Vendida,4.0,2024,2
1029,Daniela,Mendoza,41.0,Femenino,Guadalajara,Kawasaki,KLX150,Trail,1000,Verde,2021,0.0,41717.01,0,41717.01,Credito 24 meses,Monterrey Sur,Vendedora Silva,Transporte diario,Kit completo,Vendida,1.0,2023,2
1030,Paula,Torres,37.0,Femenino,Merida,Honda,CB500F,Enduro,250,Naranja,2020,7097.7,8775.57,2,8600.06,Credito 36 meses,Cancun,Vendedora Reyes,Deportivo,Ninguno,Vendida,4.0,2024,9
1031,Javier,Garcia,48.0,Masculino,Ciudad de Mexico,Royal Enfield,Thunderbird 350,Touring,1250,Plateado,2024,0.0,54544.19,8,50180.66,Credito 12 meses,Puebla,Vendedor Castillo,Deportivo,Casco + Guantes,Vendida,4.0,2022,1
1032,Pedro,Lopez,40.0,Masculino,Monterrey,Yamaha,XTZ 250,Custom,200,Gris,2020,0.0,4628.29,0,4628.29,Leasing,Monterrey Sur,Vendedor Lopez,Trabajo de campo,Protecciones,Vendida,5.0,2022,12
1033,Luis,Moreno,58.0,Masculino,Cancun,Kawasaki,W175,Scooter,300,Plateado,2025,13312.8,9365.26,0,9365.26,Contado,Leon,Vendedor Mendoza,Mixto,Solo Casco,Vendida,4.0,2024,11
1034,Paula,Ruiz,55.0,Femenino,Hermosillo,Royal Enfield,Himalayan,Deportiva,300,Verde,2022,9472.7,11449.3,0,11449.3,Credito 12 meses,Cancun,Vendedora Torres,Coleccion,Casco + Maletas,Vendida,4.0,2022,3
1035,Camila,Ramos,52.0,Femenino,Cancun,Kawasaki,Ninja 300,Naked,400,Negro,2020,24008.8,7773.44,10,6996.1,Credito 36 meses,CDMX Reforma,Vendedora Silva,Trabajo de campo,Casco + Maletas,Vendida,1.0,2024,4
1036,Alberto,Hernandez,41.0,Masculino,Tijuana,Suzuki,Gixxer 250,Trail,390,Verde,2021,22039.0,8934.24,0,8934.24,Leasing,Monterrey Sur,Vendedor Castillo,Deportivo,Maletas,Vendida,5.0,2023,1
1037,Francisco,Ramirez,60.0,Masculino,Tijuana,Suzuki,V-Strom 650,Deportiva,1000,Amarillo,2021,23492.4,27819.69,0,27819.69,Credito 36 meses,Leon,Vendedora Silva,Deportivo,Casco + Maletas,Vendida,4.0,2024,7
1038,Valentina,Morales,36.0,Femenino,Hermosillo,Kawasaki,Ninja 300,Custom,750,Negro,2022,23826.9,20235.64,10,18212.08,Credito 12 meses,Leon,Vendedora Reyes,Transporte diario,Solo Casco,Vendida,3.0,2023,10
1039,Sergio,Jimenez,36.0,Masculino,Guadalajara,Yamaha,MT-03,Naked,125,Amarillo,2025,22766.6,3367.5,8,3098.1,Credito 24 meses,Guadalajara,Vendedora Silva,Deportivo,Solo Casco,Vendida,3.0,2025,2
1040,Miguel,Mendoza,51.0,Masculino,Monterrey,Suzuki,V-Strom 650,Touring,400,Plateado,2018,4331.7,15075.39,8,13869.36,Credito 36 meses,Cancun,Vendedora Reyes,Coleccion,Maletas,Vendida,4.0,2024,6
1041,Daniela,Rodriguez,49.0,Femenino,Monterrey,Kawasaki,Versys 300,Naked,1000,Rojo,2021,9858.6,31887.03,0,31887.03,Credito 24 meses,CDMX Sur,Vendedora Silva,Trabajo de campo,Protecciones,En garantia,3.0,2024,10
1042,Alberto,Ortiz,47.0,Masculino,Guadalajara,KTM,Duke 200,Deportiva,500,Blanco,2020,21800.2,9896.51,10,8906.86,Leasing,Guadalajara,Vendedora Vargas,Mensajeria,Casco + Guantes,Vendida,4.0,2022,9
1043,Roberto,Alvarez,,Masculino,Puebla,Kawasaki,W175,Deportiva,300,Naranja,2021,0.0,10695.41,8,9839.78,Credito 36 meses,Monterrey Sur,Vendedora Silva,Mensajeria,Maletas,Vendida,4.0,2024,9
1044,Laura,Gonzalez,43.0,Femenino,Guadalajara,Yamaha,MT-03,Trail,400,Amarillo,2020,0.0,7722.9,0,7722.9,Credito 36 meses,Leon,Vendedor Mendoza,Transporte diario,Casco + Guantes,En garantia,1.0,2023,4
1045,Miguel,Jimenez,22.0,Masculino,Monterrey,Yamaha,NMAX 155,Scooter,400,Blanco,2018,0.0,8328.66,0,8328.66,Credito 24 meses,Tijuana,Vendedora Reyes,Deportivo,Solo Casco,Vendida,4.0,2024,2
1046,Carlos,Cruz,46.0,Masculino,Queretaro,BMW,C400X,Trail,250,Plateado,2021,16508.4,7412.28,0,7412.28,Contado,Guadalajara,Vendedor Castillo,Deportivo,Casco + Guantes,En garantia,5.0,2024,9
1047,Roberto,Ortiz,25.0,Masculino,Leon,Honda,CB500F,Naked,1000,Blanco,2020,21496.1,28659.16,5,0.0,Leasing,CDMX Sur,Vendedor Ortiz,Deportivo,Casco + Guantes,Vendida,4.0,2022,5
1048,Fernando,Vargas,28.0,Masculino,Hermosillo,KTM,Adventure 390,Enduro,150,Verde,2018,5365.5,5982.38,8,5503.79,Credito 12 meses,Cancun,Vendedora Reyes,Mixto,Casco + Guantes,Vendida,3.0,2025,8
1049,Francisco,Gomez,30.0,Masculino,Queretaro,Royal Enfield,Meteor 350,Trail,200,Blanco,2023,13491.0,5087.49,2,4985.74,Credito 12 meses,Monterrey Norte,Vendedor Castillo,Transporte diario,Protecciones,Vendida,3.0,2025,4
1050,Juan,Ramirez,24.0,Masculino,Monterrey,Suzuki,Intruder 150,Naked,125,Rojo,2020,13938.2,3675.8,0,3675.8,Credito 36 meses,Monterrey Sur,Vendedor Ortiz,Trabajo de campo,Casco + Maletas,Vendida,4.0,2023,8
1051,Javier,Ruiz,56.0,Masculino,Ciudad de Mexico,Kawasaki,Z400,Trail,200,Rojo,2019,6526.5,8244.06,5,7831.86,Credito 12 meses,CDMX Sur,Vendedor Lopez,Deportivo,Casco + Guantes,Vendida,4.0,2023,5
1052,Juan,Torres,48.0,Masculino,Hermosillo,KTM,Adventure 390,Deportiva,500,Verde,2025,22326.1,16619.78,10,14957.8,Credito 36 meses,Cancun,Vendedora Vargas,Turismo,Kit completo,Vendida,5.0,2023,1
1053,Patricia,Rodriguez,62.0,Femenino,Merida,Kawasaki,Versys 300,Deportiva,500,Negro,2022,68.3,20361.31,0,20361.31,Leasing,Monterrey Sur,Vendedor Lopez,Deportivo,Casco + Guantes,Vendida,5.0,2024,10
1054,Monica,Rodriguez,23.0,Femenino,Merida,Kawasaki,Ninja 300,Deportiva,500,Plateado,2019,10595.1,14381.62,10,12943.46,Contado,Puebla,Vendedora Reyes,Transporte diario,Solo Casco,Vendida,3.0,2023,4
1055,Miguel,Rodriguez,22.0,Masculino,Cancun,KTM,Duke 200,Custom,500,Azul,2018,2541.7,10139.87,5,9632.88,Credito 24 meses,Monterrey Sur,Vendedor Lopez,Mixto,Casco + Maletas,Vendida,4.0,2023,8
1056,Daniela,Perez,58.0,Femenino,Monterrey,BMW,R1250GS,Deportiva,300,Naranja,2020,0.0,7015.91,2,6875.59,Credito 12 meses,Puebla,Vendedora Vargas,Trabajo de campo,Ninguno,Vendida,5.0,2025,7
1057,Rosa,Romero,31.0,Femenino,Puebla,BMW,R1250GS,Enduro,125,Naranja,2018,24994.0,2940.4,5,2793.38,Credito 12 meses,Leon,Vendedor Castillo,Mixto,Ninguno,Vendida,5.0,2023,3
1058,Fernanda,Morales,42.0,Femenino,Monterrey,Suzuki,Gixxer 250,Deportiva,390,Rojo,2021,17486.9,13181.6,5,12522.52,Credito 24 meses,Queretaro,Vendedor Ortiz,Trabajo de campo,Casco + Guantes,En garantia,3.0,2025,2
1059,Gabriela,Ramirez,45.0,Femenino,Monterrey,Honda,CB190R,Deportiva,150,Gris,2025,3108.1,2904.84,5,2759.6,Leasing,CDMX Reforma,Vendedora Torres,Mixto,Protecciones,Vendida,4.0,2024,7
1060,Silvia,Ramirez,44.0,Femenino,Hermosillo,Honda,XR150L,Enduro,250,Plateado,2019,4303.0,9007.04,8,8286.48,Contado,Cancun,Vendedor Castillo,Mensajeria,Casco + Maletas,Devuelta,3.0,2025,2
1061,Camila,Gomez,40.0,Femenino,Hermosillo,Royal Enfield,Classic 350,Enduro,1000,Gris,2025,20341.6,19758.2,2,19363.04,Contado,Queretaro,Vendedor Ortiz,Transporte diario,Solo Casco,En garantia,4.0,2022,8
1062,Andres,Gonzalez,28.0,Masculino,Leon,BMW,G310R,Scooter,500,Blanco,2021,0.0,15478.54,0,15478.54,Credito 12 meses,Tijuana,Vendedor Castillo,Coleccion,Maletas,Vendida,2.0,2023,3
1063,Eduardo,Vargas,28.0,Masculino,Ciudad de Mexico,Royal Enfield,Meteor 350,Deportiva,150,Azul,2020,21203.0,5581.52,0,5581.52,Credito 36 meses,Monterrey Norte,Vendedora Reyes,Mixto,Maletas,En garantia,3.0,2025,5
1064,Miguel,Ramirez,56.0,Masculino,Guadalajara,Yamaha,NMAX 155,Trail,125,Plateado,2018,16511.0,5088.47,8,4681.39,Contado,CDMX Reforma,Vendedora Vargas,Mensajeria,Protecciones,Devuelta,5.0,2025,6
1065,Isabel,Alvarez,24.0,Femenino,Guadalajara,Yamaha,FZ25,Enduro,500,Naranja,2022,12705.4,21994.01,8,20234.49,Credito 24 meses,CDMX Sur,Vendedor Mendoza,Deportivo,Casco + Maletas,Vendida,,2024,8
1066,Sergio,Silva,21.0,Masculino,Monterrey,KTM,690 Duke,Enduro,650,Blanco,2025,9345.0,24642.17,0,24642.17,Contado,Monterrey Norte,Vendedor Castillo,Coleccion,Casco + Guantes,Vendida,4.0,2023,7
1067,Paula,Martinez,44.0,Femenino,Queretaro,KTM,Adventure 390,Enduro,1000,Naranja,2020,9506.2,20529.82,10,18476.84,Contado,Monterrey Sur,Vendedor Mendoza,Coleccion,Ninguno,Cancelada,3.0,2022,7
1068,Patricia,Rodriguez,58.0,Femenino,Hermosillo,Bajaj,Pulsar RS200,Touring,500,Azul,2025,1250.6,18803.77,2,18427.7,Contado,CDMX Sur,Vendedora Torres,Mixto,Maletas,Devuelta,5.0,2024,4
1069,Carmen,Torres,54.0,Femenino,Merida,KTM,Adventure 390,Enduro,125,Azul,2021,0.0,3918.45,5,3722.53,Credito 24 meses,Queretaro,Vendedora Vargas,Transporte diario,Casco + Maletas,Vendida,4.0,2024,5
1070,Silvia,Chavez,49.0,Femenino,Tijuana,Bajaj,Pulsar RS200,Scooter,300,Plateado,2024,7076.0,10583.99,5,10054.79,Credito 12 meses,CDMX Sur,Vendedor Ortiz,Transporte diario,Kit completo,En garantia,5.0,2024,1
1071,Claudia,Lopez,41.0,Femenino,Ciudad de Mexico,BMW,F750GS,Touring,150,Azul,2023,0.0,4497.98,0,4497.98,Credito 36 meses,CDMX Sur,Vendedor Mendoza,Transporte diario,Maletas,Vendida,4.0,2023,2
1072,Manuel,Lopez,32.0,Masculino,Merida,Bajaj,Pulsar RS200,Scooter,750,Negro,2020,9879.7,14332.03,2,14045.39,Credito 36 meses,Monterrey Norte,Vendedora Torres,Transporte diario,Kit completo,Vendida,4.0,2025,7
1073,Antonio,Castillo,25.0,Masculino,Tijuana,Yamaha,Fazer 250,Deportiva,1250,Azul,2020,21828.3,30879.62,8,28409.25,Credito 12 meses,Leon,Vendedor Ortiz,Transporte diario,Kit completo,Vendida,4.0,2025,2
1074,Francisco,Garcia,41.0,Masculino,Ciudad de Mexico,Honda,XR150L,Touring,390,Gris,2024,20751.5,12877.77,0,12877.77,Credito 24 meses,Leon,Vendedor Mendoza,Turismo,Casco + Guantes,Cancelada,,2025,4
1075,Javier,Ruiz,30.0,Masculino,Guadalajara,KTM,Duke 200,Scooter,250,Amarillo,2018,,9204.85,0,9204.85,Contado,Tijuana,Vendedor Mendoza,Mensajeria,Kit completo,Cancelada,4.0,2023,9
1076,Rafael,Cruz,46.0,Masculino,Queretaro,Honda,PCX150,Scooter,500,Plateado,2019,0.0,20249.93,0,20249.93,Contado,CDMX Reforma,Vendedora Vargas,Coleccion,Solo Casco,Vendida,4.0,2025,9
1077,Camila,Castillo,55.0,Femenino,Hermosillo,BMW,C400X,Enduro,400,Amarillo,2021,14544.2,13857.86,5,13164.96,Credito 24 meses,Tijuana,Vendedor Ortiz,Coleccion,Kit completo,Vendida,4.0,2024,5
1078,Alejandro,Chavez,31.0,Masculino,Ciudad de Mexico,KTM,690 Duke,Custom,300,Blanco,2018,0.0,13329.06,10,11996.15,Contado,Leon,Vendedora Vargas,Deportivo,Protecciones,En garantia,4.0,2024,5
1079,Ana,Chavez,39.0,Femenino,Merida,KTM,Duke 200,Trail,150,Plateado,2018,0.0,4621.65,2,4529.21,Credito 36 meses,CDMX Reforma,Vendedor Ortiz,Turismo,Solo Casco,Vendida,5.0,2024,1
1080,Isabel,Garcia,60.0,Femenino,Hermosillo,Yamaha,Fazer 250,Custom,750,Gris,2018,192.0,18763.08,0,18763.08,Credito 12 meses,CDMX Sur,Vendedor Castillo,Deportivo,Casco + Guantes,Vendida,3.0,2025,5
1081,Camila,Flores,56.0,Femenino,Tijuana,Bajaj,Dominar 400,Touring,1250,Blanco,2024,10261.5,51577.79,5,48998.9,Contado,CDMX Sur,Vendedora Vargas,Trabajo de campo,Casco + Maletas,Vendida,4.0,2025,5
1082,Paula,Flores,22.0,Femenino,Puebla,Royal Enfield,Himalayan,Naked,650,Plateado,2025,7713.0,27362.74,5,25994.6,Leasing,Monterrey Norte,Vendedor Ortiz,Deportivo,Solo Casco,En garantia,4.0,2022,8
1083,Sofia,Hernandez,26.0,Femenino,Tijuana,Bajaj,Avenger 220,Custom,200,Verde,2024,7229.8,8213.16,0,8213.16,Leasing,Cancun,Vendedora Vargas,Deportivo,Casco + Guantes,Vendida,3.0,2022,4
1084,Javier,Diaz,39.0,Masculino,Cancun,Suzuki,GSX-R150,Custom,150,Amarillo,2020,19954.8,3408.38,0,3408.38,Credito 24 meses,Queretaro,Vendedor Mendoza,Mixto,Kit completo,En garantia,5.0,2023,6
1085,Ricardo,Silva,63.0,Masculino,Merida,Honda,CB190R,Trail,150,Gris,2019,0.0,3416.35,8,3143.05,Leasing,Tijuana,Vendedor Ortiz,Transporte diario,Casco + Guantes,En garantia,5.0,2023,1
1086,Miguel,Martinez,41.0,Masculino,Ciudad de Mexico,Royal Enfield,Thunderbird 350,Enduro,500,Verde,2020,0.0,18598.06,5,17668.15,Credito 36 meses,Monterrey Norte,Vendedor Castillo,Trabajo de campo,Solo Casco,Vendida,3.0,2022,11
1087,Sofia,Reyes,49.0,Femenino,Queretaro,Suzuki,Intruder 150,Naked,150,Amarillo,2020,0.0,3296.46,0,3296.46,Credito 24 meses,CDMX Reforma,Vendedor Ortiz,Turismo,Protecciones,Vendida,3.0,2024,12
1088,Monica,Reyes,23.0,Femenino,Ciudad de Mexico,Honda,PCX150,Touring,650,Blanco,2020,6618.2,17848.72,10,16063.85,Contado,Tijuana,Vendedora Silva,Coleccion,Kit completo,Vendida,3.0,2025,8
1089,Daniela,Ramos,30.0,Femenino,Cancun,BMW,G310R,Touring,125,Blanco,2022,9185.7,4530.89,2,4440.28,Credito 12 meses,Monterrey Sur,Vendedora Torres,Deportivo,Solo Casco,Vendida,4.0,2024,11
1090,Sergio,Alvarez,56.0,Masculino,Guadalajara,BMW,C400X,Scooter,750,Amarillo,2025,15519.8,28998.34,8,26678.47,Credito 36 meses,CDMX Reforma,Vendedora Silva,Mensajeria,Kit completo,Devuelta,5.0,2025,6
1091,Andres,Mendoza,47.0,Masculino,Cancun,Suzuki,Gixxer 250,Touring,250,Rojo,2024,20491.2,10356.37,5,9838.55,Leasing,Monterrey Norte,Vendedora Torres,Coleccion,Casco + Maletas,Devuelta,4.0,2025,8
1092,Elena,Sanchez,35.0,Femenino,Leon,Honda,XR150L,Custom,390,Plateado,2018,24858.2,14546.4,0,14546.4,Leasing,Guadalajara,Vendedor Castillo,Coleccion,Solo Casco,Cancelada,5.0,2023,1
1093,Elena,Gomez,21.0,Femenino,Cancun,BMW,G310R,Scooter,125,Plateado,2019,17878.9,5145.2,10,4630.68,Credito 24 meses,Tijuana,Vendedora Torres,Mixto,Ninguno,Cancelada,5.0,2022,5
1094,Patricia,Rodriguez,43.0,Femenino,Merida,BMW,S1000R,Naked,300,Plateado,2022,0.0,12826.0,0,12826.0,Credito 24 meses,Monterrey Sur,Vendedora Reyes,Coleccion,Maletas,Vendida,1.0,2024,3
1095,Sergio,Chavez,23.0,Masculino,Guadalajara,Yamaha,FZ25,Naked,1000,Plateado,2023,0.0,36528.49,10,32875.64,Credito 36 meses,Tijuana,Vendedor Castillo,Mixto,Maletas,Vendida,5.0,2022,1
1096,Rosa,Alvarez,41.0,Femenino,Cancun,Bajaj,Pulsar RS200,Deportiva,1250,Gris,2023,17576.9,42711.2,0,42711.2,Credito 36 meses,Guadalajara,Vendedor Castillo,Trabajo de campo,Solo Casco,Vendida,3.0,2024,9
1097,Luis,Sanchez,52.0,Masculino,Puebla,Bajaj,Dominar 400,Enduro,200,Negro,2021,4068.4,5046.12,0,5046.12,Credito 12 meses,Monterrey Sur,Vendedora Reyes,Transporte diario,Ninguno,Vendida,4.0,2025,3
1098,Alberto,Hernandez,,Masculino,Monterrey,Kawasaki,Z400,Trail,650,Negro,2021,0.0,26914.69,0,26914.69,Contado,Guadalajara,Vendedora Silva,Deportivo,Casco + Guantes,Vendida,5.0,2023,2
1099,Luis,Vargas,,Masculino,Merida,Bajaj,Avenger 220,Trail,400,Amarillo,2018,15784.5,11297.55,0,11297.55,Credito 36 meses,Monterrey Sur,Vendedor Lopez,Coleccion,Casco + Guantes,Vendida,5.0,2025,8
1100,Lucia,Flores,39.0,Femenino,Puebla,KTM,Adventure 390,Custom,150,Negro,2021,7234.1,3869.49,8,3559.93,Leasing,Tijuana,Vendedor Lopez,Mixto,Ninguno,Vendida,3.0,2023,2
1101,Fernanda,Rodriguez,52.0,Femenino,Monterrey,Suzuki,GSX-R150,Naked,390,Rojo,2023,19752.6,10277.25,10,9249.52,Credito 36 meses,Queretaro,Vendedor Mendoza,Transporte diario,Kit completo,Devuelta,1.0,2025,6
1102,Gabriela,Vargas,54.0,Femenino,Tijuana,Bajaj,Avenger 220,Scooter,150,Gris,2018,24311.1,4042.2,8,3718.82,Contado,Monterrey Sur,Vendedor Lopez,Mensajeria,Ninguno,Vendida,4.0,2024,12
1103,Valentina,Cruz,57.0,Femenino,Merida,Yamaha,XTZ 250,Touring,150,Negro,2022,0.0,5551.52,0,5551.52,Credito 36 meses,Cancun,Vendedor Castillo,Mixto,Maletas,Vendida,2.0,2025,11
1104,Ana,Lopez,34.0,Femenino,Tijuana,Honda,XR150L,Enduro,650,Naranja,2024,7355.0,25041.66,2,24540.83,Credito 12 meses,Queretaro,Vendedora Reyes,Mixto,Casco + Guantes,Devuelta,5.0,2023,7
1105,Rafael,Garcia,61.0,Masculino,Leon,Bajaj,Pulsar NS200,Trail,500,Naranja,2025,1816.2,16143.37,8,14851.9,Credito 12 meses,Puebla,Vendedora Reyes,Mixto,Casco + Guantes,Vendida,4.0,2023,7
1106,Camila,Mendoza,49.0,Femenino,Leon,Honda,Africa Twin,Scooter,750,Plateado,2019,0.0,18294.14,0,18294.14,Leasing,Tijuana,Vendedor Mendoza,Trabajo de campo,Casco + Guantes,Vendida,3.0,2023,5
1107,Laura,Hernandez,29.0,Femenino,Cancun,Honda,CB500F,Scooter,390,Amarillo,2025,12762.4,16860.54,0,16860.54,Credito 24 meses,Monterrey Sur,Vendedor Mendoza,Trabajo de campo,Kit completo,Devuelta,5.0,2024,6
1108,Rosa,Chavez,,Femenino,Hermosillo,Suzuki,Gixxer 250,Scooter,150,Blanco,2020,0.0,4894.33,10,4404.9,Credito 36 meses,CDMX Sur,Vendedor Mendoza,Deportivo,Solo Casco,Vendida,2.0,2023,1
1109,Gabriela,Lopez,40.0,Femenino,Guadalajara,Yamaha,NMAX 155,Trail,125,Plateado,2023,0.0,4987.67,0,4987.67,Credito 24 meses,CDMX Sur,Vendedora Vargas,Trabajo de campo,Casco + Maletas,Cancelada,3.0,2023,11
1110,Alejandro,Alvarez,43.0,Masculino,Monterrey,Bajaj,Pulsar RS200,Custom,125,Rojo,2020,9179.2,5101.61,0,5101.61,Contado,Monterrey Sur,Vendedor Ortiz,Deportivo,Protecciones,Vendida,5.0,2025,11
1111,Fernanda,Ruiz,22.0,Femenino,Cancun,BMW,G310R,Naked,500,Plateado,2020,0.0,11317.64,10,10185.88,Credito 12 meses,Tijuana,Vendedora Vargas,Mensajeria,Casco + Maletas,Vendida,5.0,2022,7
1112,Maria,Ramirez,55.0,Femenino,Cancun,Honda,CB190R,Naked,500,Negro,2020,0.0,16022.3,10,14420.07,Credito 12 meses,Queretaro,Vendedora Torres,Trabajo de campo,Maletas,Vendida,5.0,2023,3
1113,Maria,Ortiz,40.0,Femenino,Leon,Royal Enfield,Meteor 350,Deportiva,125,Blanco,2018,0.0,4903.77,5,4658.58,Credito 36 meses,Monterrey Sur,Vendedora Torres,Turismo,Solo Casco,Vendida,4.0,2024,7
1114,Laura,Ortiz,20.0,Femenino,Ciudad de Mexico,Honda,Africa Twin,Naked,390,Rojo,2025,0.0,9414.66,10,8473.19,Contado,Leon,Vendedora Torres,Mixto,Ninguno,Devuelta,5.0,2025,9
1115,Maria,Torres,18.0,Femenino,Merida,Honda,PCX150,Custom,300,Verde,2019,14350.1,12739.01,10,11465.11,Credito 24 meses,CDMX Reforma,Vendedor Mendoza,Mixto,Maletas,Vendida,5.0,2025,10
1116,Fernanda,Diaz,24.0,Femenino,Guadalajara,Kawasaki,W175,Enduro,390,Plateado,2022,19149.8,8404.75,0,8404.75,Credito 12 meses,Leon,Vendedora Silva,Mixto,Kit completo,Devuelta,5.0,2024,12
1117,Antonio,Gomez,34.0,Masculino,Puebla,Yamaha,FZ25,Custom,300,Blanco,2023,16599.7,8091.55,0,8091.55,Contado,Leon,Vendedor Castillo,Deportivo,Casco + Maletas,Vendida,5.0,2024,3
1118,Andrea,Ramirez,29.0,Femenino,Merida,BMW,C400X,Scooter,250,Rojo,2024,10140.8,6777.42,0,6777.42,Credito 36 meses,Leon,Vendedora Silva,Coleccion,Maletas,Vendida,5.0,2023,11
1119,Manuel,Silva,45.0,Masculino,Queretaro,BMW,C400X,Scooter,650,Blanco,2020,5696.3,15126.32,0,15126.32,Leasing,Monterrey Norte,Vendedora Vargas,Turismo,Casco + Guantes,Vendida,4.0,2025,2
1120,Andrea,Gomez,53.0,Femenino,Ciudad de Mexico,BMW,G310R,Naked,400,Blanco,2023,9105.6,11089.15,5,10534.69,Contado,Cancun,Vendedor Lopez,Coleccion,Kit completo,Vendida,4.0,2023,12
1121,Carmen,Mendoza,39.0,Femenino,Puebla,Honda,PCX150,Deportiva,1000,Negro,2018,15002.2,36895.6,8,33943.96,Contado,Leon,Vendedor Ortiz,Transporte diario,Maletas,Vendida,4.0,2025,9
1122,Jose,Castillo,54.0,Masculino,Ciudad de Mexico,KTM,RC 390,Naked,1250,Rojo,2024,0.0,54306.99,8,49962.44,Credito 36 meses,Cancun,Vendedora Vargas,Deportivo,Kit completo,Vendida,2.0,2023,8
1123,Laura,Mendoza,57.0,Femenino,Hermosillo,Suzuki,Gixxer 250,Touring,150,Rojo,2025,19623.3,5400.79,0,5400.79,Contado,Guadalajara,Vendedor Ortiz,Mixto,Casco + Maletas,Vendida,4.0,2023,9
1124,Luis,Romero,,Masculino,Hermosillo,KTM,Duke 200,Touring,390,Amarillo,2020,8675.6,9279.73,8,8537.35,Leasing,Puebla,Vendedor Lopez,Trabajo de campo,Kit completo,Vendida,3.0,2025,4
1125,Andres,Rivera,34.0,Masculino,Hermosillo,Yamaha,NMAX 155,Custom,1250,Verde,2025,1237.9,28955.12,0,28955.12,Contado,CDMX Reforma,Vendedora Torres,Transporte diario,Casco + Guantes,Vendida,4.0,2024,10
1126,Valentina,Rivera,28.0,Femenino,Ciudad de Mexico,Kawasaki,Versys 300,Deportiva,1250,Azul,2019,0.0,22911.91,8,21078.96,Credito 36 meses,Monterrey Norte,Vendedor Castillo,Transporte diario,Casco + Guantes,Vendida,4.0,2023,10
1127,Rosa,Moreno,62.0,Femenino,Puebla,Yamaha,MT-03,Touring,1000,Verde,2020,,27093.89,5,25739.2,Credito 12 meses,Monterrey Norte,Vendedora Vargas,Trabajo de campo,Casco + Guantes,En garantia,5.0,2023,2
1128,Carlos,Silva,34.0,Masculino,Merida,Bajaj,Avenger 220,Deportiva,750,Negro,2018,10711.8,32546.55,0,32546.55,Leasing,Queretaro,Vendedora Reyes,Trabajo de campo,Kit completo,Vendida,5.0,2023,2
1129,Francisco,Torres,37.0,Masculino,Queretaro,Royal Enfield,Himalayan,Enduro,1250,Verde,2021,14256.9,45457.36,8,41820.77,Credito 12 meses,Monterrey Norte,Vendedor Lopez,Trabajo de campo,Ninguno,Vendida,4.0,2022,11
1130,Camila,Perez,32.0,Femenino,Tijuana,Suzuki,V-Strom 650,Touring,390,Gris,2023,1822.0,7104.77,0,7104.77,Credito 12 meses,Queretaro,Vendedor Mendoza,Turismo,Casco + Guantes,Vendida,5.0,2022,10
1131,Monica,Sanchez,42.0,Femenino,Queretaro,BMW,F750GS,Touring,750,Negro,2020,0.0,14738.25,0,14738.25,Contado,Monterrey Norte,Vendedor Lopez,Coleccion,Casco + Guantes,Vendida,3.0,2024,5
1132,Ana,Lopez,20.0,Femenino,Guadalajara,KTM,Duke 390,Deportiva,125,Naranja,2024,6074.4,4400.57,5,4180.54,Credito 36 meses,Leon,Vendedora Silva,Mixto,Solo Casco,Vendida,5.0,2024,1
1133,Roberto,Gonzalez,29.0,Masculino,Guadalajara,KTM,Adventure 390,Naked,390,Naranja,2025,14139.8,14962.12,5,14214.01,Credito 24 meses,Guadalajara,Vendedor Ortiz,Transporte diario,Solo Casco,Devuelta,4.0,2024,7
1134,Javier,Cruz,43.0,Masculino,Cancun,Suzuki,Gixxer 250,Deportiva,1250,Blanco,2023,1943.4,27274.45,0,27274.45,Contado,Leon,Vendedora Torres,Transporte diario,Casco + Maletas,Vendida,5.0,2025,7
1135,Patricia,Romero,63.0,Femenino,Hermosillo,Kawasaki,KLX150,Custom,125,Blanco,2020,0.0,2860.65,2,2803.43,Contado,Puebla,Vendedora Torres,Coleccion,Maletas,Vendida,5.0,2025,1
1136,Maria,Rivera,42.0,Femenino,Leon,KTM,690 Duke,Enduro,150,Plateado,2019,5285.9,4456.63,10,4010.96,Contado,Cancun,Vendedora Vargas,Coleccion,Protecciones,Vendida,5.0,2024,7
1137,Paula,Silva,,Femenino,Puebla,Suzuki,Gixxer 250,Scooter,400,Plateado,2018,19328.2,13204.94,0,13204.94,Leasing,CDMX Reforma,Vendedora Torres,Coleccion,Ninguno,Vendida,4.0,2024,11
1138,Diego,Lopez,43.0,Masculino,Ciudad de Mexico,Royal Enfield,Classic 350,Custom,650,Amarillo,2018,,16545.75,0,16545.75,Credito 12 meses,Monterrey Norte,Vendedor Lopez,Deportivo,Maletas,Vendida,3.0,2024,4
1139,Eduardo,Lopez,20.0,Masculino,Monterrey,BMW,C400X,Touring,200,Negro,2021,0.0,6976.47,10,6278.82,Credito 24 meses,CDMX Sur,Vendedora Reyes,Turismo,Protecciones,Cancelada,5.0,2025,12
1140,Jose,Jimenez,47.0,Masculino,Monterrey,Yamaha,FZ25,Naked,400,Rojo,2021,16828.2,17718.53,0,17718.53,Credito 12 meses,Monterrey Norte,Vendedor Castillo,Mensajeria,Protecciones,Vendida,5.0,2024,8
1141,Francisco,Rivera,51.0,Masculino,Puebla,Suzuki,GSX-R150,Deportiva,1250,Blanco,2020,2580.9,37313.1,0,37313.1,Leasing,Monterrey Sur,Vendedor Ortiz,Turismo,Casco + Guantes,Vendida,4.0,2024,8
1142,Sofia,Sanchez,19.0,Femenino,Cancun,Bajaj,Pulsar RS200,Scooter,125,Amarillo,2018,19826.2,4552.36,10,4097.13,Credito 24 meses,Queretaro,Vendedora Torres,Coleccion,Maletas,Vendida,4.0,2023,1
1143,Jose,Vargas,19.0,Masculino,Guadalajara,Yamaha,XTZ 250,Scooter,125,Gris,2019,22086.5,4449.69,5,4227.21,Credito 36 meses,Cancun,Vendedor Lopez,Mixto,Solo Casco,Vendida,5.0,2024,12
1144,Miguel,Gomez,57.0,Masculino,Tijuana,Honda,XR150L,Naked,250,Blanco,2022,0.0,10184.49,8,9369.73,Leasing,Monterrey Sur,Vendedora Silva,Transporte diario,Ninguno,Devuelta,5.0,2024,2
1145,Maria,Cruz,61.0,Femenino,Monterrey,Honda,XR150L,Scooter,400,Azul,2024,22685.3,13217.54,0,13217.54,Credito 36 meses,Guadalajara,Vendedora Torres,Coleccion,Maletas,Vendida,2.0,2025,6
1146,Daniela,Diaz,35.0,Femenino,Tijuana,KTM,Duke 200,Naked,300,Gris,2022,904.4,10107.83,10,9097.05,Leasing,CDMX Reforma,Vendedora Silva,Coleccion,Ninguno,Vendida,5.0,2024,3
1147,Maria,Diaz,57.0,Femenino,Guadalajara,BMW,C400X,Deportiva,400,Gris,2020,9633.5,9006.57,0,9006.57,Credito 12 meses,CDMX Sur,Vendedora Silva,Mixto,Ninguno,Vendida,5.0,2023,11
1148,Alejandro,Chavez,60.0,Masculino,Hermosillo,KTM,RC 390,Deportiva,1000,Naranja,2018,12324.8,22085.25,8,20318.43,Credito 12 meses,CDMX Reforma,Vendedor Castillo,Mixto,Protecciones,Vendida,4.0,2024,3
1149,Eduardo,Torres,22.0,Masculino,Cancun,Bajaj,Dominar 400,Naked,250,Verde,2021,18004.1,5856.84,0,5856.84,Contado,Puebla,Vendedora Silva,Deportivo,Solo Casco,Vendida,4.0,2024,6
1150,Lucia,Gomez,34.0,Femenino,Monterrey,Honda,Africa Twin,Touring,250,Gris,2023,13225.0,5023.45,8,4621.58,Credito 24 meses,Leon,Vendedor Ortiz,Mensajeria,Maletas,Vendida,5.0,2025,6
1151,Paula,Silva,25.0,Femenino,Leon,KTM,Adventure 390,Naked,400,Verde,2022,23568.5,13537.73,8,12454.71,Credito 12 meses,Queretaro,Vendedora Vargas,Coleccion,Ninguno,En garantia,5.0,2023,7
1152,Camila,Flores,31.0,Femenino,Queretaro,Bajaj,Avenger 220,Touring,150,Rojo,2020,0.0,4445.18,0,4445.18,Leasing,Monterrey Norte,Vendedora Vargas,Mixto,Maletas,Vendida,3.0,2022,2
1153,Claudia,Ortiz,58.0,Femenino,Tijuana,Yamaha,R3,Scooter,200,Gris,2020,23498.8,7706.26,5,7320.94,Credito 36 meses,Guadalajara,Vendedora Torres,Mixto,Solo Casco,Devuelta,2.0,2025,3
1154,Sergio,Gomez,18.0,Masculino,Guadalajara,BMW,F750GS,Trail,250,Gris,2019,0.0,6983.61,8,6424.92,Contado,CDMX Sur,Vendedora Silva,Deportivo,Casco + Maletas,Vendida,4.0,2023,10
1155,Javier,Vargas,38.0,Masculino,Cancun,Yamaha,R3,Naked,390,Negro,2018,10316.2,16350.96,0,16350.96,Contado,Monterrey Norte,Vendedora Torres,Trabajo de campo,Maletas,Vendida,5.0,2024,2
1156,Patricia,Silva,29.0,Femenino,Merida,Suzuki,Gixxer 250,Touring,150,Verde,2025,,4191.86,5,3982.27,Credito 12 meses,CDMX Reforma,Vendedora Vargas,Mixto,Protecciones,Devuelta,4.0,2023,3
1157,Patricia,Morales,28.0,Femenino,Puebla,Bajaj,Avenger 220,Custom,300,Blanco,2025,0.0,7563.18,8,6958.13,Contado,Tijuana,Vendedor Ortiz,Mixto,Kit completo,Vendida,4.0,2024,8
1158,Francisco,Perez,,Masculino,Cancun,Royal Enfield,Thunderbird 350,Deportiva,500,Negro,2024,10168.4,10782.77,2,10567.11,Credito 24 meses,Monterrey Norte,Vendedor Lopez,Mixto,Protecciones,Vendida,5.0,2025,8
1159,Isabel,Rodriguez,53.0,Femenino,Monterrey,Royal Enfield,Meteor 350,Deportiva,125,Blanco,2023,16457.1,5380.55,0,5380.55,Credito 36 meses,Guadalajara,Vendedor Mendoza,Transporte diario,Kit completo,Vendida,4.0,2024,6
1160,Alejandro,Ortiz,38.0,Masculino,Guadalajara,Royal Enfield,Classic 350,Trail,150,Azul,2022,0.0,4422.96,5,4201.81,Credito 36 meses,Tijuana,Vendedora Torres,Trabajo de campo,Solo Casco,Devuelta,3.0,2022,4
1161,Antonio,Silva,41.0,Masculino,Monterrey,Yamaha,MT-03,Enduro,400,Blanco,2020,9769.1,13922.29,0,13922.29,Leasing,Leon,Vendedora Silva,Turismo,Solo Casco,Vendida,3.0,2024,6
1162,Rosa,Chavez,61.0,Femenino,Puebla,KTM,Duke 390,Enduro,250,Blanco,2025,0.0,5501.42,0,0.0,Contado,CDMX Sur,Vendedora Vargas,Mixto,Ninguno,Vendida,5.0,2022,6
1163,Fernando,Martinez,34.0,Masculino,Monterrey,Kawasaki,Z400,Enduro,250,Amarillo,2023,11738.6,7356.78,0,7356.78,Contado,Tijuana,Vendedor Mendoza,Trabajo de campo,Maletas,Vendida,2.0,2023,8
1164,Carmen,Gomez,25.0,Femenino,Guadalajara,Suzuki,GSX-R150,Touring,400,Plateado,2025,0.0,7616.6,0,7616.6,Credito 12 meses,Tijuana,Vendedor Mendoza,Mensajeria,Casco + Guantes,Vendida,,2023,7
1165,Fernanda,Lopez,41.0,Femenino,Ciudad de Mexico,BMW,C400X,Naked,300,Azul,2021,18843.8,11712.74,2,11478.49,Credito 12 meses,Guadalajara,Vendedor Mendoza,Mensajeria,Maletas,Vendida,5.0,2025,4
1166,Miguel,Vargas,49.0,Masculino,Ciudad de Mexico,BMW,S1000R,Naked,200,Verde,2020,16625.1,5468.97,8,5031.46,Credito 36 meses,Monterrey Norte,Vendedor Ortiz,Deportivo,Casco + Maletas,En garantia,2.0,2023,9
1167,Lucia,Ruiz,59.0,Femenino,Guadalajara,KTM,Duke 200,Enduro,400,Rojo,2025,6116.1,9816.23,8,9030.93,Credito 24 meses,Queretaro,Vendedora Reyes,Turismo,Casco + Guantes,Vendida,4.0,2022,2
1168,Juan,Garcia,57.0,Masculino,Guadalajara,Royal Enfield,Himalayan,Naked,250,Naranja,2019,8099.0,10283.21,0,10283.21,Credito 12 meses,Queretaro,Vendedor Lopez,Coleccion,Casco + Maletas,En garantia,2.0,2022,8
1169,Camila,Jimenez,50.0,Femenino,Queretaro,Kawasaki,KLX150,Trail,1250,Amarillo,2024,0.0,38481.52,0,38481.52,Contado,Puebla,Vendedora Vargas,Turismo,Maletas,En garantia,3.0,2024,2
1170,Pedro,Ortiz,37.0,Masculino,Leon,Yamaha,R3,Touring,150,Naranja,2022,0.0,4433.88,8,4079.17,Credito 24 meses,Monterrey Norte,Vendedora Torres,Coleccion,Protecciones,Vendida,4.0,2024,8
1171,Silvia,Romero,25.0,Femenino,Monterrey,Kawasaki,KLX150,Trail,390,Blanco,2023,1505.0,11767.55,2,11532.2,Contado,CDMX Sur,Vendedor Mendoza,Trabajo de campo,Solo Casco,Vendida,4.0,2022,4
1172,Luis,Ortiz,28.0,Masculino,Puebla,Royal Enfield,Meteor 350,Trail,200,Naranja,2020,23520.0,7536.41,0,7536.41,Leasing,Queretaro,Vendedora Reyes,Coleccion,Maletas,En garantia,4.0,2024,8
1173,Camila,Sanchez,42.0,Femenino,Guadalajara,Honda,CB500F,Trail,650,Blanco,2020,22329.9,20028.64,0,20028.64,Credito 12 meses,Leon,Vendedor Ortiz,Mensajeria,Casco + Maletas,Vendida,4.0,2024,3
1174,Sergio,Silva,40.0,Masculino,Puebla,KTM,690 Duke,Custom,650,Gris,2024,21016.5,21085.13,2,20663.43,Credito 12 meses,Monterrey Sur,Vendedora Torres,Mensajeria,Casco + Maletas,Vendida,3.0,2022,2
1175,Gabriela,Hernandez,25.0,Femenino,Ciudad de Mexico,BMW,F750GS,Deportiva,125,Blanco,2023,0.0,5469.12,8,5031.59,Contado,Cancun,Vendedora Torres,Turismo,Casco + Maletas,Vendida,4.0,2023,6
1176,Fernando,Garcia,30.0,Masculino,Monterrey,Royal Enfield,Thunderbird 350,Deportiva,300,Blanco,2025,7102.3,13444.82,5,12772.58,Credito 36 meses,Tijuana,Vendedora Reyes,Trabajo de campo,Kit completo,Vendida,3.0,2024,10
1177,Monica,Martinez,29.0,Femenino,Tijuana,Bajaj,Avenger 220,Trail,400,Azul,2025,22120.3,10415.63,2,10207.32,Credito 36 meses,Puebla,Vendedor Ortiz,Mensajeria,Casco + Guantes,En garantia,5.0,2024,5
1178,Gabriela,Jimenez,39.0,Femenino,Tijuana,Honda,CB190R,Touring,400,Naranja,2021,940.9,9838.05,0,9838.05,Leasing,Guadalajara,Vendedora Reyes,Trabajo de campo,Casco + Guantes,Vendida,,2023,10
1179,Alberto,Castillo,,Masculino,Leon,KTM,Duke 390,Enduro,750,Amarillo,2023,0.0,27592.9,0,27592.9,Contado,Guadalajara,Vendedora Vargas,Turismo,Casco + Guantes,Vendida,1.0,2024,9
1180,Diego,Martinez,49.0,Masculino,Leon,Suzuki,Intruder 150,Enduro,400,Gris,2022,0.0,14483.75,2,14194.07,Leasing,Cancun,Vendedora Vargas,Coleccion,Ninguno,Vendida,4.0,2023,4
1181,Valentina,Torres,30.0,Femenino,Puebla,Bajaj,Avenger 220,Touring,250,Gris,2022,23552.4,6515.13,0,6515.13,Contado,CDMX Sur,Vendedora Torres,Trabajo de campo,Maletas,Vendida,4.0,2025,8
1182,Eduardo,Diaz,24.0,Masculino,Queretaro,Kawasaki,Versys 300,Deportiva,300,Plateado,2021,,10084.39,0,10084.39,Leasing,Guadalajara,Vendedor Mendoza,Deportivo,Casco + Guantes,Devuelta,5.0,2023,4
1183,Claudia,Gutierrez,38.0,Femenino,Merida,Bajaj,Pulsar RS200,Enduro,750,Gris,2021,16725.2,28139.74,8,25888.56,Contado,CDMX Reforma,Vendedor Mendoza,Transporte diario,Casco + Guantes,Vendida,3.0,2024,5
1184,Isabel,Ruiz,40.0,Femenino,Merida,Honda,Africa Twin,Touring,200,Azul,2018,7534.0,4221.78,2,4137.34,Credito 24 meses,Queretaro,Vendedora Vargas,Turismo,Ninguno,Vendida,4.0,2022,11
1185,Jose,Martinez,56.0,Masculino,Ciudad de Mexico,Honda,CBR300R,Custom,125,Azul,2024,9537.5,2394.82,0,2394.82,Leasing,Monterrey Norte,Vendedor Lopez,Deportivo,Protecciones,Vendida,3.0,2023,4
1186,Carmen,Reyes,57.0,Femenino,Hermosillo,Suzuki,Gixxer 250,Scooter,250,Azul,2023,21608.0,9453.41,2,9264.34,Credito 24 meses,Cancun,Vendedora Vargas,Mensajeria,Protecciones,Vendida,1.0,2022,12
1187,Maria,Perez,43.0,Femenino,Queretaro,Bajaj,Pulsar NS200,Custom,750,Verde,2022,13813.8,25842.05,0,25842.05,Credito 36 meses,Queretaro,Vendedora Silva,Transporte diario,Casco + Guantes,Devuelta,5.0,2022,12
1188,Rafael,Vargas,22.0,Masculino,Ciudad de Mexico,KTM,Duke 200,Deportiva,250,Azul,2021,3939.3,6502.21,0,6502.21,Credito 12 meses,CDMX Sur,Vendedora Reyes,Turismo,Solo Casco,En garantia,4.0,2025,5
1189,Fernanda,Jimenez,51.0,Femenino,Tijuana,Kawasaki,Ninja 300,Trail,125,Plateado,2025,10392.1,3266.75,8,3005.41,Contado,Monterrey Norte,Vendedora Vargas,Mensajeria,Protecciones,En garantia,5.0,2025,10
1190,Alberto,Cruz,31.0,Masculino,Queretaro,BMW,R1250GS,Deportiva,750,Amarillo,2019,24307.0,32925.08,0,32925.08,Credito 24 meses,CDMX Reforma,Vendedor Lopez,Turismo,Solo Casco,Vendida,4.0,2024,7
1191,Ana,Alvarez,58.0,Femenino,Merida,Suzuki,GSX-R150,Enduro,650,Gris,2023,4084.2,25633.63,10,23070.27,Credito 36 meses,Queretaro,Vendedora Vargas,Deportivo,Ninguno,Devuelta,5.0,2023,9
1192,Patricia,Garcia,32.0,Femenino,Ciudad de Mexico,Kawasaki,Z400,Touring,200,Naranja,2021,0.0,6409.7,0,6409.7,Leasing,Monterrey Sur,Vendedora Silva,Deportivo,Casco + Guantes,Vendida,2.0,2023,3
1193,Juan,Mendoza,27.0,Masculino,Tijuana,Kawasaki,Z400,Trail,300,Amarillo,2019,3071.4,8707.16,2,8533.02,Credito 24 meses,Monterrey Norte,Vendedora Reyes,Mixto,Ninguno,Vendida,5.0,2024,8
1194,Andres,Rivera,53.0,Masculino,Puebla,KTM,RC 390,Deportiva,250,Negro,2020,0.0,10565.85,0,10565.85,Credito 12 meses,CDMX Reforma,Vendedor Castillo,Mixto,Ninguno,Cancelada,4.0,2025,3
1195,Francisco,Gutierrez,26.0,Masculino,Queretaro,Honda,CBR300R,Scooter,300,Negro,2020,0.0,11205.58,10,10085.03,Leasing,Monterrey Norte,Vendedora Torres,Trabajo de campo,Protecciones,En garantia,3.0,2025,9
1196,Pedro,Silva,51.0,Masculino,Queretaro,Suzuki,V-Strom 650,Custom,125,Plateado,2025,18055.3,5223.65,0,5223.65,Credito 36 meses,Monterrey Sur,Vendedora Reyes,Mensajeria,Protecciones,Devuelta,4.0,2024,2
1197,Gabriela,Rivera,32.0,Femenino,Merida,BMW,R1250GS,Naked,150,Plateado,2020,1251.2,5220.31,10,4698.28,Credito 36 meses,Guadalajara,Vendedora Reyes,Mensajeria,Solo Casco,Vendida,5.0,2023,2
1198,Claudia,Torres,59.0,Femenino,Queretaro,Yamaha,MT-03,Enduro,200,Blanco,2023,18956.2,5309.95,0,5309.95,Credito 12 meses,Leon,Vendedora Silva,Mensajeria,Solo Casco,Vendida,5.0,2022,11
1199,Silvia,Cruz,44.0,Femenino,Merida,Yamaha,MT-03,Deportiva,150,Azul,2018,0.0,3226.46,0,3226.46,Credito 24 meses,Tijuana,Vendedor Ortiz,Mixto,Protecciones,En garantia,4.0,2024,10
1200,Luis,Ortiz,55.0,Masculino,Hermosillo,Royal Enfield,Meteor 350,Enduro,500,Gris,2021,8813.0,12933.2,0,12933.2,Credito 24 meses,Guadalajara,Vendedora Vargas,Mensajeria,Casco + Maletas,Devuelta,2.0,2023,4
1201,Andres,Gutierrez,24.0,Masculino,Cancun,Yamaha,MT-03,Naked,200,Blanco,2024,6244.3,4367.37,2,4280.02,Contado,Puebla,Vendedor Castillo,Deportivo,Solo Casco,Vendida,5.0,2022,8
1202,Ricardo,Ruiz,60.0,Masculino,Puebla,Suzuki,Intruder 150,Naked,1000,Rojo,2022,16151.2,26653.57,10,23988.22,Leasing,CDMX Reforma,Vendedora Silva,Turismo,Kit completo,Vendida,5.0,2024,9
1203,Andrea,Cruz,64.0,Femenino,Monterrey,Honda,XR150L,Trail,650,Blanco,2023,0.0,26452.84,2,25923.79,Contado,Puebla,Vendedor Ortiz,Mixto,Maletas,Vendida,4.0,2025,12
1204,Laura,Perez,47.0,Femenino,Ciudad de Mexico,KTM,Duke 390,Enduro,1000,Verde,2020,15866.5,30101.27,0,30101.27,Credito 36 meses,CDMX Reforma,Vendedor Castillo,Deportivo,Ninguno,Cancelada,,2022,9
1205,Paula,Martinez,29.0,Femenino,Tijuana,KTM,Duke 390,Touring,200,Plateado,2020,0.0,8525.06,5,8098.81,Contado,Guadalajara,Vendedor Mendoza,Transporte diario,Protecciones,Vendida,4.0,2025,10
1206,Silvia,Moreno,40.0,Femenino,Tijuana,Suzuki,GSX-R150,Naked,750,Rojo,2023,23876.3,19288.21,0,19288.21,Credito 12 meses,Cancun,Vendedora Vargas,Turismo,Casco + Maletas,Vendida,2.0,2025,5
1207,Elena,Chavez,38.0,Femenino,Queretaro,Bajaj,Pulsar RS200,Custom,500,Blanco,2020,4309.0,18023.06,10,16220.76,Contado,Queretaro,Vendedor Ortiz,Transporte diario,Kit completo,Vendida,4.0,2025,2
1208,Rosa,Hernandez,31.0,Femenino,Puebla,Honda,Africa Twin,Custom,1000,Plateado,2021,0.0,32883.07,0,32883.07,Contado,Monterrey Norte,Vendedor Castillo,Coleccion,Maletas,Vendida,3.0,2025,12
1209,Pedro,Martinez,24.0,Masculino,Leon,Yamaha,XTZ 250,Custom,150,Gris,2019,4322.4,3415.96,0,3415.96,Leasing,Monterrey Sur,Vendedora Vargas,Coleccion,Solo Casco,Vendida,2.0,2023,2
1210,Monica,Flores,22.0,Femenino,Queretaro,Bajaj,Avenger 220,Enduro,400,Plateado,2019,2743.4,10417.91,0,10417.91,Contado,Queretaro,Vendedor Castillo,Turismo,Casco + Maletas,Vendida,4.0,2023,7
1211,Juan,Sanchez,22.0,Masculino,Leon,Honda,PCX150,Enduro,200,Verde,2025,13110.4,6678.09,5,6344.19,Credito 36 meses,Queretaro,Vendedor Castillo,Mixto,Ninguno,Vendida,3.0,2023,3
1212,Carmen,Diaz,38.0,Femenino,Ciudad de Mexico,Bajaj,Pulsar RS200,Naked,250,Negro,2019,17871.5,6499.31,0,6499.31,Credito 12 meses,Guadalajara,Vendedor Lopez,Turismo,Protecciones,Vendida,5.0,2023,5
1213,Carlos,Morales,,Masculino,Merida,BMW,F750GS,Enduro,750,Negro,2019,0.0,18621.95,0,18621.95,Contado,Leon,Vendedora Reyes,Deportivo,Casco + Maletas,Vendida,1.0,2025,9
1214,Silvia,Jimenez,48.0,Femenino,Merida,BMW,C400X,Deportiva,1250,Rojo,2020,4979.1,40281.05,8,37058.57,Credito 12 meses,Queretaro,Vendedor Ortiz,Trabajo de campo,Casco + Guantes,Vendida,5.0,2024,3
1215,Juan,Gomez,53.0,Masculino,Puebla,Honda,CB190R,Trail,390,Negro,2020,4834.8,16878.67,8,15528.38,Contado,Puebla,Vendedor Lopez,Turismo,Casco + Maletas,Vendida,2.0,2024,11
1216,Manuel,Diaz,53.0,Masculino,Hermosillo,Kawasaki,KLX150,Naked,250,Rojo,2023,4046.0,8211.37,0,8211.37,Contado,Leon,Vendedor Ortiz,Coleccion,Protecciones,Vendida,4.0,2025,1
1217,Patricia,Mendoza,24.0,Femenino,Tijuana,Royal Enfield,Thunderbird 350,Custom,250,Azul,2021,12540.0,10290.11,0,10290.11,Credito 12 meses,Leon,Vendedor Ortiz,Mensajeria,Casco + Guantes,Vendida,4.0,2025,8
1218,Carmen,Hernandez,63.0,Femenino,Monterrey,Bajaj,Pulsar RS200,Deportiva,400,Azul,2024,24128.3,12112.66,0,12112.66,Credito 12 meses,Tijuana,Vendedor Mendoza,Deportivo,Solo Casco,Vendida,4.0,2023,12
1219,Miguel,Moreno,22.0,Masculino,Monterrey,Kawasaki,Versys 300,Scooter,200,Amarillo,2019,8134.2,6089.87,5,5785.37,Credito 36 meses,Queretaro,Vendedora Torres,Mensajeria,Casco + Guantes,Vendida,4.0,2023,3
1220,Daniela,Sanchez,50.0,Femenino,Guadalajara,Suzuki,Gixxer 250,Enduro,1000,Blanco,2019,20330.5,42269.06,5,40155.6,Credito 36 meses,Cancun,Vendedora Reyes,Trabajo de campo,Casco + Guantes,Cancelada,2.0,2024,9
1221,Claudia,Vargas,57.0,Femenino,Cancun,Yamaha,R3,Naked,750,Rojo,2021,7472.7,21984.73,10,19786.26,Credito 12 meses,Queretaro,Vendedor Ortiz,Turismo,Protecciones,Vendida,4.0,2024,7
1222,Monica,Cruz,37.0,Femenino,Puebla,Bajaj,Pulsar RS200,Touring,750,Plateado,2019,0.0,31115.02,5,29559.27,Leasing,Cancun,Vendedor Mendoza,Turismo,Kit completo,Vendida,2.0,2023,7
1223,Eduardo,Ortiz,40.0,Masculino,Hermosillo,BMW,R1250GS,Deportiva,1000,Amarillo,2025,22164.9,35184.47,10,31666.03,Credito 24 meses,Leon,Vendedor Mendoza,Mixto,Maletas,Vendida,3.0,2023,9
1224,Fernanda,Garcia,34.0,Femenino,Merida,BMW,G310R,Trail,500,Amarillo,2025,0.0,16750.27,2,16415.27,Credito 24 meses,Leon,Vendedor Castillo,Coleccion,Kit completo,Vendida,5.0,2024,6
1225,Camila,Cruz,59.0,Femenino,Puebla,BMW,G310R,Touring,650,Amarillo,2022,0.0,15096.65,5,14341.82,Leasing,Puebla,Vendedora Silva,Trabajo de campo,Protecciones,Cancelada,4.0,2022,2
1226,Ricardo,Chavez,53.0,Masculino,Ciudad de Mexico,BMW,C400X,Custom,650,Plateado,2023,0.0,12190.6,0,12190.6,Credito 36 meses,Monterrey Norte,Vendedora Vargas,Deportivo,Casco + Guantes,Vendida,3.0,2025,6
1227,Pedro,Garcia,24.0,Masculino,Merida,Bajaj,Pulsar RS200,Naked,500,Gris,2022,22543.3,9527.64,2,9337.09,Leasing,CDMX Sur,Vendedora Vargas,Coleccion,Casco + Guantes,Vendida,4.0,2023,6
1228,Juan,Ramirez,42.0,Masculino,Guadalajara,Kawasaki,Ninja 300,Enduro,390,Verde,2021,18422.3,12100.38,8,11132.35,Credito 36 meses,CDMX Reforma,Vendedor Lopez,Deportivo,Ninguno,En garantia,4.0,2024,9
1229,Maria,Ortiz,21.0,Femenino,Hermosillo,Honda,CB190R,Touring,250,Azul,2024,10082.4,4809.99,0,4809.99,Contado,Puebla,Vendedor Ortiz,Turismo,Casco + Guantes,Vendida,5.0,2024,9
1230,Silvia,Moreno,36.0,Femenino,Cancun,Kawasaki,W175,Custom,650,Rojo,2024,1294.7,23370.16,0,23370.16,Contado,Tijuana,Vendedora Reyes,Deportivo,Ninguno,Vendida,4.0,2025,3
1231,Juan,Ramirez,40.0,Masculino,Queretaro,Yamaha,XTZ 250,Touring,250,Gris,2019,0.0,7387.16,8,6796.18,Credito 12 meses,Cancun,Vendedor Lopez,Trabajo de campo,Ninguno,Vendida,4.0,2024,12
1232,Gabriela,Moreno,41.0,Femenino,Ciudad de Mexico,Bajaj,Avenger 220,Deportiva,390,Verde,2024,0.0,8755.71,0,8755.71,Credito 24 meses,Cancun,Vendedor Ortiz,Mixto,Ninguno,Vendida,4.0,2025,12
1233,Alejandro,Perez,37.0,Masculino,Queretaro,Bajaj,Pulsar RS200,Scooter,200,Rojo,2019,8294.6,8670.28,0,8670.28,Credito 24 meses,Leon,Vendedor Castillo,Trabajo de campo,Ninguno,Vendida,3.0,2024,11
1234,Monica,Alvarez,49.0,Femenino,Puebla,BMW,S1000R,Enduro,390,Azul,2024,2409.7,13309.44,5,12643.97,Credito 24 meses,Monterrey Norte,Vendedora Reyes,Mixto,Casco + Guantes,Vendida,4.0,2024,11
1235,Roberto,Sanchez,45.0,Masculino,Tijuana,KTM,RC 390,Naked,250,Blanco,2018,0.0,5185.98,8,4771.11,Contado,Monterrey Sur,Vendedora Reyes,Deportivo,Casco + Maletas,En garantia,3.0,2024,12
1236,Sergio,Castillo,25.0,Masculino,Leon,Royal Enfield,Classic 350,Enduro,400,Verde,2021,13892.1,15541.93,5,14764.83,Credito 12 meses,Guadalajara,Vendedor Castillo,Deportivo,Protecciones,Vendida,5.0,2023,2
1237,Isabel,Cruz,55.0,Femenino,Guadalajara,KTM,Duke 200,Deportiva,400,Verde,2023,15373.7,8449.09,5,8026.63,Contado,Tijuana,Vendedor Lopez,Turismo,Kit completo,Vendida,4.0,2024,8
1238,Manuel,Lopez,52.0,Masculino,Queretaro,Royal Enfield,Thunderbird 350,Scooter,300,Plateado,2023,8915.6,7580.88,0,7580.88,Credito 24 meses,Monterrey Sur,Vendedora Reyes,Transporte diario,Kit completo,Vendida,4.0,2024,7
1239,Silvia,Sanchez,37.0,Femenino,Cancun,Royal Enfield,Classic 350,Enduro,300,Plateado,2021,0.0,7744.02,5,7356.82,Contado,CDMX Reforma,Vendedora Silva,Transporte diario,Maletas,Vendida,5.0,2023,6
1240,Javier,Morales,48.0,Masculino,Merida,Yamaha,FZ25,Enduro,1250,Blanco,2020,935.9,29285.07,10,26356.57,Leasing,Monterrey Sur,Vendedora Vargas,Mixto,Solo Casco,Vendida,5.0,2022,4
1241,Monica,Vargas,32.0,Femenino,Guadalajara,Royal Enfield,Classic 350,Touring,125,Blanco,2024,0.0,3212.69,5,3052.05,Contado,Leon,Vendedor Castillo,Trabajo de campo,Kit completo,Vendida,4.0,2023,12
1242,Alejandro,Perez,59.0,Masculino,Queretaro,Kawasaki,W175,Touring,650,Naranja,2019,17139.0,12577.54,5,11948.67,Credito 36 meses,Monterrey Sur,Vendedora Reyes,Trabajo de campo,Protecciones,Vendida,,2023,12
1243,Patricia,Chavez,56.0,Femenino,Hermosillo,Bajaj,Pulsar NS200,Touring,300,Naranja,2024,0.0,7218.32,10,6496.49,Credito 36 meses,CDMX Sur,Vendedora Vargas,Transporte diario,Maletas,Vendida,4.0,2024,10
1244,Carlos,Garcia,34.0,Masculino,Merida,Yamaha,FZ25,Naked,650,Verde,2025,0.0,22152.38,0,22152.38,Credito 12 meses,Monterrey Sur,Vendedora Torres,Coleccion,Maletas,Vendida,5.0,2024,12
1245,Claudia,Reyes,56.0,Femenino,Queretaro,BMW,S1000R,Enduro,200,Amarillo,2022,12865.0,7112.98,2,6970.72,Leasing,Puebla,Vendedora Reyes,Deportivo,Maletas,Vendida,2.0,2024,10
1246,Paula,Lopez,51.0,Femenino,Guadalajara,KTM,690 Duke,Scooter,390,Amarillo,2019,1283.6,14962.08,0,14962.08,Leasing,Cancun,Vendedora Torres,Mixto,Solo Casco,En garantia,1.0,2025,2
1247,Claudia,Reyes,49.0,Femenino,Queretaro,Kawasaki,KLX150,Touring,500,Verde,2018,18765.3,21132.63,2,20709.98,Contado,CDMX Sur,Vendedora Silva,Trabajo de campo,Ninguno,Vendida,3.0,2025,3
1248,Diego,Reyes,29.0,Masculino,Leon,Bajaj,Pulsar NS200,Trail,150,Naranja,2018,0.0,3438.01,0,3438.01,Leasing,Monterrey Sur,Vendedora Torres,Coleccion,Solo Casco,Vendida,3.0,2023,2
1249,Monica,Silva,21.0,Femenino,Hermosillo,Yamaha,R3,Custom,390,Blanco,2018,15429.9,13089.89,10,11780.9,Contado,Leon,Vendedora Reyes,Coleccion,Casco + Guantes,Vendida,5.0,2023,3
1250,Gabriela,Romero,22.0,Femenino,Leon,Suzuki,GN125,Deportiva,400,Verde,2021,0.0,17185.81,5,16326.52,Leasing,Tijuana,Vendedor Lopez,Mixto,Protecciones,Vendida,1.0,2024,5
1251,Maria,Sanchez,41.0,Femenino,Hermosillo,KTM,Duke 390,Deportiva,200,Rojo,2019,0.0,7236.01,0,7236.01,Credito 12 meses,Tijuana,Vendedor Mendoza,Mixto,Maletas,En garantia,5.0,2024,4
1252,Valentina,Rodriguez,54.0,Femenino,Merida,Suzuki,V-Strom 650,Touring,390,Plateado,2024,0.0,8296.89,8,7633.14,Contado,Tijuana,Vendedora Torres,Transporte diario,Kit completo,Vendida,4.0,2023,12
1253,Ana,Flores,42.0,Femenino,Merida,Suzuki,V-Strom 650,Scooter,250,Azul,2024,0.0,9323.78,0,0.0,Credito 36 meses,Queretaro,Vendedor Mendoza,Trabajo de campo,Casco + Guantes,Devuelta,5.0,2025,11
1254,Fernando,Gutierrez,23.0,Masculino,Leon,Bajaj,Pulsar RS200,Trail,250,Naranja,2018,15665.8,6884.3,10,6195.87,Contado,Puebla,Vendedor Castillo,Trabajo de campo,Protecciones,Vendida,4.0,2022,9
1255,Luis,Hernandez,19.0,Masculino,Guadalajara,KTM,Adventure 390,Scooter,400,Gris,2020,19746.3,9785.61,2,9589.9,Credito 12 meses,Queretaro,Vendedor Lopez,Mensajeria,Solo Casco,Vendida,4.0,2023,11
1256,Andres,Diaz,43.0,Masculino,Monterrey,Royal Enfield,Classic 350,Touring,500,Azul,2024,16253.9,9380.34,0,9380.34,Credito 24 meses,Guadalajara,Vendedora Torres,Trabajo de campo,Casco + Maletas,Vendida,3.0,2025,12
1257,Sofia,Flores,29.0,Femenino,Puebla,Yamaha,XTZ 250,Touring,1000,Plateado,2019,17414.2,29129.63,0,29129.63,Credito 24 meses,Queretaro,Vendedor Castillo,Transporte diario,Kit completo,Vendida,5.0,2025,9
1258,Carlos,Lopez,62.0,Masculino,Cancun,Kawasaki,KLX150,Scooter,650,Azul,2021,0.0,11721.45,2,11487.02,Credito 36 meses,Guadalajara,Vendedora Torres,Turismo,Protecciones,Vendida,5.0,2023,8
1259,Sofia,Ortiz,33.0,Femenino,Tijuana,Royal Enfield,Meteor 350,Enduro,650,Rojo,2023,23164.1,24949.86,0,24949.86,Credito 36 meses,Leon,Vendedor Ortiz,Turismo,Protecciones,Vendida,1.0,2023,10
1260,Alberto,Moreno,28.0,Masculino,Queretaro,Suzuki,GSX-R150,Trail,650,Verde,2022,12728.7,21117.0,10,19005.3,Credito 24 meses,Monterrey Sur,Vendedora Silva,Mixto,Casco + Maletas,Vendida,3.0,2024,4
1261,Monica,Diaz,51.0,Femenino,Merida,Royal Enfield,Classic 350,Enduro,500,Negro,2021,0.0,10664.36,0,10664.36,Contado,Queretaro,Vendedor Castillo,Mixto,Protecciones,Vendida,1.0,2024,2
1262,Antonio,Morales,23.0,Masculino,Cancun,BMW,F750GS,Custom,750,Verde,2019,5138.7,23703.51,5,22518.33,Leasing,CDMX Reforma,Vendedora Silva,Deportivo,Ninguno,Vendida,4.0,2023,2
1263,Paula,Hernandez,33.0,Femenino,Leon,Royal Enfield,Meteor 350,Naked,300,Plateado,2018,,6163.77,8,5670.67,Credito 36 meses,Monterrey Norte,Vendedor Mendoza,Coleccion,Solo Casco,Vendida,3.0,2025,11
1264,Isabel,Ruiz,23.0,Femenino,Puebla,KTM,RC 390,Deportiva,200,Rojo,2019,4259.6,8837.4,0,8837.4,Credito 24 meses,Leon,Vendedora Reyes,Deportivo,Casco + Guantes,Vendida,2.0,2025,2
1265,Sofia,Perez,39.0,Femenino,Ciudad de Mexico,Yamaha,FZ25,Touring,125,Verde,2022,0.0,4637.06,2,4544.32,Credito 12 meses,Tijuana,Vendedora Torres,Transporte diario,Maletas,Vendida,4.0,2022,8
1266,Rosa,Ortiz,54.0,Femenino,Merida,BMW,G310R,Scooter,1000,Blanco,2022,11640.4,42937.12,0,42937.12,Credito 36 meses,CDMX Sur,Vendedor Ortiz,Deportivo,Solo Casco,Devuelta,3.0,2025,5
1267,Fernando,Alvarez,56.0,Masculino,Puebla,Yamaha,NMAX 155,Naked,300,Naranja,2022,0.0,11826.95,0,11826.95,Contado,Monterrey Sur,Vendedor Lopez,Transporte diario,Solo Casco,Devuelta,2.0,2025,3
1268,Camila,Gutierrez,48.0,Femenino,Tijuana,Bajaj,Pulsar NS200,Scooter,1250,Blanco,2025,0.0,35375.03,0,35375.03,Contado,Guadalajara,Vendedor Lopez,Transporte diario,Maletas,Vendida,3.0,2024,12
1269,Elena,Gutierrez,35.0,Femenino,Hermosillo,Bajaj,Avenger 220,Deportiva,1250,Rojo,2023,0.0,27074.54,5,25720.81,Credito 24 meses,Leon,Vendedora Reyes,Coleccion,Kit completo,Vendida,2.0,2024,2
1270,Carlos,Cruz,45.0,Masculino,Puebla,Yamaha,NMAX 155,Enduro,250,Amarillo,2018,0.0,5421.79,10,4879.61,Contado,CDMX Reforma,Vendedor Lopez,Mensajeria,Ninguno,Vendida,5.0,2023,5
1271,Pedro,Martinez,45.0,Masculino,Tijuana,Yamaha,FZ25,Scooter,250,Blanco,2018,11815.3,8148.62,2,7985.64,Credito 12 meses,Monterrey Sur,Vendedor Lopez,Mixto,Casco + Maletas,En garantia,5.0,2024,11
1272,Gabriela,Martinez,47.0,Femenino,Cancun,BMW,R1250GS,Trail,150,Rojo,2020,24820.3,6745.11,0,6745.11,Credito 36 meses,CDMX Sur,Vendedor Castillo,Deportivo,Ninguno,Vendida,1.0,2023,10
1273,Jose,Gomez,64.0,Masculino,Monterrey,Kawasaki,Versys 300,Naked,300,Verde,2020,2321.1,12340.31,0,12340.31,Credito 12 meses,CDMX Reforma,Vendedor Castillo,Mixto,Casco + Guantes,Vendida,4.0,2025,2
1274,Juan,Garcia,32.0,Masculino,Puebla,BMW,S1000R,Custom,1250,Blanco,2025,9395.7,50286.13,10,45257.52,Credito 36 meses,Puebla,Vendedora Vargas,Transporte diario,Solo Casco,Vendida,4.0,2024,6
1275,Andres,Vargas,56.0,Masculino,Ciudad de Mexico,Bajaj,Pulsar NS200,Touring,1000,Verde,2022,602.7,30571.7,10,27514.53,Credito 24 meses,Cancun,Vendedora Vargas,Transporte diario,Ninguno,Cancelada,3.0,2023,4
1276,Jose,Diaz,28.0,Masculino,Merida,Yamaha,FZ25,Scooter,750,Gris,2019,0.0,27015.15,0,27015.15,Leasing,Tijuana,Vendedor Ortiz,Turismo,Ninguno,Vendida,5.0,2024,5
1277,Claudia,Cruz,56.0,Femenino,Queretaro,Bajaj,Pulsar RS200,Deportiva,250,Plateado,2018,6730.9,7629.36,0,7629.36,Credito 12 meses,Leon,Vendedora Torres,Coleccion,Casco + Guantes,Cancelada,5.0,2022,11
1278,Andres,Gomez,64.0,Masculino,Hermosillo,BMW,C400X,Custom,750,Plateado,2022,0.0,16145.25,2,15822.34,Credito 12 meses,Queretaro,Vendedor Mendoza,Mixto,Solo Casco,Vendida,4.0,2022,12
1279,Elena,Gonzalez,56.0,Femenino,Guadalajara,BMW,C400X,Naked,300,Plateado,2025,976.8,9529.88,0,9529.88,Credito 36 meses,Puebla,Vendedor Castillo,Trabajo de campo,Solo Casco,Devuelta,5.0,2024,3
1280,Juan,Ruiz,19.0,Masculino,Monterrey,Suzuki,Gixxer 250,Touring,200,Verde,2025,18563.6,4676.23,8,4302.13,Contado,CDMX Reforma,Vendedora Silva,Transporte diario,Casco + Guantes,Devuelta,5.0,2024,5
1281,Juan,Hernandez,26.0,Masculino,Hermosillo,Bajaj,Pulsar RS200,Deportiva,300,Rojo,2025,0.0,11424.59,2,11196.1,Leasing,Tijuana,Vendedora Torres,Transporte diario,Kit completo,Vendida,4.0,2025,10
1282,Ricardo,Ramos,29.0,Masculino,Ciudad de Mexico,Honda,CB190R,Trail,750,Azul,2019,18824.2,32837.64,10,29553.87,Credito 12 meses,Leon,Vendedora Silva,Trabajo de campo,Protecciones,Vendida,5.0,2023,1
1283,Rosa,Martinez,,Femenino,Merida,Honda,PCX150,Scooter,125,Amarillo,2023,24724.8,4078.5,8,3752.22,Credito 24 meses,Queretaro,Vendedora Silva,Transporte diario,Casco + Guantes,Vendida,4.0,2024,10
1284,Eduardo,Hernandez,55.0,Masculino,Merida,BMW,F750GS,Deportiva,250,Verde,2021,2062.0,7433.29,0,7433.29,Contado,Cancun,Vendedora Vargas,Mensajeria,Kit completo,Vendida,2.0,2023,11
1285,Claudia,Vargas,33.0,Femenino,Monterrey,Suzuki,GN125,Deportiva,300,Verde,2021,20123.0,6615.66,0,6615.66,Credito 12 meses,Puebla,Vendedora Silva,Turismo,Ninguno,Vendida,4.0,2025,8
1286,Maria,Mendoza,33.0,Femenino,Queretaro,Royal Enfield,Himalayan,Trail,400,Naranja,2022,0.0,17389.26,5,16519.79,Credito 36 meses,Leon,Vendedor Mendoza,Mensajeria,Casco + Guantes,Vendida,2.0,2024,6
1287,Carlos,Martinez,43.0,Masculino,Merida,Suzuki,V-Strom 650,Naked,1000,Blanco,2020,13476.9,37467.48,10,33720.73,Credito 12 meses,Tijuana,Vendedora Reyes,Coleccion,Casco + Maletas,Vendida,4.0,2025,11
1288,Maria,Mendoza,25.0,Femenino,Ciudad de Mexico,Suzuki,Intruder 150,Scooter,200,Azul,2019,17220.7,3781.88,0,3781.88,Credito 24 meses,CDMX Reforma,Vendedor Ortiz,Turismo,Solo Casco,Vendida,4.0,2023,5
1289,Fernando,Lopez,25.0,Masculino,Merida,Royal Enfield,Meteor 350,Custom,125,Verde,2019,14000.3,3244.47,0,3244.47,Contado,Tijuana,Vendedora Torres,Mensajeria,Ninguno,En garantia,5.0,2025,4
1290,Pedro,Rodriguez,25.0,Masculino,Monterrey,KTM,RC 390,Scooter,750,Blanco,2024,0.0,13862.45,8,12753.46,Credito 12 meses,Monterrey Norte,Vendedor Castillo,Trabajo de campo,Ninguno,En garantia,4.0,2023,9
1291,Carlos,Martinez,32.0,Masculino,Ciudad de Mexico,Yamaha,MT-03,Naked,650,Blanco,2025,0.0,15952.42,0,15952.42,Leasing,Queretaro,Vendedora Torres,Turismo,Casco + Guantes,Vendida,5.0,2024,4
1292,Juan,Alvarez,37.0,Masculino,Queretaro,BMW,C400X,Touring,1250,Naranja,2024,8127.6,35131.32,2,34428.69,Contado,CDMX Sur,Vendedor Mendoza,Deportivo,Ninguno,Vendida,4.0,2025,9
1293,Elena,Rivera,,Femenino,Cancun,BMW,R1250GS,Custom,125,Azul,2023,0.0,2611.36,0,2611.36,Credito 24 meses,Leon,Vendedor Mendoza,Turismo,Solo Casco,Vendida,4.0,2022,5
1294,Monica,Flores,50.0,Femenino,Guadalajara,Bajaj,Pulsar NS200,Custom,500,Blanco,2020,0.0,22488.84,5,21364.4,Credito 36 meses,Guadalajara,Vendedor Ortiz,Trabajo de campo,Casco + Guantes,Vendida,3.0,2025,10
1295,Fernanda,Martinez,46.0,Femenino,Hermosillo,Bajaj,Dominar 400,Scooter,1250,Naranja,2020,0.0,48932.04,0,48932.04,Leasing,Leon,Vendedor Castillo,Mixto,Maletas,Vendida,4.0,2024,7
1296,Paula,Silva,46.0,Femenino,Guadalajara,Royal Enfield,Meteor 350,Trail,1000,Plateado,2021,912.5,22310.38,0,22310.38,Credito 24 meses,Tijuana,Vendedora Reyes,Turismo,Solo Casco,Vendida,3.0,2023,11
1297,Francisco,Gutierrez,63.0,Masculino,Ciudad de Mexico,KTM,RC 390,Deportiva,250,Blanco,2024,18847.5,6576.3,0,6576.3,Contado,Puebla,Vendedor Ortiz,Mixto,Kit completo,Vendida,5.0,2024,7
1298,Patricia,Torres,27.0,Femenino,Guadalajara,KTM,RC 390,Trail,750,Negro,2024,6910.3,29409.51,0,29409.51,Contado,Cancun,Vendedora Reyes,Mixto,Solo Casco,Vendida,4.0,2023,6
1299,Diego,Sanchez,23.0,Masculino,Leon,Suzuki,Intruder 150,Custom,250,Gris,2024,0.0,4517.02,8,4155.66,Leasing,Tijuana,Vendedor Mendoza,Mensajeria,Casco + Guantes,Devuelta,2.0,2024,2
1300,Silvia,Hernandez,29.0,Femenino,Monterrey,Bajaj,Pulsar NS200,Naked,400,Negro,2018,2458.5,11575.64,10,10418.07,Credito 12 meses,Puebla,Vendedor Castillo,Deportivo,Protecciones,Vendida,4.0,2025,4
1301,Laura,Reyes,18.0,Femenino,Tijuana,Suzuki,GSX-R150,Deportiva,125,Azul,2018,18599.4,2649.82,2,2596.82,Credito 36 meses,Guadalajara,Vendedora Torres,Mensajeria,Protecciones,Vendida,4.0,2022,9
1302,Ana,Cruz,64.0,Femenino,Merida,Honda,CBR300R,Trail,200,Rojo,2021,0.0,3937.4,8,3622.41,Contado,Monterrey Sur,Vendedor Castillo,Transporte diario,Casco + Guantes,Devuelta,5.0,2023,12
1303,Roberto,Cruz,62.0,Masculino,Merida,Royal Enfield,Meteor 350,Scooter,250,Rojo,2025,14742.4,5221.83,8,4804.08,Contado,Queretaro,Vendedor Mendoza,Mixto,Kit completo,En garantia,3.0,2022,3
1304,Diego,Rivera,41.0,Masculino,Monterrey,BMW,G310R,Custom,750,Negro,2025,8216.4,26622.29,10,23960.06,Contado,CDMX Reforma,Vendedora Reyes,Turismo,Solo Casco,Vendida,5.0,2022,1
1305,Claudia,Lopez,,Femenino,Cancun,Suzuki,Gixxer 250,Enduro,125,Rojo,2025,86.6,3844.85,0,3844.85,Credito 12 meses,Leon,Vendedora Torres,Trabajo de campo,Casco + Guantes,Vendida,5.0,2024,10
1306,Maria,Mendoza,21.0,Femenino,Hermosillo,Yamaha,Fazer 250,Custom,500,Naranja,2020,16921.2,22175.3,0,22175.3,Credito 24 meses,Leon,Vendedora Reyes,Mixto,Casco + Guantes,Vendida,4.0,2025,2
1307,Andres,Romero,51.0,Masculino,Queretaro,KTM,Duke 390,Enduro,125,Rojo,2019,174.4,3760.0,2,3684.8,Leasing,Puebla,Vendedora Vargas,Trabajo de campo,Casco + Maletas,Vendida,4.0,2024,11
1308,Juan,Gomez,56.0,Masculino,Ciudad de Mexico,Suzuki,V-Strom 650,Naked,1000,Negro,2020,0.0,41439.42,0,41439.42,Credito 36 meses,Cancun,Vendedor Lopez,Mixto,Ninguno,En garantia,3.0,2025,5
1309,Monica,Vargas,32.0,Femenino,Leon,KTM,Adventure 390,Deportiva,300,Naranja,2018,11062.1,8627.13,2,8454.58,Leasing,Monterrey Sur,Vendedora Silva,Coleccion,Casco + Maletas,Vendida,4.0,2023,4
1310,Isabel,Gomez,53.0,Femenino,Guadalajara,Yamaha,R3,Deportiva,125,Amarillo,2024,20586.3,4733.32,10,4259.99,Contado,CDMX Reforma,Vendedora Silva,Turismo,Casco + Guantes,Vendida,4.0,2024,3
1311,Patricia,Ruiz,47.0,Femenino,Queretaro,BMW,F750GS,Enduro,1250,Negro,2021,7214.0,47746.94,0,47746.94,Credito 12 meses,Monterrey Norte,Vendedor Lopez,Turismo,Casco + Guantes,Vendida,3.0,2022,10
1312,Rosa,Silva,36.0,Femenino,Guadalajara,Yamaha,FZ25,Scooter,390,Amarillo,2020,0.0,16056.34,0,16056.34,Credito 24 meses,Tijuana,Vendedor Ortiz,Mensajeria,Kit completo,Devuelta,3.0,2022,11
1313,Elena,Flores,62.0,Femenino,Monterrey,Kawasaki,KLX150,Trail,390,Negro,2019,0.0,9470.04,5,8996.54,Credito 24 meses,Leon,Vendedor Ortiz,Turismo,Casco + Maletas,Vendida,2.0,2023,4
1314,Andres,Ruiz,35.0,Masculino,Guadalajara,Bajaj,Pulsar NS200,Naked,390,Plateado,2023,19123.0,11994.99,5,11395.24,Contado,Leon,Vendedora Reyes,Turismo,Casco + Maletas,Vendida,5.0,2024,5
1315,Jose,Gomez,53.0,Masculino,Monterrey,Kawasaki,KLX150,Trail,390,Amarillo,2019,6489.9,15076.26,2,14774.73,Credito 12 meses,CDMX Reforma,Vendedor Ortiz,Transporte diario,Solo Casco,Vendida,4.0,2023,6
1316,Valentina,Rivera,43.0,Femenino,Guadalajara,Bajaj,Dominar 400,Scooter,300,Negro,2025,0.0,8825.1,2,8648.6,Contado,Leon,Vendedora Silva,Transporte diario,Casco + Maletas,Vendida,5.0,2024,9
1317,Carmen,Perez,48.0,Femenino,Guadalajara,KTM,Adventure 390,Scooter,300,Verde,2021,18066.5,11513.06,2,11282.8,Credito 24 meses,CDMX Reforma,Vendedor Lopez,Mixto,Solo Casco,Cancelada,3.0,2024,11
1318,Valentina,Gonzalez,50.0,Femenino,Hermosillo,Yamaha,R3,Naked,650,Verde,2025,9583.1,26559.17,8,24434.43,Credito 24 meses,Queretaro,Vendedor Ortiz,Deportivo,Ninguno,Cancelada,5.0,2023,4
1319,Rafael,Ramos,19.0,Masculino,Tijuana,BMW,G310R,Custom,500,Azul,2020,,14624.36,0,14624.36,Credito 12 meses,Leon,Vendedora Torres,Mixto,Casco + Maletas,Vendida,5.0,2025,4
1320,Alejandro,Mendoza,29.0,Masculino,Merida,Kawasaki,KLX150,Scooter,400,Plateado,2020,3134.5,12339.59,8,11352.42,Credito 36 meses,Cancun,Vendedor Lopez,Trabajo de campo,Protecciones,Vendida,3.0,2022,5
1321,Manuel,Rivera,34.0,Masculino,Monterrey,Bajaj,Pulsar RS200,Custom,200,Plateado,2023,6492.7,3910.69,0,3910.69,Leasing,Guadalajara,Vendedora Reyes,Deportivo,Maletas,Vendida,4.0,2025,5
1322,Laura,Jimenez,62.0,Femenino,Leon,KTM,690 Duke,Scooter,500,Amarillo,2018,17045.3,14792.37,0,14792.37,Contado,Leon,Vendedora Reyes,Trabajo de campo,Protecciones,Vendida,4.0,2024,2
1323,Daniela,Romero,26.0,Femenino,Merida,BMW,F750GS,Touring,400,Blanco,2018,0.0,16385.81,5,15566.52,Credito 12 meses,Leon,Vendedora Silva,Mixto,Ninguno,Vendida,1.0,2023,9
1324,Sergio,Martinez,32.0,Masculino,Cancun,Kawasaki,Z400,Trail,125,Verde,2020,,4633.31,0,4633.31,Credito 36 meses,Queretaro,Vendedora Torres,Trabajo de campo,Casco + Guantes,Vendida,5.0,2024,4
1325,Patricia,Ramirez,35.0,Femenino,Merida,Honda,XR150L,Scooter,200,Plateado,2023,,6930.66,5,6584.12,Credito 12 meses,Monterrey Norte,Vendedora Vargas,Deportivo,Casco + Guantes,Vendida,2.0,2025,11
1326,Silvia,Gonzalez,31.0,Femenino,Tijuana,Honda,CBR300R,Enduro,750,Plateado,2020,0.0,30843.68,0,30843.68,Contado,Monterrey Sur,Vendedor Castillo,Deportivo,Protecciones,Cancelada,5.0,2023,6
1327,Sofia,Moreno,62.0,Femenino,Monterrey,Royal Enfield,Meteor 350,Naked,125,Negro,2019,22088.5,3675.27,0,3675.27,Credito 36 meses,CDMX Reforma,Vendedora Reyes,Mixto,Casco + Guantes,Vendida,5.0,2023,9
1328,Maria,Silva,55.0,Femenino,Queretaro,Honda,XR150L,Scooter,750,Azul,2024,4588.5,17515.26,0,17515.26,Contado,Leon,Vendedor Mendoza,Coleccion,Kit completo,Vendida,4.0,2024,4
1329,Fernanda,Flores,54.0,Femenino,Queretaro,Kawasaki,KLX150,Deportiva,125,Blanco,2018,18905.8,4072.27,5,3868.65,Credito 24 meses,Cancun,Vendedora Vargas,Transporte diario,Protecciones,Vendida,5.0,2024,5
1330,Eduardo,Ruiz,48.0,Masculino,Guadalajara,Kawasaki,Z400,Naked,500,Negro,2025,0.0,18459.64,10,16613.68,Credito 36 meses,CDMX Reforma,Vendedora Vargas,Mensajeria,Casco + Guantes,Vendida,2.0,2024,3
1331,Silvia,Alvarez,47.0,Femenino,Ciudad de Mexico,Bajaj,Pulsar NS200,Scooter,200,Blanco,2024,16147.0,8084.4,8,7437.65,Leasing,CDMX Sur,Vendedora Vargas,Deportivo,Maletas,Vendida,5.0,2023,9
1332,Sofia,Jimenez,43.0,Femenino,Cancun,KTM,Duke 200,Touring,500,Naranja,2024,69.7,18757.61,5,17819.73,Contado,Guadalajara,Vendedor Lopez,Coleccion,Casco + Guantes,Vendida,4.0,2024,3
1333,Alberto,Torres,30.0,Masculino,Puebla,Suzuki,GN125,Enduro,125,Rojo,2019,19415.7,2809.93,10,2528.93,Credito 24 meses,CDMX Sur,Vendedor Lopez,Coleccion,Solo Casco,En garantia,3.0,2022,2
1334,Pedro,Martinez,58.0,Masculino,Monterrey,KTM,Duke 390,Naked,250,Verde,2020,0.0,5892.46,0,5892.46,Credito 24 meses,Puebla,Vendedor Lopez,Transporte diario,Maletas,Vendida,5.0,2025,2
1335,Alejandro,Alvarez,30.0,Masculino,Merida,BMW,S1000R,Trail,1250,Plateado,2021,14522.4,45549.58,0,45549.58,Credito 24 meses,CDMX Reforma,Vendedora Silva,Mixto,Casco + Maletas,En garantia,4.0,2024,8
1336,Antonio,Romero,60.0,Masculino,Merida,Suzuki,V-Strom 650,Deportiva,250,Verde,2024,0.0,7160.27,0,7160.27,Leasing,Tijuana,Vendedora Silva,Transporte diario,Solo Casco,Vendida,5.0,2024,6
1337,Sofia,Silva,20.0,Femenino,Hermosillo,Yamaha,MT-03,Enduro,750,Blanco,2023,9820.5,14665.03,10,13198.52,Contado,Monterrey Sur,Vendedor Mendoza,Deportivo,Ninguno,Cancelada,4.0,2025,5
1338,Lucia,Silva,23.0,Femenino,Monterrey,Yamaha,NMAX 155,Scooter,500,Blanco,2022,0.0,13171.37,0,13171.37,Leasing,CDMX Sur,Vendedora Torres,Coleccion,Solo Casco,Devuelta,4.0,2025,1
1339,Gabriela,Rivera,53.0,Femenino,Puebla,Yamaha,Fazer 250,Custom,200,Naranja,2019,2496.9,4576.38,2,4484.85,Credito 12 meses,Queretaro,Vendedor Castillo,Trabajo de campo,Kit completo,Vendida,4.0,2024,5
1340,Diego,Cruz,53.0,Masculino,Puebla,Bajaj,Dominar 400,Deportiva,400,Rojo,2018,10643.1,8311.16,0,8311.16,Leasing,Cancun,Vendedor Mendoza,Mensajeria,Protecciones,Vendida,1.0,2025,11
1341,Gabriela,Castillo,47.0,Femenino,Puebla,Suzuki,V-Strom 650,Trail,125,Verde,2019,0.0,2894.8,8,2663.22,Credito 24 meses,Monterrey Norte,Vendedora Vargas,Transporte diario,Kit completo,Vendida,5.0,2023,8
1342,Jose,Silva,51.0,Masculino,Hermosillo,Yamaha,Fazer 250,Scooter,1000,Blanco,2018,11040.4,20836.82,0,20836.82,Credito 24 meses,Leon,Vendedor Mendoza,Turismo,Protecciones,Vendida,5.0,2025,9
1343,Isabel,Castillo,36.0,Femenino,Merida,Suzuki,Gixxer 250,Trail,650,Negro,2022,16885.1,21269.25,8,19567.71,Leasing,Guadalajara,Vendedor Lopez,Turismo,Casco + Maletas,Vendida,5.0,2022,7
1344,Paula,Moreno,44.0,Femenino,Ciudad de Mexico,Honda,PCX150,Enduro,500,Plateado,2021,22015.7,17559.64,10,15803.68,Credito 36 meses,Puebla,Vendedora Torres,Turismo,Casco + Maletas,Vendida,4.0,2024,2
1345,Pedro,Mendoza,59.0,Masculino,Merida,KTM,Adventure 390,Touring,1250,Plateado,2024,0.0,40822.93,0,40822.93,Credito 24 meses,Tijuana,Vendedora Silva,Mixto,Protecciones,Devuelta,5.0,2022,5
1346,Alejandro,Morales,36.0,Masculino,Ciudad de Mexico,Bajaj,Avenger 220,Custom,200,Blanco,2018,6653.1,5784.47,0,5784.47,Credito 24 meses,CDMX Sur,Vendedora Silva,Mixto,Casco + Maletas,Vendida,5.0,2023,12
1347,Daniela,Rivera,25.0,Femenino,Monterrey,Yamaha,Fazer 250,Trail,400,Negro,2020,0.0,9022.75,0,9022.75,Leasing,Guadalajara,Vendedora Vargas,Mensajeria,Casco + Maletas,Vendida,4.0,2025,10
1348,Patricia,Martinez,22.0,Femenino,Ciudad de Mexico,BMW,R1250GS,Trail,200,Blanco,2022,16153.0,6583.34,0,6583.34,Credito 12 meses,CDMX Sur,Vendedora Torres,Turismo,Maletas,Vendida,5.0,2024,7
1349,Eduardo,Castillo,50.0,Masculino,Cancun,Honda,CB190R,Deportiva,750,Blanco,2024,0.0,27718.85,2,27164.48,Credito 36 meses,Queretaro,Vendedor Lopez,Turismo,Casco + Maletas,Vendida,3.0,2024,7
1350,Ana,Sanchez,50.0,Femenino,Hermosillo,KTM,Adventure 390,Deportiva,250,Rojo,2022,469.1,5749.5,2,5634.51,Contado,Cancun,Vendedora Silva,Deportivo,Kit completo,Vendida,4.0,2024,1
1351,Rafael,Ortiz,23.0,Masculino,Puebla,Suzuki,GSX-R150,Scooter,200,Rojo,2019,0.0,5208.54,2,5104.37,Contado,Queretaro,Vendedor Lopez,Coleccion,Solo Casco,Devuelta,4.0,2024,11
1352,Paula,Diaz,58.0,Femenino,Ciudad de Mexico,Honda,XR150L,Scooter,400,Gris,2024,1372.3,10234.66,0,10234.66,Credito 12 meses,Tijuana,Vendedora Vargas,Transporte diario,Casco + Guantes,Vendida,3.0,2024,10
1353,Elena,Ruiz,23.0,Femenino,Puebla,Royal Enfield,Classic 350,Custom,250,Negro,2025,16475.9,6331.79,0,6331.79,Credito 12 meses,CDMX Reforma,Vendedor Ortiz,Transporte diario,Casco + Guantes,En garantia,4.0,2024,12
1354,Valentina,Alvarez,52.0,Femenino,Queretaro,Yamaha,NMAX 155,Deportiva,300,Azul,2019,6900.5,6511.46,0,6511.46,Credito 36 meses,Guadalajara,Vendedora Reyes,Trabajo de campo,Protecciones,Vendida,5.0,2024,8
1355,Claudia,Romero,42.0,Femenino,Queretaro,KTM,Adventure 390,Enduro,400,Gris,2018,17313.7,16858.39,10,15172.55,Credito 12 meses,Cancun,Vendedor Lopez,Mixto,Kit completo,Vendida,4.0,2025,11
1356,Laura,Martinez,26.0,Femenino,Cancun,Royal Enfield,Himalayan,Enduro,390,Azul,2025,0.0,8073.91,5,7670.22,Credito 12 meses,CDMX Sur,Vendedor Mendoza,Transporte diario,Solo Casco,Vendida,4.0,2025,3
1357,Monica,Ramirez,51.0,Femenino,Leon,Kawasaki,W175,Scooter,300,Verde,2019,4205.5,7559.53,0,7559.53,Credito 12 meses,Tijuana,Vendedor Ortiz,Coleccion,Kit completo,Vendida,4.0,2022,11
1358,Silvia,Moreno,23.0,Femenino,Ciudad de Mexico,Honda,CBR300R,Scooter,390,Plateado,2023,9462.5,16224.76,10,14602.29,Leasing,Monterrey Norte,Vendedor Castillo,Mensajeria,Ninguno,Vendida,4.0,2024,2
1359,Antonio,Ruiz,56.0,Masculino,Leon,Bajaj,Dominar 400,Custom,150,Verde,2023,0.0,5343.99,0,5343.99,Credito 36 meses,CDMX Sur,Vendedor Mendoza,Transporte diario,Ninguno,Vendida,5.0,2025,9
1360,Elena,Gutierrez,47.0,Femenino,Guadalajara,KTM,690 Duke,Touring,750,Naranja,2018,5509.4,13824.07,10,12441.66,Contado,CDMX Sur,Vendedora Reyes,Mixto,Protecciones,Vendida,5.0,2022,2
1361,Carmen,Cruz,29.0,Femenino,Monterrey,BMW,F750GS,Scooter,500,Naranja,2022,0.0,15820.05,5,15029.05,Contado,Tijuana,Vendedora Reyes,Mixto,Protecciones,Vendida,4.0,2023,8
1362,Fernanda,Mendoza,52.0,Femenino,Guadalajara,BMW,R1250GS,Touring,500,Gris,2021,23115.4,10773.54,2,10558.07,Contado,Tijuana,Vendedora Vargas,Mixto,Maletas,Vendida,5.0,2025,3
1363,Carlos,Reyes,32.0,Masculino,Queretaro,Suzuki,Intruder 150,Touring,500,Rojo,2019,0.0,21480.79,0,21480.79,Credito 36 meses,Tijuana,Vendedor Ortiz,Transporte diario,Kit completo,Vendida,3.0,2022,10
1364,Fernando,Silva,49.0,Masculino,Tijuana,Bajaj,Avenger 220,Enduro,125,Plateado,2021,11105.2,3388.93,0,3388.93,Credito 12 meses,CDMX Reforma,Vendedor Lopez,Trabajo de campo,Ninguno,Vendida,4.0,2022,6
1365,Lucia,Gonzalez,48.0,Femenino,Tijuana,Honda,PCX150,Scooter,500,Amarillo,2020,0.0,18461.38,0,18461.38,Leasing,CDMX Sur,Vendedora Torres,Coleccion,Casco + Guantes,Devuelta,3.0,2023,9
1366,Claudia,Ortiz,18.0,Femenino,Tijuana,Bajaj,Dominar 400,Naked,250,Gris,2018,,7891.07,0,7891.07,Credito 12 meses,Tijuana,Vendedora Reyes,Trabajo de campo,Casco + Guantes,Vendida,4.0,2025,6
1367,Gabriela,Rodriguez,40.0,Femenino,Queretaro,Honda,Africa Twin,Custom,1000,Plateado,2020,17361.7,26172.45,0,26172.45,Credito 36 meses,Monterrey Sur,Vendedor Ortiz,Mensajeria,Protecciones,Vendida,2.0,2025,11
1368,Maria,Silva,23.0,Femenino,Monterrey,Bajaj,Avenger 220,Scooter,250,Azul,2019,4071.5,5761.03,0,5761.03,Leasing,Cancun,Vendedor Mendoza,Mixto,Casco + Maletas,Vendida,1.0,2022,1
1369,Alberto,Moreno,57.0,Masculino,Puebla,Suzuki,Intruder 150,Scooter,150,Negro,2023,19236.6,4975.5,2,4875.99,Credito 36 meses,Monterrey Norte,Vendedor Ortiz,Mixto,Casco + Maletas,Vendida,3.0,2025,2
1370,Rosa,Castillo,63.0,Femenino,Hermosillo,BMW,F750GS,Enduro,400,Azul,2018,0.0,13542.97,0,13542.97,Contado,CDMX Reforma,Vendedora Vargas,Turismo,Protecciones,Devuelta,5.0,2023,11
1371,Miguel,Gomez,22.0,Masculino,Hermosillo,BMW,S1000R,Naked,750,Negro,2025,0.0,25862.54,2,25345.29,Leasing,Puebla,Vendedora Reyes,Deportivo,Casco + Guantes,Vendida,3.0,2024,1
1372,Sofia,Rodriguez,56.0,Femenino,Ciudad de Mexico,Suzuki,V-Strom 650,Trail,250,Negro,2022,6133.9,8289.53,5,7875.05,Credito 36 meses,Tijuana,Vendedora Torres,Trabajo de campo,Ninguno,Vendida,1.0,2025,11
1373,Ricardo,Ruiz,40.0,Masculino,Monterrey,Bajaj,Dominar 400,Deportiva,1000,Naranja,2023,13192.6,23988.44,0,23988.44,Credito 24 meses,Cancun,Vendedor Mendoza,Mixto,Protecciones,Vendida,5.0,2022,2
1374,Alejandro,Chavez,56.0,Masculino,Ciudad de Mexico,Honda,CBR300R,Scooter,500,Gris,2025,0.0,19458.59,0,19458.59,Contado,Leon,Vendedor Lopez,Deportivo,Casco + Guantes,Vendida,4.0,2025,5
1375,Diego,Gonzalez,46.0,Masculino,Queretaro,Yamaha,NMAX 155,Trail,200,Gris,2020,10365.5,5771.4,5,5482.83,Leasing,Puebla,Vendedor Lopez,Mensajeria,Casco + Maletas,Vendida,5.0,2024,9
1376,Sergio,Ramirez,19.0,Masculino,Guadalajara,Suzuki,GN125,Deportiva,650,Naranja,2020,11673.2,23278.98,0,23278.98,Leasing,Monterrey Norte,Vendedor Ortiz,Coleccion,Protecciones,Devuelta,3.0,2023,3
1377,Eduardo,Gutierrez,50.0,Masculino,Monterrey,Bajaj,Pulsar NS200,Enduro,200,Blanco,2024,0.0,7918.97,2,7760.59,Contado,CDMX Reforma,Vendedora Torres,Trabajo de campo,Casco + Guantes,Vendida,5.0,2023,9
1378,Javier,Ramirez,52.0,Masculino,Leon,Kawasaki,Versys 300,Enduro,300,Amarillo,2024,4597.0,7581.52,0,7581.52,Contado,Monterrey Sur,Vendedor Mendoza,Transporte diario,Protecciones,Vendida,2.0,2024,9
1379,Isabel,Silva,64.0,Femenino,Ciudad de Mexico,BMW,F750GS,Naked,1000,Amarillo,2024,14639.2,41676.44,0,41676.44,Credito 24 meses,CDMX Reforma,Vendedor Lopez,Deportivo,Maletas,Vendida,4.0,2025,5
1380,Silvia,Lopez,41.0,Femenino,Queretaro,Royal Enfield,Thunderbird 350,Naked,1250,Naranja,2024,11221.5,24484.46,5,23260.24,Credito 24 meses,Guadalajara,Vendedor Castillo,Transporte diario,Kit completo,Vendida,5.0,2024,4
1381,Elena,Ramirez,33.0,Femenino,Monterrey,Bajaj,Dominar 400,Naked,650,Naranja,2025,19472.1,24930.93,8,22936.46,Credito 24 meses,Tijuana,Vendedor Mendoza,Transporte diario,Kit completo,Vendida,4.0,2025,7
1382,Paula,Lopez,42.0,Femenino,Puebla,Kawasaki,KLX150,Scooter,390,Rojo,2024,24976.6,9930.97,8,9136.49,Credito 36 meses,Queretaro,Vendedora Reyes,Coleccion,Casco + Maletas,Vendida,2.0,2023,12
1383,Valentina,Vargas,26.0,Femenino,Ciudad de Mexico,Yamaha,MT-03,Naked,390,Rojo,2025,21383.0,13142.95,5,12485.8,Credito 24 meses,Guadalajara,Vendedor Ortiz,Deportivo,Solo Casco,Vendida,1.0,2024,12
1384,Silvia,Diaz,49.0,Femenino,Ciudad de Mexico,Suzuki,Gixxer 250,Naked,400,Verde,2025,14229.9,11703.09,0,11703.09,Credito 36 meses,Cancun,Vendedor Mendoza,Coleccion,Protecciones,Devuelta,3.0,2024,6
1385,Antonio,Gonzalez,33.0,Masculino,Leon,KTM,690 Duke,Trail,1250,Naranja,2025,11273.5,38614.25,2,37841.96,Contado,CDMX Sur,Vendedora Torres,Deportivo,Kit completo,Vendida,5.0,2022,7
1386,Carlos,Lopez,21.0,Masculino,Ciudad de Mexico,BMW,C400X,Scooter,250,Rojo,2021,14987.3,5145.61,0,5145.61,Contado,Monterrey Norte,Vendedora Torres,Turismo,Kit completo,Vendida,2.0,2024,10
1387,Sergio,Ruiz,35.0,Masculino,Monterrey,Bajaj,Pulsar RS200,Trail,750,Gris,2022,16533.4,28168.63,0,28168.63,Leasing,Monterrey Sur,Vendedora Silva,Turismo,Casco + Guantes,Vendida,5.0,2024,1
1388,Antonio,Ortiz,42.0,Masculino,Hermosillo,Royal Enfield,Himalayan,Enduro,200,Naranja,2025,,8466.12,10,7619.51,Credito 24 meses,Queretaro,Vendedor Castillo,Deportivo,Protecciones,Vendida,4.0,2023,10
1389,Roberto,Gonzalez,31.0,Masculino,Puebla,Honda,XR150L,Touring,750,Azul,2020,0.0,33134.83,8,30484.04,Contado,Cancun,Vendedora Reyes,Trabajo de campo,Ninguno,Vendida,4.0,2025,8
1390,Eduardo,Gomez,,Masculino,Merida,BMW,C400X,Naked,750,Rojo,2018,21432.7,21613.75,5,20533.06,Contado,Leon,Vendedora Vargas,Deportivo,Protecciones,Devuelta,4.0,2022,8
1391,Sergio,Moreno,35.0,Masculino,Queretaro,Bajaj,Avenger 220,Trail,150,Rojo,2023,3823.4,6492.61,2,6362.76,Credito 24 meses,CDMX Reforma,Vendedor Castillo,Trabajo de campo,Kit completo,Vendida,5.0,2024,3
1392,Pedro,Rodriguez,44.0,Masculino,Cancun,KTM,Duke 390,Scooter,150,Amarillo,2023,2423.3,5359.43,2,5252.24,Credito 12 meses,Guadalajara,Vendedora Torres,Trabajo de campo,Kit completo,En garantia,4.0,2024,9
1393,Francisco,Flores,21.0,Masculino,Hermosillo,Bajaj,Pulsar NS200,Custom,750,Negro,2018,0.0,28926.35,0,28926.35,Leasing,CDMX Reforma,Vendedora Reyes,Deportivo,Solo Casco,Cancelada,5.0,2022,10
1394,Ana,Cruz,47.0,Femenino,Queretaro,Kawasaki,Versys 300,Enduro,1250,Rojo,2022,0.0,28704.89,0,28704.89,Credito 24 meses,Leon,Vendedor Ortiz,Transporte diario,Ninguno,Vendida,1.0,2023,10
1395,Isabel,Moreno,,Femenino,Hermosillo,Kawasaki,Versys 300,Deportiva,150,Amarillo,2025,1905.4,6438.17,0,6438.17,Contado,Tijuana,Vendedora Vargas,Transporte diario,Ninguno,Vendida,4.0,2024,2
1396,Pedro,Alvarez,60.0,Masculino,Guadalajara,KTM,Duke 200,Enduro,300,Verde,2022,0.0,8248.57,0,8248.57,Leasing,Monterrey Norte,Vendedora Vargas,Turismo,Maletas,Vendida,3.0,2023,8
1397,Miguel,Vargas,44.0,Masculino,Guadalajara,KTM,Adventure 390,Scooter,300,Rojo,2024,6221.9,7597.11,10,6837.4,Credito 36 meses,Leon,Vendedor Lopez,Transporte diario,Kit completo,Devuelta,3.0,2024,6
1398,Alberto,Moreno,20.0,Masculino,Puebla,Kawasaki,Ninja 300,Enduro,1250,Plateado,2019,24617.8,33012.53,0,33012.53,Credito 12 meses,Guadalajara,Vendedora Torres,Mixto,Maletas,Vendida,,2024,5
1399,Antonio,Rivera,23.0,Masculino,Merida,Bajaj,Avenger 220,Enduro,200,Naranja,2018,0.0,7742.77,8,7123.35,Credito 24 meses,Monterrey Norte,Vendedora Reyes,Coleccion,Maletas,En garantia,4.0,2024,9
1400,Jose,Castillo,31.0,Masculino,Tijuana,Bajaj,Dominar 400,Custom,200,Azul,2019,9553.4,6883.63,0,6883.63,Credito 12 meses,CDMX Reforma,Vendedora Vargas,Mensajeria,Ninguno,Vendida,3.0,2025,8
1401,Antonio,Reyes,48.0,Masculino,Monterrey,Honda,CBR300R,Trail,750,Naranja,2022,12578.4,33455.44,0,33455.44,Credito 36 meses,Monterrey Norte,Vendedora Reyes,Transporte diario,Maletas,Vendida,3.0,2024,4
1402,Carlos,Perez,41.0,Masculino,Ciudad de Mexico,Yamaha,Fazer 250,Trail,1250,Naranja,2022,1971.5,43260.76,5,41097.72,Credito 36 meses,Monterrey Sur,Vendedora Torres,Turismo,Maletas,En garantia,5.0,2023,4
1403,Monica,Vargas,35.0,Femenino,Guadalajara,KTM,690 Duke,Deportiva,125,Naranja,2024,0.0,3407.32,10,3066.59,Contado,CDMX Sur,Vendedora Reyes,Mixto,Protecciones,Vendida,5.0,2024,3
1404,Jose,Rivera,,Masculino,Queretaro,Honda,XR150L,Touring,250,Amarillo,2018,23799.3,8554.18,2,8383.1,Contado,Tijuana,Vendedor Mendoza,Mensajeria,Solo Casco,Vendida,5.0,2022,5
1405,Sergio,Diaz,45.0,Masculino,Cancun,Yamaha,R3,Trail,400,Naranja,2023,14414.5,15255.7,10,13730.13,Credito 36 meses,Guadalajara,Vendedor Ortiz,Deportivo,Solo Casco,Vendida,5.0,2025,7
1406,Silvia,Gutierrez,53.0,Femenino,Queretaro,Bajaj,Pulsar NS200,Deportiva,390,Blanco,2020,1841.8,9463.9,0,9463.9,Credito 24 meses,Leon,Vendedora Reyes,Transporte diario,Solo Casco,Vendida,2.0,2024,11
1407,Claudia,Gomez,54.0,Femenino,Tijuana,Bajaj,Pulsar NS200,Naked,390,Naranja,2024,0.0,16793.17,0,16793.17,Contado,Puebla,Vendedor Lopez,Deportivo,Protecciones,Vendida,5.0,2023,12
1408,Javier,Ortiz,19.0,Masculino,Guadalajara,BMW,G310R,Naked,750,Rojo,2018,14666.0,24536.63,0,24536.63,Credito 12 meses,Monterrey Norte,Vendedor Mendoza,Turismo,Solo Casco,Vendida,4.0,2024,6
1409,Eduardo,Castillo,40.0,Masculino,Hermosillo,BMW,S1000R,Touring,200,Azul,2025,14210.6,7318.22,10,6586.4,Contado,Cancun,Vendedor Mendoza,Trabajo de campo,Casco + Guantes,En garantia,4.0,2024,2
1410,Eduardo,Silva,25.0,Masculino,Queretaro,Bajaj,Pulsar NS200,Custom,200,Verde,2023,23688.1,8260.42,2,8095.21,Credito 24 meses,CDMX Sur,Vendedor Mendoza,Transporte diario,Kit completo,En garantia,5.0,2023,2
1411,Monica,Hernandez,31.0,Femenino,Merida,BMW,S1000R,Enduro,390,Naranja,2019,15765.5,9390.61,0,9390.61,Credito 24 meses,Puebla,Vendedora Silva,Turismo,Casco + Maletas,Vendida,4.0,2025,12
1412,Gabriela,Morales,29.0,Femenino,Hermosillo,Bajaj,Avenger 220,Scooter,200,Rojo,2023,0.0,8281.56,5,7867.48,Credito 24 meses,Queretaro,Vendedor Ortiz,Transporte diario,Solo Casco,Vendida,,2024,11
1413,Carmen,Cruz,56.0,Femenino,Ciudad de Mexico,Bajaj,Pulsar RS200,Trail,300,Naranja,2025,0.0,9788.26,0,9788.26,Credito 36 meses,Monterrey Norte,Vendedor Mendoza,Deportivo,Kit completo,Vendida,5.0,2025,6
1414,Fernando,Sanchez,,Masculino,Guadalajara,KTM,Duke 200,Scooter,150,Amarillo,2018,0.0,4216.56,0,4216.56,Contado,Puebla,Vendedor Ortiz,Transporte diario,Kit completo,Vendida,4.0,2023,5
1415,Silvia,Ortiz,21.0,Femenino,Leon,Honda,XR150L,Touring,200,Amarillo,2019,0.0,4567.91,0,4567.91,Leasing,CDMX Sur,Vendedor Lopez,Mensajeria,Ninguno,Vendida,4.0,2023,3
1416,Daniela,Cruz,,Femenino,Guadalajara,Kawasaki,Ninja 300,Enduro,1000,Negro,2025,7982.9,39914.56,8,36721.4,Leasing,Cancun,Vendedor Ortiz,Trabajo de campo,Protecciones,Vendida,4.0,2024,1
1417,Camila,Flores,34.0,Femenino,Hermosillo,Kawasaki,W175,Scooter,390,Gris,2021,0.0,11109.25,0,11109.25,Leasing,Leon,Vendedor Ortiz,Coleccion,Casco + Guantes,En garantia,,2024,3
1418,Andrea,Martinez,,Femenino,Merida,Honda,CBR300R,Touring,250,Azul,2025,20032.2,11208.29,8,10311.62,Contado,Monterrey Sur,Vendedor Mendoza,Deportivo,Casco + Guantes,Vendida,3.0,2023,7
1419,Fernanda,Morales,46.0,Femenino,Puebla,Royal Enfield,Classic 350,Trail,250,Blanco,2020,,5780.16,10,5202.15,Credito 12 meses,Cancun,Vendedor Ortiz,Turismo,Kit completo,Vendida,2.0,2025,12
1420,Pedro,Cruz,47.0,Masculino,Tijuana,Suzuki,V-Strom 650,Enduro,250,Blanco,2024,22394.2,9650.83,10,8685.75,Credito 24 meses,Guadalajara,Vendedora Reyes,Trabajo de campo,Solo Casco,Devuelta,5.0,2023,6
1421,Francisco,Hernandez,44.0,Masculino,Queretaro,KTM,Duke 390,Custom,125,Rojo,2020,0.0,2711.23,8,2494.33,Contado,Queretaro,Vendedora Silva,Deportivo,Casco + Maletas,Vendida,5.0,2024,2
1422,Diego,Reyes,57.0,Masculino,Ciudad de Mexico,BMW,S1000R,Enduro,200,Rojo,2025,15116.2,4747.06,0,4747.06,Credito 36 meses,Puebla,Vendedora Vargas,Mixto,Casco + Guantes,En garantia,5.0,2023,1
1423,Sofia,Chavez,35.0,Femenino,Guadalajara,KTM,Duke 390,Naked,400,Plateado,2023,17243.2,7821.85,2,7665.42,Credito 12 meses,Monterrey Sur,Vendedor Lopez,Transporte diario,Protecciones,En garantia,3.0,2022,12
1424,Valentina,Lopez,24.0,Femenino,Ciudad de Mexico,Kawasaki,Z400,Scooter,1000,Amarillo,2024,18117.7,22177.59,10,19959.83,Credito 36 meses,Leon,Vendedora Silva,Deportivo,Casco + Guantes,Vendida,5.0,2024,3
1425,Claudia,Romero,46.0,Femenino,Cancun,Honda,PCX150,Deportiva,400,Azul,2025,0.0,17228.66,8,15850.37,Leasing,Puebla,Vendedor Lopez,Deportivo,Ninguno,En garantia,4.0,2023,12
1426,Alejandro,Alvarez,41.0,Masculino,Monterrey,KTM,Duke 390,Custom,750,Amarillo,2020,2120.4,23694.32,0,23694.32,Credito 24 meses,Monterrey Norte,Vendedor Mendoza,Trabajo de campo,Kit completo,Vendida,5.0,2024,4
1427,Javier,Ortiz,44.0,Masculino,Monterrey,Royal Enfield,Himalayan,Trail,650,Naranja,2024,0.0,14630.93,2,14338.31,Credito 12 meses,Monterrey Norte,Vendedor Lopez,Deportivo,Protecciones,En garantia,2.0,2023,8
1428,Lucia,Cruz,56.0,Femenino,Queretaro,KTM,Adventure 390,Touring,300,Amarillo,2019,0.0,13061.5,8,12016.58,Leasing,CDMX Reforma,Vendedora Torres,Coleccion,Solo Casco,Vendida,1.0,2025,7
1429,Silvia,Jimenez,57.0,Femenino,Hermosillo,BMW,C400X,Touring,150,Verde,2024,0.0,3743.63,8,3444.14,Contado,CDMX Sur,Vendedora Silva,Deportivo,Casco + Maletas,Vendida,4.0,2022,5
1430,Fernanda,Hernandez,55.0,Femenino,Ciudad de Mexico,BMW,F750GS,Custom,200,Plateado,2022,2535.7,4311.66,0,4311.66,Leasing,Tijuana,Vendedora Torres,Mensajeria,Casco + Maletas,Cancelada,5.0,2023,7
1431,Alejandro,Cruz,55.0,Masculino,Tijuana,BMW,C400X,Custom,390,Blanco,2018,4561.3,9420.61,0,9420.61,Credito 12 meses,CDMX Reforma,Vendedor Castillo,Trabajo de campo,Kit completo,En garantia,4.0,2023,10
1432,Pedro,Reyes,37.0,Masculino,Merida,KTM,Adventure 390,Enduro,1250,Blanco,2025,0.0,38061.96,5,36158.86,Credito 12 meses,CDMX Reforma,Vendedora Reyes,Coleccion,Protecciones,Vendida,4.0,2024,7
1433,Ana,Jimenez,24.0,Femenino,Puebla,KTM,690 Duke,Custom,300,Gris,2018,1925.9,5945.88,5,5648.59,Leasing,Puebla,Vendedor Ortiz,Turismo,Ninguno,Vendida,3.0,2023,3
1434,Camila,Romero,26.0,Femenino,Tijuana,Honda,Africa Twin,Naked,390,Plateado,2025,14184.2,12446.26,8,11450.55,Credito 12 meses,Monterrey Norte,Vendedora Reyes,Deportivo,Solo Casco,Devuelta,4.0,2023,10
1435,Carmen,Gomez,42.0,Femenino,Ciudad de Mexico,Honda,CB500F,Deportiva,125,Negro,2024,0.0,4187.01,0,4187.01,Credito 36 meses,Puebla,Vendedora Vargas,Turismo,Protecciones,Vendida,2.0,2024,7
1436,Claudia,Rivera,32.0,Femenino,Cancun,Bajaj,Dominar 400,Touring,390,Negro,2024,18790.2,12277.23,5,11663.37,Credito 12 meses,CDMX Sur,Vendedora Reyes,Trabajo de campo,Kit completo,Vendida,1.0,2024,3
1437,Juan,Torres,36.0,Masculino,Monterrey,Honda,PCX150,Touring,650,Negro,2024,21395.9,19534.51,5,18557.78,Credito 36 meses,Queretaro,Vendedora Vargas,Turismo,Kit completo,Vendida,5.0,2025,1
1438,Jose,Romero,27.0,Masculino,Puebla,Suzuki,V-Strom 650,Naked,300,Plateado,2025,123.5,7506.1,10,6755.49,Credito 36 meses,Tijuana,Vendedor Ortiz,Transporte diario,Maletas,Vendida,4.0,2023,2
1439,Alejandro,Chavez,28.0,Masculino,Queretaro,Royal Enfield,Meteor 350,Trail,1250,Gris,2021,1139.5,24643.9,0,24643.9,Credito 12 meses,CDMX Reforma,Vendedor Ortiz,Transporte diario,Solo Casco,En garantia,2.0,2025,11
1440,Alejandro,Ramirez,57.0,Masculino,Guadalajara,Honda,CB500F,Naked,750,Gris,2018,19421.5,28401.66,0,28401.66,Leasing,Monterrey Norte,Vendedor Ortiz,Mensajeria,Casco + Guantes,En garantia,5.0,2024,2
1441,Rosa,Rivera,46.0,Femenino,Tijuana,Royal Enfield,Thunderbird 350,Enduro,200,Gris,2020,2737.9,8139.78,0,8139.78,Leasing,Monterrey Norte,Vendedor Castillo,Turismo,Casco + Guantes,Vendida,4.0,2024,5
1442,Lucia,Ramos,50.0,Femenino,Puebla,KTM,Adventure 390,Enduro,1250,Gris,2018,,39109.83,5,37154.33,Contado,Puebla,Vendedor Lopez,Deportivo,Protecciones,En garantia,3.0,2025,3
1443,Maria,Rivera,49.0,Femenino,Merida,Suzuki,GN125,Enduro,300,Blanco,2018,24236.2,7589.15,8,6982.01,Credito 24 meses,Tijuana,Vendedor Castillo,Coleccion,Casco + Maletas,Devuelta,5.0,2023,8
1444,Sergio,Gutierrez,49.0,Masculino,Tijuana,Kawasaki,Versys 300,Scooter,200,Verde,2025,11779.1,3820.69,0,3820.69,Leasing,Puebla,Vendedora Torres,Mensajeria,Kit completo,En garantia,4.0,2025,2
1445,Diego,Reyes,26.0,Masculino,Ciudad de Mexico,Bajaj,Dominar 400,Trail,1000,Verde,2021,0.0,32112.38,0,32112.38,Leasing,Queretaro,Vendedor Castillo,Transporte diario,Maletas,Vendida,4.0,2025,5
1446,Patricia,Gutierrez,37.0,Femenino,Tijuana,Kawasaki,Z400,Custom,200,Gris,2018,9014.9,8843.8,2,8666.92,Credito 12 meses,Leon,Vendedor Ortiz,Mixto,Ninguno,Vendida,3.0,2024,8
1447,Claudia,Perez,51.0,Femenino,Guadalajara,Kawasaki,Ninja 300,Touring,500,Negro,2024,21085.6,11598.34,0,11598.34,Leasing,Monterrey Sur,Vendedora Reyes,Coleccion,Maletas,Vendida,5.0,2024,11
1448,Roberto,Alvarez,52.0,Masculino,Monterrey,Suzuki,Intruder 150,Scooter,390,Blanco,2022,13719.0,15672.53,5,14888.9,Credito 12 meses,Guadalajara,Vendedora Reyes,Mensajeria,Solo Casco,Devuelta,4.0,2024,11
1449,Andres,Sanchez,45.0,Masculino,Cancun,Yamaha,NMAX 155,Custom,750,Rojo,2018,22097.6,23677.38,5,22493.52,Contado,Queretaro,Vendedora Vargas,Mixto,Kit completo,Vendida,4.0,2025,1
1450,Ana,Romero,50.0,Femenino,Cancun,BMW,R1250GS,Scooter,500,Amarillo,2022,0.0,16842.49,8,15495.09,Credito 24 meses,Puebla,Vendedora Silva,Coleccion,Maletas,Vendida,5.0,2023,9
1451,Rafael,Morales,50.0,Masculino,Hermosillo,Honda,PCX150,Deportiva,1250,Plateado,2019,1620.0,29591.92,5,28112.32,Leasing,CDMX Sur,Vendedora Vargas,Coleccion,Maletas,En garantia,5.0,2024,5
1452,Patricia,Ruiz,22.0,Femenino,Ciudad de Mexico,Bajaj,Pulsar RS200,Deportiva,650,Amarillo,2025,13128.1,16325.73,5,15509.45,Credito 36 meses,Monterrey Sur,Vendedor Mendoza,Deportivo,Maletas,Vendida,4.0,2024,1
1453,Carmen,Martinez,37.0,Femenino,Merida,Suzuki,Gixxer 250,Trail,1000,Plateado,2018,8343.5,39231.48,5,37269.91,Contado,Guadalajara,Vendedor Ortiz,Mixto,Protecciones,Vendida,2.0,2023,1
1454,Diego,Chavez,58.0,Masculino,Monterrey,Suzuki,Gixxer 250,Trail,1000,Negro,2024,19010.6,40343.04,0,40343.04,Contado,Leon,Vendedor Mendoza,Deportivo,Ninguno,Vendida,4.0,2022,1
1455,Alberto,Castillo,42.0,Masculino,Merida,Suzuki,Intruder 150,Custom,650,Naranja,2021,0.0,22347.5,0,22347.5,Credito 24 meses,Cancun,Vendedora Reyes,Transporte diario,Solo Casco,Vendida,4.0,2024,10
1456,Ana,Ruiz,31.0,Femenino,Puebla,Bajaj,Avenger 220,Naked,390,Verde,2024,19573.5,11866.34,5,11273.03,Credito 24 meses,Leon,Vendedor Lopez,Mixto,Ninguno,Vendida,3.0,2023,4
1457,Elena,Rodriguez,47.0,Femenino,Leon,Yamaha,MT-03,Scooter,1000,Rojo,2019,8506.6,42267.54,0,42267.54,Credito 24 meses,Guadalajara,Vendedora Torres,Coleccion,Ninguno,Vendida,2.0,2024,6
1458,Diego,Martinez,60.0,Masculino,Queretaro,BMW,S1000R,Deportiva,300,Gris,2021,0.0,5762.17,0,5762.17,Credito 36 meses,Monterrey Norte,Vendedora Torres,Mixto,Solo Casco,Devuelta,5.0,2025,11
1459,Alejandro,Alvarez,50.0,Masculino,Merida,Honda,CBR300R,Enduro,400,Negro,2019,18751.3,12986.14,2,12726.42,Contado,Cancun,Vendedora Reyes,Mixto,Ninguno,Vendida,5.0,2023,7
1460,Monica,Ramirez,56.0,Femenino,Tijuana,Honda,CBR300R,Scooter,250,Gris,2022,12809.5,8811.96,0,8811.96,Contado,CDMX Reforma,Vendedor Ortiz,Mensajeria,Casco + Maletas,En garantia,5.0,2024,9
1461,Valentina,Reyes,51.0,Femenino,Puebla,Honda,CB190R,Trail,400,Negro,2023,18959.6,9553.64,0,9553.64,Credito 24 meses,Cancun,Vendedora Reyes,Turismo,Ninguno,En garantia,5.0,2022,8
1462,Eduardo,Alvarez,,Masculino,Guadalajara,Suzuki,Intruder 150,Touring,250,Plateado,2021,3417.6,5205.11,2,5101.01,Credito 24 meses,CDMX Sur,Vendedor Mendoza,Mixto,Solo Casco,Vendida,4.0,2024,12
1463,Pedro,Rivera,44.0,Masculino,Queretaro,BMW,G310R,Enduro,400,Azul,2023,0.0,16428.99,8,15114.67,Leasing,Queretaro,Vendedor Ortiz,Transporte diario,Ninguno,Vendida,4.0,2022,10
1464,Roberto,Ramos,29.0,Masculino,Hermosillo,BMW,R1250GS,Touring,500,Plateado,2020,8634.4,18571.76,2,18200.32,Credito 24 meses,Monterrey Sur,Vendedora Reyes,Turismo,Protecciones,Vendida,3.0,2024,11
1465,Javier,Vargas,42.0,Masculino,Guadalajara,Yamaha,NMAX 155,Scooter,125,Plateado,2020,0.0,3386.26,0,3386.26,Contado,CDMX Sur,Vendedora Torres,Deportivo,Casco + Maletas,Vendida,5.0,2025,10
1466,Sofia,Morales,60.0,Femenino,Cancun,Royal Enfield,Thunderbird 350,Touring,1250,Rojo,2022,5084.9,52515.87,8,48314.6,Credito 12 meses,Cancun,Vendedor Mendoza,Coleccion,Ninguno,Vendida,3.0,2024,3
1467,Elena,Ortiz,52.0,Femenino,Hermosillo,Kawasaki,Ninja 300,Scooter,200,Blanco,2023,18727.5,5893.66,10,5304.3,Contado,Tijuana,Vendedora Silva,Trabajo de campo,Ninguno,En garantia,5.0,2024,7
1468,Andrea,Lopez,54.0,Femenino,Leon,Yamaha,Fazer 250,Custom,1250,Naranja,2024,1949.0,35242.44,2,34537.6,Credito 12 meses,CDMX Sur,Vendedor Mendoza,Mixto,Casco + Guantes,En garantia,4.0,2024,4
1469,Jose,Perez,44.0,Masculino,Cancun,Suzuki,GSX-R150,Scooter,300,Plateado,2018,0.0,10371.12,5,9852.56,Credito 12 meses,Queretaro,Vendedora Reyes,Turismo,Maletas,Vendida,3.0,2024,11
1470,Miguel,Gomez,25.0,Masculino,Guadalajara,Royal Enfield,Thunderbird 350,Touring,750,Gris,2022,0.0,14961.38,0,14961.38,Contado,Cancun,Vendedor Mendoza,Deportivo,Solo Casco,Vendida,5.0,2024,11
1471,Laura,Romero,46.0,Femenino,Tijuana,Royal Enfield,Himalayan,Trail,400,Rojo,2022,0.0,17006.03,2,16665.91,Contado,Tijuana,Vendedor Ortiz,Deportivo,Ninguno,Vendida,5.0,2024,8
1472,Ricardo,Mendoza,25.0,Masculino,Hermosillo,Kawasaki,Ninja 300,Custom,750,Verde,2023,16071.1,25337.27,10,22803.54,Credito 24 meses,Cancun,Vendedor Mendoza,Mensajeria,Solo Casco,Vendida,4.0,2025,10
1473,Andrea,Ruiz,48.0,Femenino,Merida,Bajaj,Dominar 400,Touring,150,Rojo,2018,0.0,3909.45,0,3909.45,Credito 12 meses,Puebla,Vendedora Vargas,Transporte diario,Protecciones,Vendida,5.0,2023,9
1474,Manuel,Ortiz,56.0,Masculino,Monterrey,BMW,S1000R,Touring,650,Amarillo,2020,13398.6,18708.24,0,18708.24,Credito 12 meses,CDMX Reforma,Vendedora Torres,Turismo,Kit completo,Vendida,4.0,2025,2
1475,Camila,Martinez,32.0,Femenino,Guadalajara,Yamaha,R3,Touring,1000,Amarillo,2021,0.0,31019.45,5,29468.47,Leasing,Tijuana,Vendedora Reyes,Coleccion,Casco + Maletas,Vendida,5.0,2024,3
1476,Lucia,Cruz,51.0,Femenino,Cancun,Yamaha,MT-03,Custom,1250,Naranja,2023,0.0,22772.61,0,22772.61,Credito 36 meses,Monterrey Sur,Vendedora Silva,Transporte diario,Protecciones,Vendida,4.0,2023,2
1477,Claudia,Perez,33.0,Femenino,Hermosillo,Honda,CB190R,Deportiva,150,Verde,2025,2144.4,5628.5,5,5347.08,Contado,Monterrey Sur,Vendedor Castillo,Deportivo,Ninguno,Devuelta,3.0,2024,6
1478,Monica,Gutierrez,48.0,Femenino,Cancun,Bajaj,Pulsar RS200,Deportiva,1000,Rojo,2018,13712.6,20804.89,10,18724.4,Leasing,Queretaro,Vendedora Vargas,Trabajo de campo,Kit completo,En garantia,5.0,2024,12
1479,Alejandro,Diaz,23.0,Masculino,Hermosillo,Royal Enfield,Meteor 350,Custom,400,Azul,2018,0.0,14137.0,8,13006.04,Credito 12 meses,Monterrey Sur,Vendedora Vargas,Turismo,Solo Casco,Vendida,4.0,2022,11
1480,Juan,Flores,46.0,Masculino,Leon,Bajaj,Pulsar NS200,Custom,125,Rojo,2020,10793.4,2873.32,0,2873.32,Credito 24 meses,Guadalajara,Vendedor Mendoza,Turismo,Protecciones,Vendida,3.0,2022,11
1481,Miguel,Martinez,37.0,Masculino,Queretaro,BMW,F750GS,Touring,125,Blanco,2018,0.0,3612.54,2,3540.29,Contado,Monterrey Sur,Vendedor Ortiz,Trabajo de campo,Solo Casco,Vendida,4.0,2024,11
1482,Diego,Flores,57.0,Masculino,Puebla,Suzuki,GSX-R150,Trail,200,Blanco,2018,0.0,8205.56,0,8205.56,Credito 12 meses,Guadalajara,Vendedor Lopez,Turismo,Ninguno,Vendida,3.0,2024,2
1483,Juan,Perez,,Masculino,Queretaro,Yamaha,XTZ 250,Enduro,1250,Gris,2019,0.0,43220.79,0,43220.79,Credito 12 meses,CDMX Reforma,Vendedora Torres,Deportivo,Solo Casco,Vendida,1.0,2024,8
1484,Fernando,Jimenez,24.0,Masculino,Hermosillo,Suzuki,GN125,Touring,400,Verde,2021,0.0,17517.85,0,17517.85,Credito 36 meses,CDMX Sur,Vendedora Vargas,Deportivo,Solo Casco,Vendida,5.0,2023,4
1485,Patricia,Ortiz,51.0,Femenino,Merida,Bajaj,Dominar 400,Scooter,300,Naranja,2018,0.0,10336.24,2,10129.51,Credito 12 meses,CDMX Sur,Vendedor Mendoza,Mensajeria,Casco + Guantes,Cancelada,5.0,2025,11
1486,Elena,Ortiz,27.0,Femenino,Merida,Bajaj,Avenger 220,Custom,1000,Verde,2021,0.0,36090.57,8,33203.32,Credito 12 meses,Cancun,Vendedora Reyes,Mixto,Solo Casco,Vendida,5.0,2025,11
1487,Camila,Ruiz,53.0,Femenino,Guadalajara,Yamaha,R3,Touring,1250,Amarillo,2024,8312.9,28492.77,2,27922.92,Credito 36 meses,Guadalajara,Vendedora Vargas,Mixto,Solo Casco,Vendida,3.0,2024,6
1488,Eduardo,Gomez,58.0,Masculino,Hermosillo,Bajaj,Avenger 220,Custom,300,Verde,2023,0.0,6252.33,2,6127.29,Credito 12 meses,CDMX Sur,Vendedora Reyes,Mixto,Kit completo,Vendida,5.0,2024,8
1489,Fernanda,Ramos,57.0,Femenino,Hermosillo,KTM,Duke 390,Enduro,390,Verde,2024,0.0,9214.22,5,8753.51,Credito 12 meses,Guadalajara,Vendedor Castillo,Deportivo,Protecciones,Vendida,2.0,2024,2
1490,Paula,Castillo,36.0,Femenino,Tijuana,Suzuki,V-Strom 650,Naked,150,Plateado,2020,21585.3,4071.96,0,4071.96,Credito 12 meses,Puebla,Vendedor Castillo,Deportivo,Protecciones,Cancelada,2.0,2023,4
1491,Fernanda,Jimenez,60.0,Femenino,Merida,KTM,690 Duke,Naked,1250,Gris,2018,2531.7,36984.35,8,34025.6,Leasing,Leon,Vendedora Silva,Coleccion,Maletas,Vendida,5.0,2024,10
1492,Javier,Mendoza,24.0,Masculino,Merida,Yamaha,R3,Custom,250,Azul,2019,0.0,9048.22,5,8595.81,Credito 36 meses,Monterrey Sur,Vendedor Lopez,Deportivo,Casco + Guantes,Vendida,3.0,2025,5
1493,Lucia,Hernandez,41.0,Femenino,Queretaro,Royal Enfield,Classic 350,Enduro,400,Naranja,2020,19331.7,7836.45,8,7209.54,Credito 36 meses,Tijuana,Vendedor Lopez,Coleccion,Solo Casco,Vendida,3.0,2024,7
1494,Sofia,Torres,50.0,Femenino,Cancun,Kawasaki,Ninja 300,Scooter,200,Blanco,2024,14803.8,8887.75,0,8887.75,Credito 24 meses,CDMX Sur,Vendedor Mendoza,Mensajeria,Maletas,Cancelada,5.0,2022,3
1495,Ricardo,Jimenez,21.0,Masculino,Hermosillo,BMW,S1000R,Trail,400,Gris,2021,11500.2,9415.24,10,8473.72,Contado,CDMX Reforma,Vendedor Ortiz,Mixto,Maletas,Devuelta,5.0,2025,10
1496,Claudia,Martinez,54.0,Femenino,Hermosillo,Yamaha,XTZ 250,Scooter,150,Amarillo,2024,14178.9,3435.16,2,3366.46,Contado,Queretaro,Vendedora Silva,Deportivo,Kit completo,Vendida,5.0,2025,7
1497,Eduardo,Garcia,28.0,Masculino,Guadalajara,Yamaha,FZ25,Scooter,150,Azul,2020,19333.9,6571.53,0,6571.53,Leasing,Cancun,Vendedor Castillo,Mensajeria,Maletas,Vendida,3.0,2025,2
1498,Luis,Alvarez,56.0,Masculino,Cancun,Kawasaki,Z400,Custom,250,Azul,2021,16647.1,6337.18,0,6337.18,Credito 24 meses,Tijuana,Vendedora Torres,Turismo,Casco + Guantes,Cancelada,3.0,2023,11
1499,Laura,Ramirez,46.0,Femenino,Merida,Honda,CB190R,Deportiva,400,Negro,2018,0.0,12531.14,0,12531.14,Credito 36 meses,Monterrey Norte,Vendedor Castillo,Coleccion,Protecciones,Devuelta,3.0,2022,1
1500,Juan,Gutierrez,38.0,Masculino,Tijuana,Honda,XR150L,Trail,1000,Naranja,2018,0.0,42271.88,0,42271.88,Contado,Queretaro,Vendedor Lopez,Mensajeria,Casco + Guantes,Vendida,5.0,2023,5
1374,Alejandro,Chavez,56.0,Masculino,Ciudad de Mexico,Honda,CBR300R,Scooter,500,Gris,2025,0.0,19458.59,0,19458.59,Contado,Leon,Vendedor Lopez,Deportivo,Casco + Guantes,Vendida,4.0,2025,5
453,Rafael,Ruiz,62.0,Masculino,Merida,Honda,CB190R,Deportiva,390,Negro,2020,0.0,16295.94,0,16295.94,Credito 24 meses,Queretaro,Vendedora Torres,Coleccion,Solo Casco,Vendida,5.0,2025,3
124,Fernanda,Rivera,18.0,Femenino,Guadalajara,Royal Enfield,Classic 350,Enduro,250,Negro,2019,13204.3,9092.31,5,8637.69,Contado,Tijuana,Vendedora Silva,Coleccion,Maletas,Vendida,4.0,2023,8
402,Maria,Lopez,55.0,Femenino,Queretaro,Yamaha,FZ25,Enduro,750,Verde,2020,731.5,17659.37,0,17659.37,Credito 24 meses,Guadalajara,Vendedora Silva,Coleccion,Maletas,Vendida,5.0,2022,7
1130,Camila,Perez,32.0,Femenino,Tijuana,Suzuki,V-Strom 650,Touring,390,Gris,2023,1822.0,7104.77,0,7104.77,Credito 12 meses,Queretaro,Vendedor Mendoza,Turismo,Casco + Guantes,Vendida,5.0,2022,10
328,Claudia,Garcia,42.0,Femenino,Cancun,Royal Enfield,Thunderbird 350,Custom,200,Negro,2022,39.5,8371.78,0,8371.78,Credito 12 meses,Cancun,Vendedor Ortiz,Trabajo de campo,Casco + Guantes,Vendida,5.0,2024,11
296,Fernanda,Ruiz,30.0,Femenino,Monterrey,KTM,Duke 200,Naked,150,Negro,2018,3244.4,4818.96,0,4818.96,Credito 36 meses,CDMX Reforma,Vendedora Torres,Transporte diario,Maletas,Vendida,4.0,2022,7
16,Ricardo,Reyes,62.0,Masculino,Leon,Yamaha,Fazer 250,Touring,250,Azul,2019,14591.8,8407.7,0,8407.7,Credito 24 meses,CDMX Reforma,Vendedor Castillo,Trabajo de campo,Solo Casco,Vendida,5.0,2022,7
1000,Luis,Martinez,26.0,Masculino,Tijuana,Kawasaki,KLX150,Enduro,390,Rojo,2018,0.0,15692.09,10,14122.88,Leasing,CDMX Sur,Vendedora Torres,Turismo,Protecciones,Vendida,5.0,2025,5
801,Ricardo,Flores,54.0,Masculino,Merida,Yamaha,MT-03,Touring,150,Naranja,2024,3644.1,3066.7,5,2913.36,Credito 12 meses,Queretaro,Vendedora Torres,Mixto,Protecciones,En garantia,4.0,2022,11
110,Valentina,Gomez,35.0,Femenino,Monterrey,Honda,CB190R,Enduro,400,Plateado,2023,9148.4,8646.5,0,8646.5,Credito 12 meses,Puebla,Vendedor Castillo,Transporte diario,Ninguno,Vendida,3.0,2023,1
1102,Gabriela,Vargas,54.0,Femenino,Tijuana,Bajaj,Avenger 220,Scooter,150,Gris,2018,24311.1,4042.2,8,3718.82,Contado,Monterrey Sur,Vendedor Lopez,Mensajeria,Ninguno,Vendida,4.0,2024,12
1222,Monica,Cruz,37.0,Femenino,Puebla,Bajaj,Pulsar RS200,Touring,750,Plateado,2019,0.0,31115.02,5,29559.27,Leasing,Cancun,Vendedor Mendoza,Turismo,Kit completo,Vendida,2.0,2023,7
814,Isabel,Silva,53.0,Femenino,Cancun,Kawasaki,W175,Trail,250,Negro,2023,0.0,9859.86,0,9859.86,Leasing,Monterrey Sur,Vendedora Vargas,Coleccion,Maletas,Vendida,2.0,2023,6
1196,Pedro,Silva,51.0,Masculino,Queretaro,Suzuki,V-Strom 650,Custom,125,Plateado,2025,18055.3,5223.65,0,5223.65,Credito 36 meses,Monterrey Sur,Vendedora Reyes,Mensajeria,Protecciones,Devuelta,4.0,2024,2
